Unity Editor version:    6000.2.6f2 (4a4dcaec6541)
Branch:                  6000.2/respin/6000.2.6f2-cc51a95c03
Build type:              Release
Batch mode:              YES
macOS version:           Version 14.1 (Build 23B2073)
Darwin version:          23.1.0
Architecture:            arm64
Running under Rosetta:   NO
Available memory:        36864 MB
Date:                    2026-02-09T03:19:11Z
[Licensing::Module] Trying to connect to existing licensing client channel...
[Licensing::IpcConnector] Successfully connected to: "LicenseClient-jiooqAcu6Nz-74HJ4C5nv" at "2026-02-09T03:19:11.409547Z"

COMMAND LINE ARGUMENTS:
/Applications/Unity/Hub/Editor/6000.2.6f2/Unity.app/Contents/MacOS/Unity
-adb2
-batchMode
-noUpm
-name
AssetImportWorker11
-projectPath
/Users/tuan/Documents/Game/Idle Merchant Guild/Idle Merchant Guild
-logFile
Logs/AssetImportWorker11.log
-srvPort
59015
-licensingIpc
LicenseClient-jiooqAcu6Nz-74HJ4C5nv
-job-worker-count
5
-background-job-worker-count
8
-gc-helper-count
1
-name AssetImport
Successfully changed project path to: /Users/tuan/Documents/Game/Idle Merchant Guild/Idle Merchant Guild
/Users/tuan/Documents/Game/Idle Merchant Guild/Idle Merchant Guild
[UnityMemory] Configuration Parameters - Can be set up in boot.config
    "memorysetup-allocator-temp-initial-block-size-main=262144"
    "memorysetup-allocator-temp-initial-block-size-worker=262144"
    "memorysetup-bucket-allocator-granularity=16"
    "memorysetup-bucket-allocator-bucket-count=8"
    "memorysetup-bucket-allocator-block-size=33554432"
    "memorysetup-bucket-allocator-block-count=8"
    "memorysetup-main-allocator-block-size=16777216"
    "memorysetup-thread-allocator-block-size=16777216"
    "memorysetup-gfx-main-allocator-block-size=16777216"
    "memorysetup-gfx-thread-allocator-block-size=16777216"
    "memorysetup-cache-allocator-block-size=4194304"
    "memorysetup-typetree-allocator-block-size=2097152"
    "memorysetup-profiler-bucket-allocator-granularity=16"
    "memorysetup-profiler-bucket-allocator-bucket-count=8"
    "memorysetup-profiler-bucket-allocator-block-size=33554432"
    "memorysetup-profiler-bucket-allocator-block-count=8"
    "memorysetup-profiler-allocator-block-size=16777216"
    "memorysetup-profiler-editor-allocator-block-size=1048576"
    "memorysetup-temp-allocator-size-main=16777216"
    "memorysetup-job-temp-allocator-block-size=2097152"
    "memorysetup-job-temp-allocator-block-size-background=1048576"
    "memorysetup-job-temp-allocator-reduction-small-platforms=262144"
    "memorysetup-temp-allocator-size-background-worker=32768"
    "memorysetup-temp-allocator-size-job-worker=262144"
    "memorysetup-temp-allocator-size-preload-manager=33554432"
    "memorysetup-temp-allocator-size-nav-mesh-worker=65536"
    "memorysetup-temp-allocator-size-audio-worker=65536"
    "memorysetup-temp-allocator-size-cloud-worker=32768"
    "memorysetup-temp-allocator-size-gi-baking-worker=262144"
    "memorysetup-temp-allocator-size-gi-baking-worker=262144"
    "memorysetup-temp-allocator-size-gi-baking-worker=262144"
    "memorysetup-temp-allocator-size-gi-baking-worker=262144"
    "memorysetup-temp-allocator-size-gi-baking-worker=262144"
    "memorysetup-temp-allocator-size-gfx=262144"
Player connection [7957159616]  Target information:

Player connection [7957159616]  * "[IP] 192.168.1.174 [Port] 0 [Flags] 2 [Guid] 1832294071 [EditorId] 1832294071 [Version] 1048832 [Id] OSXEditor(0,tuan-macbookpro.internal.alliancesoftware.com.au) [Debug] 1 [PackageName] OSXEditor [ProjectName] Editor" 

Player connection [7957159616]  * "[IP] 172.16.128.83 [Port] 0 [Flags] 2 [Guid] 1832294071 [EditorId] 1832294071 [Version] 1048832 [Id] OSXEditor(0,tuan-macbookpro.internal.alliancesoftware.com.au) [Debug] 1 [PackageName] OSXEditor [ProjectName] Editor" 

Player connection [7957159616] Host joined multi-casting on [225.0.0.222:54997]...
Player connection [7957159616] Host joined alternative multi-casting on [225.0.0.222:34997]...
JobSystem: Creating JobQueue using job-worker-count value 5
Input System module state changed to: Initialized.
[Physics::Module] Initialized fallback backend.
[Physics::Module] Id: 0xdecafbad
Library Redirect Path: Library/
[Physics::Module] Selected backend.
[Physics::Module] Name: PhysX
[Physics::Module] Id: 0xf2b8ea05
[Physics::Module] SDK Version: 4.1.2
[Physics::Module] Integration Version: 1.0.0
[Physics::Module] Threading Mode: Multi-Threaded
Refreshing native plugins compatible for Editor in 6.15 ms, found 3 plugins.
Preloading 0 native plugins for Editor in 0.00 ms.
Initialize engine version: 6000.2.6f2 (4a4dcaec6541)
[Subsystems] Discovering subsystems at path /Applications/Unity/Hub/Editor/6000.2.6f2/Unity.app/Contents/Resources/UnitySubsystems
[Subsystems] Discovering subsystems at path /Users/tuan/Documents/Game/Idle Merchant Guild/Idle Merchant Guild/Assets
GfxDevice: creating device client; kGfxThreadingModeNonThreaded
 preferred device: Apple M3 Pro (high power)
Metal devices available: 1
0: Apple M3 Pro (high power)
Using device Apple M3 Pro (high power)
Initializing Metal device caps: Apple M3 Pro
Mac GPU Family: 2
Apple GPU Family: 9
MSL Version: 3.0
Has Float MSAA: 1
Has Float Filtering: 1
ReadWrite Texture Tier: 2
Initialize mono
Mono path[0] = '/Applications/Unity/Hub/Editor/6000.2.6f2/Unity.app/Contents/Managed'
Mono path[1] = '/Applications/Unity/Hub/Editor/6000.2.6f2/Unity.app/Contents/MonoBleedingEdge/lib/mono/unityjit-macos'
Mono config path = '/Applications/Unity/Hub/Editor/6000.2.6f2/Unity.app/Contents/MonoBleedingEdge/etc'
Using monoOptions --debugger-agent=transport=dt_socket,embedding=1,server=y,suspend=n,address=127.0.0.1:56963
Begin MonoManager ReloadAssembly
[Licensing::Client] Code 10 while verifying Licensing Client signature (process Id: 3674, path: "/Applications/Unity Hub.app/Contents/Frameworks/UnityLicensingClient_V1.app/Contents/MacOS/Unity.Licensing.Client")
[Licensing::Module] LicensingClient has failed validation; ignoring
[Licensing::Client] Handshaking with LicensingClient:
  Version:                 1.17.4+4293ba1
  Session Id:              6411dbfeed5c4511bf24b6347705bc6c
  Correlation Id:          39a4a07bf70fb1c08317681dee785bef
  External correlation Id: 8947798531559901284
  Machine Id:              r03sfJLGi3ZcU2lmeRaNq5BVOsU=
[Licensing::Module] Successfully connected to LicensingClient on channel: "LicenseClient-jiooqAcu6Nz-74HJ4C5nv" (connect: 0.00s, validation: 0.01s, handshake: 0.42s)
[Licensing::IpcConnector] Successfully connected to: "LicenseClient-jiooqAcu6Nz-74HJ4C5nv-notifications" at "2026-02-09T03:19:11.841103Z"
[Licensing::Module] Licensing Background thread has ended after 0.43s
Registering precompiled unity dll's ...
Register platform support module: /Applications/Unity/Hub/Editor/6000.2.6f2/Unity.app/Contents/PlaybackEngines/MacStandaloneSupport/UnityEditor.OSXStandalone.Extensions.dll
Register platform support module: /Applications/Unity/Hub/Editor/6000.2.6f2/PlaybackEngines/WindowsStandaloneSupport/UnityEditor.WindowsStandalone.Extensions.dll
Registered in 0.001391 seconds.
- Loaded All Assemblies, in  0.295 seconds
Native extension for WindowsStandalone target not found
Native extension for OSXStandalone target not found
Mono: successfully reloaded assembly
- Finished resetting the current domain, in  0.202 seconds
Domain Reload Profiling: 497ms
	BeginReloadAssembly (103ms)
		ExecutionOrderSort (0ms)
		DisableScriptedObjects (0ms)
		BackupInstance (0ms)
		ReleaseScriptingObjects (0ms)
		CreateAndSetChildDomain (0ms)
	RebuildCommonClasses (27ms)
	RebuildNativeTypeToScriptingClass (9ms)
	initialDomainReloadingComplete (39ms)
	LoadAllAssembliesAndSetupDomain (117ms)
		LoadAssemblies (103ms)
		RebuildTransferFunctionScriptingTraits (0ms)
		AnalyzeDomain (114ms)
			TypeCache.Refresh (113ms)
				TypeCache.ScanAssembly (103ms)
			BuildScriptInfoCaches (0ms)
			ResolveRequiredComponents (0ms)
	FinalizeReload (202ms)
		ReleaseScriptCaches (0ms)
		RebuildScriptCaches (0ms)
		SetupLoadedEditorAssemblies (172ms)
			LogAssemblyErrors (0ms)
			InitializePlatformSupportModulesInManaged (28ms)
			SetLoadedEditorAssemblies (2ms)
			BeforeProcessingInitializeOnLoad (40ms)
			ProcessInitializeOnLoadAttributes (71ms)
			ProcessInitializeOnLoadMethodAttributes (31ms)
			AfterProcessingInitializeOnLoad (0ms)
			EditorAssembliesLoaded (0ms)
		ExecutionOrderSort2 (0ms)
		AwakeInstancesAfterBackupRestoration (0ms)
========================================================================
Worker process is ready to serve import requests
Import Worker Mode flag is 0x00
Begin MonoManager ReloadAssembly
[Licensing::Client] Successfully resolved entitlement details
[Licensing::Module] License group:
  Id: 698689-UnityPersXXXX
  Product: Unity Personal
  Type: Assigned
  Expiration: Unlimited
- Loaded All Assemblies, in  0.497 seconds
Refreshing native plugins compatible for Editor in 0.34 ms, found 3 plugins.
Native extension for WindowsStandalone target not found
Native extension for OSXStandalone target not found
Package Manager log level set to [2]
[Package Manager] Failed to launch server process. Reason: Unity was launched with the -noUpm command-line argument
[Package Manager] Unable to send message (not connected to server process).
[Package Manager] Cannot connect to Unity Package Manager local server
Mono: successfully reloaded assembly
- Finished resetting the current domain, in  0.536 seconds
Domain Reload Profiling: 1030ms
	BeginReloadAssembly (87ms)
		ExecutionOrderSort (0ms)
		DisableScriptedObjects (3ms)
		BackupInstance (0ms)
		ReleaseScriptingObjects (0ms)
		CreateAndSetChildDomain (22ms)
	RebuildCommonClasses (24ms)
	RebuildNativeTypeToScriptingClass (8ms)
	initialDomainReloadingComplete (19ms)
	LoadAllAssembliesAndSetupDomain (356ms)
		LoadAssemblies (230ms)
		RebuildTransferFunctionScriptingTraits (0ms)
		AnalyzeDomain (163ms)
			TypeCache.Refresh (125ms)
				TypeCache.ScanAssembly (113ms)
			BuildScriptInfoCaches (29ms)
			ResolveRequiredComponents (7ms)
	FinalizeReload (536ms)
		ReleaseScriptCaches (0ms)
		RebuildScriptCaches (0ms)
		SetupLoadedEditorAssemblies (461ms)
			LogAssemblyErrors (0ms)
			InitializePlatformSupportModulesInManaged (1ms)
			SetLoadedEditorAssemblies (4ms)
			BeforeProcessingInitializeOnLoad (82ms)
			ProcessInitializeOnLoadAttributes (311ms)
			ProcessInitializeOnLoadMethodAttributes (63ms)
			AfterProcessingInitializeOnLoad (1ms)
			EditorAssembliesLoaded (0ms)
		ExecutionOrderSort2 (0ms)
		AwakeInstancesAfterBackupRestoration (2ms)
WARNING: Shader Unsupported: 'Universal Render Pipeline/VR/SpatialMapping/Wireframe' - All subshaders removed
WARNING: Shader Did you use #pragma only_renderers and omit this platform?
WARNING: Shader If subshaders removal was intentional, you may have forgotten turning Fallback off?
WARNING: Shader Unsupported: 'Universal Render Pipeline/VR/SpatialMapping/Wireframe' - All subshaders removed
WARNING: Shader Did you use #pragma only_renderers and omit this platform?
WARNING: Shader If subshaders removal was intentional, you may have forgotten turning Fallback off?
Launching external process: /Applications/Unity/Hub/Editor/6000.2.6f2/Unity.app/Contents/Tools/UnityShaderCompiler
Launched and connected shader compiler UnityShaderCompiler after 0.04 seconds
Refreshing native plugins compatible for Editor in 0.42 ms, found 3 plugins.
Preloading 0 native plugins for Editor in 0.00 ms.
Unloading 15 Unused Serialized files (Serialized files now loaded: 0)
Unloading 6895 unused Assets / (5.1 MB). Loaded Objects now: 7624.
Memory consumption went from 144.7 MB to 139.6 MB.
Total: 5.606959 ms (FindLiveObjects: 0.482042 ms CreateObjectMapping: 0.147833 ms MarkObjects: 3.835125 ms  DeleteObjects: 1.141542 ms)

========================================================================
Received Import Request.
  Time since last request: 1472926.543493 seconds.
  path: Assets/Sprites/Village/VP2_Interriors.png
  artifactKey: Guid(4ecbdd2f5c09f4688bcf41132842cbfe) Importer(2089858483,192608db42251d675da83286b1cce702)
Start importing Assets/Sprites/Village/VP2_Interriors.png using Guid(4ecbdd2f5c09f4688bcf41132842cbfe) Importer(2089858483,192608db42251d675da83286b1cce702) (ScriptedImporter) -> (artifact id: '73ed10280af7ba6d9277ec9d2608ce34') in 0.131322084 seconds
Number of updated asset objects reloaded before import = 0Number of asset objects unloaded after import = 14

========================================================================
Received Import Request.
  Time since last request: 474.367481 seconds.
  path: Assets/Sprites/Icons/Pixel Art Icon Pack - RPG/Material
  artifactKey: Guid(ac6725e78ae254f4f8fa9f2900d99ba2) Importer(2089858483,192608db42251d675da83286b1cce702)
Start importing Assets/Sprites/Icons/Pixel Art Icon Pack - RPG/Material using Guid(ac6725e78ae254f4f8fa9f2900d99ba2) Importer(2089858483,192608db42251d675da83286b1cce702) (ScriptedImporter) -> (artifact id: '06ccaa0bace19f02836e59b3974a52f7') in 0.007628875 seconds
Number of updated asset objects reloaded before import = 0Number of asset objects unloaded after import = 1

========================================================================
Received Import Request.
  Time since last request: 0.000094 seconds.
  path: Assets/Sprites/Icons/Pixel Art Icon Pack - RPG/Texture/Equipment/Leather Armor.png
  artifactKey: Guid(e37ee0b1cbe20c5458102626b95a6b7c) Importer(2089858483,192608db42251d675da83286b1cce702)
Start importing Assets/Sprites/Icons/Pixel Art Icon Pack - RPG/Texture/Equipment/Leather Armor.png using Guid(e37ee0b1cbe20c5458102626b95a6b7c) Importer(2089858483,192608db42251d675da83286b1cce702) (ScriptedImporter) -> (artifact id: 'c4b86cd451f05b150a0c31584752a662') in 0.021693417 seconds
Number of updated asset objects reloaded before import = 0Number of asset objects unloaded after import = 3

========================================================================
Received Import Request.
  Time since last request: 0.000079 seconds.
  path: Assets/Sprites/Icons/Pixel Art Icon Pack - RPG/Texture/Equipment/Leather Helmet.png
  artifactKey: Guid(5ff9b869a12e70b4db7a137f84ed920b) Importer(2089858483,192608db42251d675da83286b1cce702)
Start importing Assets/Sprites/Icons/Pixel Art Icon Pack - RPG/Texture/Equipment/Leather Helmet.png using Guid(5ff9b869a12e70b4db7a137f84ed920b) Importer(2089858483,192608db42251d675da83286b1cce702) (ScriptedImporter) -> (artifact id: '3d0b3165d5372a02b4fa529f9bb29028') in 0.021314333 seconds
Number of updated asset objects reloaded before import = 0Number of asset objects unloaded after import = 3

========================================================================
Received Import Request.
  Time since last request: 0.000038 seconds.
  path: Assets/Sprites/Icons/Pixel Art Icon Pack - RPG/Shader/SH Sprite Icon Outline Color.shader
  artifactKey: Guid(33835bf4e186abc4d92f79b3bccfd862) Importer(2089858483,192608db42251d675da83286b1cce702)
Start importing Assets/Sprites/Icons/Pixel Art Icon Pack - RPG/Shader/SH Sprite Icon Outline Color.shader using Guid(33835bf4e186abc4d92f79b3bccfd862) Importer(2089858483,192608db42251d675da83286b1cce702) (ScriptedImporter) -> (artifact id: '3beca61620bff07b0e50261119f4a000') in 0.015402791 seconds
Number of updated asset objects reloaded before import = 0Number of asset objects unloaded after import = 1

========================================================================
Received Import Request.
  Time since last request: 0.000045 seconds.
  path: Assets/Sprites/Icons/Pixel Art Icon Pack - RPG/Texture/Weapon & Tool/Magic Wand.png
  artifactKey: Guid(40d526b51d159064f851539ce7779eec) Importer(2089858483,192608db42251d675da83286b1cce702)
Start importing Assets/Sprites/Icons/Pixel Art Icon Pack - RPG/Texture/Weapon & Tool/Magic Wand.png using Guid(40d526b51d159064f851539ce7779eec) Importer(2089858483,192608db42251d675da83286b1cce702) (ScriptedImporter) -> (artifact id: 'ac180176694a4d7f00c1f58ba4095da0') in 0.012020833 seconds
Number of updated asset objects reloaded before import = 0Number of asset objects unloaded after import = 3

========================================================================
Received Import Request.
  Time since last request: 0.000041 seconds.
  path: Assets/Sprites/Icons/Pixel Art Icon Pack - RPG/Shader
  artifactKey: Guid(3f428f9fc50eea8409359a8b09b85c8e) Importer(2089858483,192608db42251d675da83286b1cce702)
Start importing Assets/Sprites/Icons/Pixel Art Icon Pack - RPG/Shader using Guid(3f428f9fc50eea8409359a8b09b85c8e) Importer(2089858483,192608db42251d675da83286b1cce702) (ScriptedImporter) -> (artifact id: '181a9546cbf75be19cdb456f949fc15d') in 0.001825583 seconds
Number of updated asset objects reloaded before import = 0Number of asset objects unloaded after import = 1

========================================================================
Received Import Request.
  Time since last request: 0.000047 seconds.
  path: Assets/Sprites/Icons/Pixel Art Icon Pack - RPG/Texture/Food/Fish Steak.png
  artifactKey: Guid(adf92f5459022124193e381473dbcce6) Importer(2089858483,192608db42251d675da83286b1cce702)
Start importing Assets/Sprites/Icons/Pixel Art Icon Pack - RPG/Texture/Food/Fish Steak.png using Guid(adf92f5459022124193e381473dbcce6) Importer(2089858483,192608db42251d675da83286b1cce702) (ScriptedImporter) -> (artifact id: '06bf0688f6d5e0344b37fbd43535f5b6') in 0.012778458 seconds
Number of updated asset objects reloaded before import = 0Number of asset objects unloaded after import = 3

========================================================================
Received Import Request.
  Time since last request: 0.000038 seconds.
  path: Assets/Sprites/Icons/Pixel Art Icon Pack - RPG/Material/MT UI Icon Outline White.mat
  artifactKey: Guid(652af6f8addd2f94ab5db4712c3122d7) Importer(2089858483,192608db42251d675da83286b1cce702)
Start importing Assets/Sprites/Icons/Pixel Art Icon Pack - RPG/Material/MT UI Icon Outline White.mat using Guid(652af6f8addd2f94ab5db4712c3122d7) Importer(2089858483,192608db42251d675da83286b1cce702) (ScriptedImporter) -> (artifact id: '67773f3f2d6fdd97a210fd1b566cd813') in 0.0405345 seconds
Number of updated asset objects reloaded before import = 0Number of asset objects unloaded after import = 1

========================================================================
Received Import Request.
  Time since last request: 0.000036 seconds.
  path: Assets/Sprites/Icons/Pixel Art Icon Pack - RPG/Texture/Monster Part/Monster Meat.png
  artifactKey: Guid(d44f6865f42ca39448500daef88c4c16) Importer(2089858483,192608db42251d675da83286b1cce702)
Start importing Assets/Sprites/Icons/Pixel Art Icon Pack - RPG/Texture/Monster Part/Monster Meat.png using Guid(d44f6865f42ca39448500daef88c4c16) Importer(2089858483,192608db42251d675da83286b1cce702) (ScriptedImporter) -> (artifact id: '43d1d92cf1d9dd86955735f96bb3e3d3') in 0.007722292 seconds
Number of updated asset objects reloaded before import = 0Number of asset objects unloaded after import = 3

========================================================================
Received Import Request.
  Time since last request: 0.000054 seconds.
  path: Assets/Sprites/Icons/Pixel Art Icon Pack - RPG/Texture/Potion/Blue Potion.png
  artifactKey: Guid(b7f77607c82ea4142a2070c0e37e1756) Importer(2089858483,192608db42251d675da83286b1cce702)
Start importing Assets/Sprites/Icons/Pixel Art Icon Pack - RPG/Texture/Potion/Blue Potion.png using Guid(b7f77607c82ea4142a2070c0e37e1756) Importer(2089858483,192608db42251d675da83286b1cce702) (ScriptedImporter) -> (artifact id: 'd44a6471f69a73099022013a117d266b') in 0.00612375 seconds
Number of updated asset objects reloaded before import = 0Number of asset objects unloaded after import = 3

========================================================================
Received Import Request.
  Time since last request: 0.000035 seconds.
  path: Assets/Sprites/Icons/Pixel Art Icon Pack - RPG/Texture/Potion/Red Potion 2.png
  artifactKey: Guid(44dc65116207f4b46aa85443dae5ad96) Importer(2089858483,192608db42251d675da83286b1cce702)
Start importing Assets/Sprites/Icons/Pixel Art Icon Pack - RPG/Texture/Potion/Red Potion 2.png using Guid(44dc65116207f4b46aa85443dae5ad96) Importer(2089858483,192608db42251d675da83286b1cce702) (ScriptedImporter) -> (artifact id: '34df38cb16d0592d61d986293ecb3b44') in 0.007173292 seconds
Number of updated asset objects reloaded before import = 0Number of asset objects unloaded after import = 3

========================================================================
Received Import Request.
  Time since last request: 0.000057 seconds.
  path: Assets/Sprites/Icons/Pixel Art Icon Pack - RPG/Texture/Equipment/Iron Helmet.png
  artifactKey: Guid(b227c6c1c35b36940b602110d9556b13) Importer(2089858483,192608db42251d675da83286b1cce702)
Start importing Assets/Sprites/Icons/Pixel Art Icon Pack - RPG/Texture/Equipment/Iron Helmet.png using Guid(b227c6c1c35b36940b602110d9556b13) Importer(2089858483,192608db42251d675da83286b1cce702) (ScriptedImporter) -> (artifact id: 'd0d16560368f8e840d0e6c03a283380e') in 0.010464916 seconds
Number of updated asset objects reloaded before import = 0Number of asset objects unloaded after import = 3

========================================================================
Received Import Request.
  Time since last request: 0.000035 seconds.
  path: Assets/Sprites/Icons/Pixel Art Icon Pack - RPG/Texture/Food/Ham.png
  artifactKey: Guid(c1101a972f67d164db2754844fbeeda2) Importer(2089858483,192608db42251d675da83286b1cce702)
Start importing Assets/Sprites/Icons/Pixel Art Icon Pack - RPG/Texture/Food/Ham.png using Guid(c1101a972f67d164db2754844fbeeda2) Importer(2089858483,192608db42251d675da83286b1cce702) (ScriptedImporter) -> (artifact id: '472f0d3b1dc555f636568808b7c3d067') in 0.007149958 seconds
Number of updated asset objects reloaded before import = 0Number of asset objects unloaded after import = 3

========================================================================
Received Import Request.
  Time since last request: 0.000039 seconds.
  path: Assets/Sprites/Icons/Pixel Art Icon Pack - RPG/Texture/Food/Green Apple.png
  artifactKey: Guid(c1d0e6764d9c5f8458571840fb1d57d3) Importer(2089858483,192608db42251d675da83286b1cce702)
Start importing Assets/Sprites/Icons/Pixel Art Icon Pack - RPG/Texture/Food/Green Apple.png using Guid(c1d0e6764d9c5f8458571840fb1d57d3) Importer(2089858483,192608db42251d675da83286b1cce702) (ScriptedImporter) -> (artifact id: 'ac7580fc5a64bacdc399330285ea4d8c') in 0.005952334 seconds
Number of updated asset objects reloaded before import = 0Number of asset objects unloaded after import = 3

========================================================================
Received Import Request.
  Time since last request: 0.000053 seconds.
  path: Assets/Sprites/Icons/Pixel Art Icon Pack - RPG/Texture/Misc
  artifactKey: Guid(e12afdf2f92b6e44aa3c4bae022e4a61) Importer(2089858483,192608db42251d675da83286b1cce702)
Start importing Assets/Sprites/Icons/Pixel Art Icon Pack - RPG/Texture/Misc using Guid(e12afdf2f92b6e44aa3c4bae022e4a61) Importer(2089858483,192608db42251d675da83286b1cce702) (ScriptedImporter) -> (artifact id: '644d046c20adbb3924fdf646fcd65247') in 0.002056667 seconds
Number of updated asset objects reloaded before import = 0Number of asset objects unloaded after import = 1

========================================================================
Received Import Request.
  Time since last request: 0.000036 seconds.
  path: Assets/Sprites/Icons/Pixel Art Icon Pack - RPG/Texture/Weapon & Tool/Hammer.png
  artifactKey: Guid(7b8e0222a006d824e930445c7d435ac3) Importer(2089858483,192608db42251d675da83286b1cce702)
Start importing Assets/Sprites/Icons/Pixel Art Icon Pack - RPG/Texture/Weapon & Tool/Hammer.png using Guid(7b8e0222a006d824e930445c7d435ac3) Importer(2089858483,192608db42251d675da83286b1cce702) (ScriptedImporter) -> (artifact id: '4ad202ae2c59d17686e63eb8db1968ef') in 0.006433 seconds
Number of updated asset objects reloaded before import = 0Number of asset objects unloaded after import = 3

========================================================================
Received Import Request.
  Time since last request: 0.000043 seconds.
  path: Assets/Sprites/Icons/Pixel Art Icon Pack - RPG/Texture/Monster Part
  artifactKey: Guid(6440e8a38b985cc4990db0da6d690926) Importer(2089858483,192608db42251d675da83286b1cce702)
Start importing Assets/Sprites/Icons/Pixel Art Icon Pack - RPG/Texture/Monster Part using Guid(6440e8a38b985cc4990db0da6d690926) Importer(2089858483,192608db42251d675da83286b1cce702) (ScriptedImporter) -> (artifact id: '7aa4a423326b44b5267fbf9680f5ad3e') in 0.002231834 seconds
Number of updated asset objects reloaded before import = 0Number of asset objects unloaded after import = 1

========================================================================
Received Import Request.
  Time since last request: 0.000079 seconds.
  path: Assets/Sprites/Icons/Pixel Art Icon Pack - RPG/Texture/Potion/Green Potion 2.png
  artifactKey: Guid(1f97848f18817cc43ba66da5a2d0ccfa) Importer(2089858483,192608db42251d675da83286b1cce702)
Start importing Assets/Sprites/Icons/Pixel Art Icon Pack - RPG/Texture/Potion/Green Potion 2.png using Guid(1f97848f18817cc43ba66da5a2d0ccfa) Importer(2089858483,192608db42251d675da83286b1cce702) (ScriptedImporter) -> (artifact id: '75444838c114ef8515ffb84bbe837c36') in 0.008231167 seconds
Number of updated asset objects reloaded before import = 0Number of asset objects unloaded after import = 3

========================================================================
Received Import Request.
  Time since last request: 0.000040 seconds.
  path: Assets/Sprites/Icons/Pixel Art Icon Pack - RPG/Texture/Equipment/Iron Armor.png
  artifactKey: Guid(567fdd2e557fefc478f8aaa7ae56fb11) Importer(2089858483,192608db42251d675da83286b1cce702)
Start importing Assets/Sprites/Icons/Pixel Art Icon Pack - RPG/Texture/Equipment/Iron Armor.png using Guid(567fdd2e557fefc478f8aaa7ae56fb11) Importer(2089858483,192608db42251d675da83286b1cce702) (ScriptedImporter) -> (artifact id: 'a5c840a7f07e556150b183274c42e130') in 0.006815625 seconds
Number of updated asset objects reloaded before import = 0Number of asset objects unloaded after import = 3

========================================================================
Received Import Request.
  Time since last request: 0.000039 seconds.
  path: Assets/Sprites/Icons/Pixel Art Icon Pack - RPG/Texture/Weapon & Tool/Topaz Staff.png
  artifactKey: Guid(1877011fdc8954440a807dd46b4eaab4) Importer(2089858483,192608db42251d675da83286b1cce702)
Start importing Assets/Sprites/Icons/Pixel Art Icon Pack - RPG/Texture/Weapon & Tool/Topaz Staff.png using Guid(1877011fdc8954440a807dd46b4eaab4) Importer(2089858483,192608db42251d675da83286b1cce702) (ScriptedImporter) -> (artifact id: 'e060c03be4957f32e421ad1adc08b048') in 0.006006083 seconds
Number of updated asset objects reloaded before import = 0Number of asset objects unloaded after import = 3

========================================================================
Received Import Request.
  Time since last request: 0.000036 seconds.
  path: Assets/Sprites/Icons/Pixel Art Icon Pack - RPG/Texture/Material/Wool.png
  artifactKey: Guid(046f821c76a004e4c91b9f27ee906194) Importer(2089858483,192608db42251d675da83286b1cce702)
Start importing Assets/Sprites/Icons/Pixel Art Icon Pack - RPG/Texture/Material/Wool.png using Guid(046f821c76a004e4c91b9f27ee906194) Importer(2089858483,192608db42251d675da83286b1cce702) (ScriptedImporter) -> (artifact id: '6d07a3b9ade6a8bbceefdbd26ba77eac') in 0.005852875 seconds
Number of updated asset objects reloaded before import = 0Number of asset objects unloaded after import = 3

========================================================================
Received Import Request.
  Time since last request: 0.000035 seconds.
  path: Assets/Sprites/Icons/Pixel Art Icon Pack - RPG/Texture/Monster Part/Monster Eye.png
  artifactKey: Guid(4461c87bad5222349b14c22b26d43b95) Importer(2089858483,192608db42251d675da83286b1cce702)
Start importing Assets/Sprites/Icons/Pixel Art Icon Pack - RPG/Texture/Monster Part/Monster Eye.png using Guid(4461c87bad5222349b14c22b26d43b95) Importer(2089858483,192608db42251d675da83286b1cce702) (ScriptedImporter) -> (artifact id: '8cfaa6fd2af50df8049d1abf908eb720') in 0.007260292 seconds
Number of updated asset objects reloaded before import = 0Number of asset objects unloaded after import = 3

========================================================================
Received Import Request.
  Time since last request: 0.000036 seconds.
  path: Assets/Sprites/Icons/Pixel Art Icon Pack - RPG/Texture/Weapon & Tool/Emerald Staff.png
  artifactKey: Guid(c66629df5b6254a4e8dc8c1b69369863) Importer(2089858483,192608db42251d675da83286b1cce702)
Start importing Assets/Sprites/Icons/Pixel Art Icon Pack - RPG/Texture/Weapon & Tool/Emerald Staff.png using Guid(c66629df5b6254a4e8dc8c1b69369863) Importer(2089858483,192608db42251d675da83286b1cce702) (ScriptedImporter) -> (artifact id: 'bea0a90cf997c4a0b65b062c40f68651') in 0.006270792 seconds
Number of updated asset objects reloaded before import = 0Number of asset objects unloaded after import = 3

========================================================================
Received Import Request.
  Time since last request: 0.000034 seconds.
  path: Assets/Sprites/Icons/Pixel Art Icon Pack - RPG/Texture/Material/String.png
  artifactKey: Guid(90192622496cded43ac060f5e25e20e8) Importer(2089858483,192608db42251d675da83286b1cce702)
Start importing Assets/Sprites/Icons/Pixel Art Icon Pack - RPG/Texture/Material/String.png using Guid(90192622496cded43ac060f5e25e20e8) Importer(2089858483,192608db42251d675da83286b1cce702) (ScriptedImporter) -> (artifact id: '1c9ada8c70e029639cb089d7a5f9dd16') in 0.007133875 seconds
Number of updated asset objects reloaded before import = 0Number of asset objects unloaded after import = 3

========================================================================
Received Import Request.
  Time since last request: 0.000031 seconds.
  path: Assets/Sprites/Icons/Pixel Art Icon Pack - RPG/Texture/Potion/Green Potion 3.png
  artifactKey: Guid(f65023889763c7644b5579f0b019da6b) Importer(2089858483,192608db42251d675da83286b1cce702)
Start importing Assets/Sprites/Icons/Pixel Art Icon Pack - RPG/Texture/Potion/Green Potion 3.png using Guid(f65023889763c7644b5579f0b019da6b) Importer(2089858483,192608db42251d675da83286b1cce702) (ScriptedImporter) -> (artifact id: '3be22f80991fda584f9e18cb0bc3318e') in 0.006218375 seconds
Number of updated asset objects reloaded before import = 0Number of asset objects unloaded after import = 3

========================================================================
Received Import Request.
  Time since last request: 0.000034 seconds.
  path: Assets/Sprites/Icons/Pixel Art Icon Pack - RPG/Texture/Ore & Gem/Emerald.png
  artifactKey: Guid(1fe19ffae1abab0479d7d9716bcbbb9c) Importer(2089858483,192608db42251d675da83286b1cce702)
Start importing Assets/Sprites/Icons/Pixel Art Icon Pack - RPG/Texture/Ore & Gem/Emerald.png using Guid(1fe19ffae1abab0479d7d9716bcbbb9c) Importer(2089858483,192608db42251d675da83286b1cce702) (ScriptedImporter) -> (artifact id: '89b92b7d3318b0481fcb9f35912f535e') in 0.008166416 seconds
Number of updated asset objects reloaded before import = 0Number of asset objects unloaded after import = 3

========================================================================
Received Import Request.
  Time since last request: 0.000061 seconds.
  path: Assets/Sprites/Icons/Pixel Art Icon Pack - RPG/Texture/Monster Part/Skull.png
  artifactKey: Guid(587503b6015abc741ad5147fff8f4a06) Importer(2089858483,192608db42251d675da83286b1cce702)
Start importing Assets/Sprites/Icons/Pixel Art Icon Pack - RPG/Texture/Monster Part/Skull.png using Guid(587503b6015abc741ad5147fff8f4a06) Importer(2089858483,192608db42251d675da83286b1cce702) (ScriptedImporter) -> (artifact id: '7d6283cb004225cc3fd670288eb04fdc') in 0.005716625 seconds
Number of updated asset objects reloaded before import = 0Number of asset objects unloaded after import = 3

========================================================================
Received Import Request.
  Time since last request: 0.000043 seconds.
  path: Assets/Sprites/Icons/Pixel Art Icon Pack - RPG/Texture/Weapon & Tool/Knife.png
  artifactKey: Guid(38d5dde8fb892364296297a3a5c97a20) Importer(2089858483,192608db42251d675da83286b1cce702)
Start importing Assets/Sprites/Icons/Pixel Art Icon Pack - RPG/Texture/Weapon & Tool/Knife.png using Guid(38d5dde8fb892364296297a3a5c97a20) Importer(2089858483,192608db42251d675da83286b1cce702) (ScriptedImporter) -> (artifact id: 'c57e0166db0dd6aab9f89f008c0a8124') in 0.005537292 seconds
Number of updated asset objects reloaded before import = 0Number of asset objects unloaded after import = 3

========================================================================
Received Import Request.
  Time since last request: 0.000028 seconds.
  path: Assets/Sprites/Icons/Pixel Art Icon Pack - RPG/Texture/Equipment/Helm.png
  artifactKey: Guid(6509adb73ba1de04d898264b898cdf2e) Importer(2089858483,192608db42251d675da83286b1cce702)
Start importing Assets/Sprites/Icons/Pixel Art Icon Pack - RPG/Texture/Equipment/Helm.png using Guid(6509adb73ba1de04d898264b898cdf2e) Importer(2089858483,192608db42251d675da83286b1cce702) (ScriptedImporter) -> (artifact id: '64b15f0bd0dda798ca2a4a9a457d5116') in 0.005487334 seconds
Number of updated asset objects reloaded before import = 0Number of asset objects unloaded after import = 3

========================================================================
Received Import Request.
  Time since last request: 0.000039 seconds.
  path: Assets/Sprites/Icons/Pixel Art Icon Pack - RPG/Material/MT Sprite Outline Dark.mat
  artifactKey: Guid(9ef09833dc2c3404d88335dc4ee33fd4) Importer(2089858483,192608db42251d675da83286b1cce702)
Start importing Assets/Sprites/Icons/Pixel Art Icon Pack - RPG/Material/MT Sprite Outline Dark.mat using Guid(9ef09833dc2c3404d88335dc4ee33fd4) Importer(2089858483,192608db42251d675da83286b1cce702) (ScriptedImporter) -> (artifact id: 'f5fc9f1cbce754e34f958adf9cf0cc34') in 0.00262775 seconds
Number of updated asset objects reloaded before import = 0Number of asset objects unloaded after import = 1

========================================================================
Received Import Request.
  Time since last request: 0.000120 seconds.
  path: Assets/Sprites/Icons/Pixel Art Icon Pack - RPG/Material/MT UI Icon Outline Trans.mat
  artifactKey: Guid(6320d51ee137b4e42b6cb01f30c65ad6) Importer(2089858483,192608db42251d675da83286b1cce702)
Start importing Assets/Sprites/Icons/Pixel Art Icon Pack - RPG/Material/MT UI Icon Outline Trans.mat using Guid(6320d51ee137b4e42b6cb01f30c65ad6) Importer(2089858483,192608db42251d675da83286b1cce702) (ScriptedImporter) -> (artifact id: '195d812c76ab580cf77f972642e1f78e') in 0.002399291 seconds
Number of updated asset objects reloaded before import = 0Number of asset objects unloaded after import = 1

========================================================================
Received Import Request.
  Time since last request: 0.000034 seconds.
  path: Assets/Sprites/Icons/Pixel Art Icon Pack - RPG
  artifactKey: Guid(156af2f354d93f441a2f6f24839c9394) Importer(2089858483,192608db42251d675da83286b1cce702)
Start importing Assets/Sprites/Icons/Pixel Art Icon Pack - RPG using Guid(156af2f354d93f441a2f6f24839c9394) Importer(2089858483,192608db42251d675da83286b1cce702) (ScriptedImporter) -> (artifact id: '10fc0f0368edc318995306d50fb0ee52') in 0.002052 seconds
Number of updated asset objects reloaded before import = 0Number of asset objects unloaded after import = 1

========================================================================
Received Import Request.
  Time since last request: 0.000031 seconds.
  path: Assets/Sprites/Icons/Pixel Art Icon Pack - RPG/Texture/Weapon & Tool/Iron Sword.png
  artifactKey: Guid(8f28955d92038974a9b04aafaeea79b0) Importer(2089858483,192608db42251d675da83286b1cce702)
Start importing Assets/Sprites/Icons/Pixel Art Icon Pack - RPG/Texture/Weapon & Tool/Iron Sword.png using Guid(8f28955d92038974a9b04aafaeea79b0) Importer(2089858483,192608db42251d675da83286b1cce702) (ScriptedImporter) -> (artifact id: '8617f0c1fbc212c0f1fac3a024267d53') in 0.007408833 seconds
Number of updated asset objects reloaded before import = 0Number of asset objects unloaded after import = 3

========================================================================
Received Import Request.
  Time since last request: 0.000050 seconds.
  path: Assets/Sprites/Icons/Pixel Art Icon Pack - RPG/Scene/SC Pixel Art Icon Pack - RPG.unity
  artifactKey: Guid(52aa42c38c606411a985b3922e8ab823) Importer(2089858483,192608db42251d675da83286b1cce702)
Start importing Assets/Sprites/Icons/Pixel Art Icon Pack - RPG/Scene/SC Pixel Art Icon Pack - RPG.unity using Guid(52aa42c38c606411a985b3922e8ab823) Importer(2089858483,192608db42251d675da83286b1cce702) (ScriptedImporter) -> (artifact id: '80ee410a40ee91a7145b6b9f69b117f6') in 0.00828325 seconds
Number of updated asset objects reloaded before import = 0Number of asset objects unloaded after import = 1

========================================================================
Received Import Request.
  Time since last request: 0.000032 seconds.
  path: Assets/Sprites/Icons/Pixel Art Icon Pack - RPG/Texture/Misc/Book 2.png
  artifactKey: Guid(1c82fa18a9230df4f9a0aa981fe3a341) Importer(2089858483,192608db42251d675da83286b1cce702)
Start importing Assets/Sprites/Icons/Pixel Art Icon Pack - RPG/Texture/Misc/Book 2.png using Guid(1c82fa18a9230df4f9a0aa981fe3a341) Importer(2089858483,192608db42251d675da83286b1cce702) (ScriptedImporter) -> (artifact id: '2fc1b80833320db333b1081dfbc4ee5b') in 0.006214667 seconds
Number of updated asset objects reloaded before import = 0Number of asset objects unloaded after import = 3

========================================================================
Received Import Request.
  Time since last request: 0.000030 seconds.
  path: Assets/Sprites/Icons/Pixel Art Icon Pack - RPG/Texture/Misc/Scroll.png
  artifactKey: Guid(4b61215c56174cb489119b1357a5b77c) Importer(2089858483,192608db42251d675da83286b1cce702)
Start importing Assets/Sprites/Icons/Pixel Art Icon Pack - RPG/Texture/Misc/Scroll.png using Guid(4b61215c56174cb489119b1357a5b77c) Importer(2089858483,192608db42251d675da83286b1cce702) (ScriptedImporter) -> (artifact id: '7ad4aeeb0d1b1820996b019d5ffb2130') in 0.007863042 seconds
Number of updated asset objects reloaded before import = 0Number of asset objects unloaded after import = 3

========================================================================
Received Import Request.
  Time since last request: 0.000060 seconds.
  path: Assets/Sprites/Icons/Pixel Art Icon Pack - RPG/Texture/Weapon & Tool/Torch.png
  artifactKey: Guid(68e1f3d1470827b49b3b3347af0e4f6d) Importer(2089858483,192608db42251d675da83286b1cce702)
Start importing Assets/Sprites/Icons/Pixel Art Icon Pack - RPG/Texture/Weapon & Tool/Torch.png using Guid(68e1f3d1470827b49b3b3347af0e4f6d) Importer(2089858483,192608db42251d675da83286b1cce702) (ScriptedImporter) -> (artifact id: 'a578aaf5c5179d606237d2a0bb46c632') in 0.005493 seconds
Number of updated asset objects reloaded before import = 0Number of asset objects unloaded after import = 3

========================================================================
Received Import Request.
  Time since last request: 0.000033 seconds.
  path: Assets/Sprites/Icons/Pixel Art Icon Pack - RPG/Texture/Food/Wine.png
  artifactKey: Guid(ea55e0ae186d59d41a0b270559045dd7) Importer(2089858483,192608db42251d675da83286b1cce702)
Start importing Assets/Sprites/Icons/Pixel Art Icon Pack - RPG/Texture/Food/Wine.png using Guid(ea55e0ae186d59d41a0b270559045dd7) Importer(2089858483,192608db42251d675da83286b1cce702) (ScriptedImporter) -> (artifact id: '699d9a518a771a73ee82f72fb8abb816') in 0.005821541 seconds
Number of updated asset objects reloaded before import = 0Number of asset objects unloaded after import = 3

========================================================================
Received Import Request.
  Time since last request: 0.000042 seconds.
  path: Assets/Sprites/Icons/Pixel Art Icon Pack - RPG/Texture/Potion/Blue Potion 3.png
  artifactKey: Guid(ace8a02646afeda4880fc3cb14cad705) Importer(2089858483,192608db42251d675da83286b1cce702)
Start importing Assets/Sprites/Icons/Pixel Art Icon Pack - RPG/Texture/Potion/Blue Potion 3.png using Guid(ace8a02646afeda4880fc3cb14cad705) Importer(2089858483,192608db42251d675da83286b1cce702) (ScriptedImporter) -> (artifact id: '2aab62e2843202564eede7edfcf204bb') in 0.00566475 seconds
Number of updated asset objects reloaded before import = 0Number of asset objects unloaded after import = 3

========================================================================
Received Import Request.
  Time since last request: 0.000043 seconds.
  path: Assets/Sprites/Icons/Pixel Art Icon Pack - RPG/Texture/Weapon & Tool/Axe.png
  artifactKey: Guid(6a08ec4b334ea1c46b8171679417a74f) Importer(2089858483,192608db42251d675da83286b1cce702)
Start importing Assets/Sprites/Icons/Pixel Art Icon Pack - RPG/Texture/Weapon & Tool/Axe.png using Guid(6a08ec4b334ea1c46b8171679417a74f) Importer(2089858483,192608db42251d675da83286b1cce702) (ScriptedImporter) -> (artifact id: '75ed124906168887d9388e77aefcb8a5') in 0.007536041 seconds
Number of updated asset objects reloaded before import = 0Number of asset objects unloaded after import = 3

========================================================================
Received Import Request.
  Time since last request: 0.000033 seconds.
  path: Assets/Sprites/Icons/Pixel Art Icon Pack - RPG/Texture/Weapon & Tool/Wooden Sword.png
  artifactKey: Guid(2ddf0348701148a4d8a7c6a0f7f146b3) Importer(2089858483,192608db42251d675da83286b1cce702)
Start importing Assets/Sprites/Icons/Pixel Art Icon Pack - RPG/Texture/Weapon & Tool/Wooden Sword.png using Guid(2ddf0348701148a4d8a7c6a0f7f146b3) Importer(2089858483,192608db42251d675da83286b1cce702) (ScriptedImporter) -> (artifact id: 'f108bfffe1ed47f95cf07173fbc0e53e') in 0.00588575 seconds
Number of updated asset objects reloaded before import = 0Number of asset objects unloaded after import = 3

========================================================================
Received Import Request.
  Time since last request: 0.000031 seconds.
  path: Assets/Sprites/Icons/Pixel Art Icon Pack - RPG/Texture/Food
  artifactKey: Guid(3fe54edd3debca64ebe1ec161236a4af) Importer(2089858483,192608db42251d675da83286b1cce702)
Start importing Assets/Sprites/Icons/Pixel Art Icon Pack - RPG/Texture/Food using Guid(3fe54edd3debca64ebe1ec161236a4af) Importer(2089858483,192608db42251d675da83286b1cce702) (ScriptedImporter) -> (artifact id: 'cf43fe6b4d831851827aa1ce52e3ce9d') in 0.001384375 seconds
Number of updated asset objects reloaded before import = 0Number of asset objects unloaded after import = 1

========================================================================
Received Import Request.
  Time since last request: 0.000030 seconds.
  path: Assets/Sprites/Icons/Pixel Art Icon Pack - RPG/Scene
  artifactKey: Guid(af5b4aeff9eb5db4bac160c7d1fcd6d2) Importer(2089858483,192608db42251d675da83286b1cce702)
Start importing Assets/Sprites/Icons/Pixel Art Icon Pack - RPG/Scene using Guid(af5b4aeff9eb5db4bac160c7d1fcd6d2) Importer(2089858483,192608db42251d675da83286b1cce702) (ScriptedImporter) -> (artifact id: '965dbf2c2e0362761945d95f44965c78') in 0.00157525 seconds
Number of updated asset objects reloaded before import = 0Number of asset objects unloaded after import = 1

========================================================================
Received Import Request.
  Time since last request: 0.000048 seconds.
  path: Assets/Sprites/Icons/Pixel Art Icon Pack - RPG/Texture/Food/Mushroom.png
  artifactKey: Guid(966ff550585ec504896a28b55fd7281c) Importer(2089858483,192608db42251d675da83286b1cce702)
Start importing Assets/Sprites/Icons/Pixel Art Icon Pack - RPG/Texture/Food/Mushroom.png using Guid(966ff550585ec504896a28b55fd7281c) Importer(2089858483,192608db42251d675da83286b1cce702) (ScriptedImporter) -> (artifact id: '9910aa0a553a1efb4e8ccf544e44a89d') in 0.0056 seconds
Number of updated asset objects reloaded before import = 0Number of asset objects unloaded after import = 3

========================================================================
Received Import Request.
  Time since last request: 0.000035 seconds.
  path: Assets/Sprites/Icons/Pixel Art Icon Pack - RPG/Texture/Ore & Gem/Crystal.png
  artifactKey: Guid(8f6d58fd471ba8a45a4b681953e29c26) Importer(2089858483,192608db42251d675da83286b1cce702)
Start importing Assets/Sprites/Icons/Pixel Art Icon Pack - RPG/Texture/Ore & Gem/Crystal.png using Guid(8f6d58fd471ba8a45a4b681953e29c26) Importer(2089858483,192608db42251d675da83286b1cce702) (ScriptedImporter) -> (artifact id: '50ecf4c66c35deb552b6901461708da4') in 0.005993041 seconds
Number of updated asset objects reloaded before import = 0Number of asset objects unloaded after import = 3

========================================================================
Received Import Request.
  Time since last request: 0.000034 seconds.
  path: Assets/Sprites/Icons/Pixel Art Icon Pack - RPG/Texture/Material/Fabric.png
  artifactKey: Guid(e577f30c6bd976a429addedf4c4ad662) Importer(2089858483,192608db42251d675da83286b1cce702)
Start importing Assets/Sprites/Icons/Pixel Art Icon Pack - RPG/Texture/Material/Fabric.png using Guid(e577f30c6bd976a429addedf4c4ad662) Importer(2089858483,192608db42251d675da83286b1cce702) (ScriptedImporter) -> (artifact id: '356f42df668577b4beeed7daffffeabc') in 0.00728975 seconds
Number of updated asset objects reloaded before import = 0Number of asset objects unloaded after import = 3

========================================================================
Received Import Request.
  Time since last request: 0.000031 seconds.
  path: Assets/Sprites/Icons/Pixel Art Icon Pack - RPG/Texture/Misc/Iron Key.png
  artifactKey: Guid(e30e7f1121c83ed469e6242c11d18e05) Importer(2089858483,192608db42251d675da83286b1cce702)
Start importing Assets/Sprites/Icons/Pixel Art Icon Pack - RPG/Texture/Misc/Iron Key.png using Guid(e30e7f1121c83ed469e6242c11d18e05) Importer(2089858483,192608db42251d675da83286b1cce702) (ScriptedImporter) -> (artifact id: '47828314e1ceac985b41c4a7f0063890') in 0.005762042 seconds
Number of updated asset objects reloaded before import = 0Number of asset objects unloaded after import = 3

========================================================================
Received Import Request.
  Time since last request: 0.000034 seconds.
  path: Assets/Sprites/Icons/Pixel Art Icon Pack - RPG/Texture/Ore & Gem/Cut Ruby.png
  artifactKey: Guid(70e92df91699f664ab5bad7bf4723022) Importer(2089858483,192608db42251d675da83286b1cce702)
Start importing Assets/Sprites/Icons/Pixel Art Icon Pack - RPG/Texture/Ore & Gem/Cut Ruby.png using Guid(70e92df91699f664ab5bad7bf4723022) Importer(2089858483,192608db42251d675da83286b1cce702) (ScriptedImporter) -> (artifact id: '6612a37a47d626d7373887e2ff87969b') in 0.006149041 seconds
Number of updated asset objects reloaded before import = 0Number of asset objects unloaded after import = 3

========================================================================
Received Import Request.
  Time since last request: 0.000032 seconds.
  path: Assets/Sprites/Icons/Pixel Art Icon Pack - RPG/Texture/Ore & Gem/Copper Ingot.png
  artifactKey: Guid(b579a157263b8ae4d8dfeebb072e44f2) Importer(2089858483,192608db42251d675da83286b1cce702)
Start importing Assets/Sprites/Icons/Pixel Art Icon Pack - RPG/Texture/Ore & Gem/Copper Ingot.png using Guid(b579a157263b8ae4d8dfeebb072e44f2) Importer(2089858483,192608db42251d675da83286b1cce702) (ScriptedImporter) -> (artifact id: '3bf63dfcdc17a023e405c0cf7d76be25') in 0.005462209 seconds
Number of updated asset objects reloaded before import = 0Number of asset objects unloaded after import = 3

========================================================================
Received Import Request.
  Time since last request: 0.000051 seconds.
  path: Assets/Sprites/Icons/Pixel Art Icon Pack - RPG/Texture/Material/Wood Log.png
  artifactKey: Guid(0e1ccb64303778e4081913a6d9cca677) Importer(2089858483,192608db42251d675da83286b1cce702)
Start importing Assets/Sprites/Icons/Pixel Art Icon Pack - RPG/Texture/Material/Wood Log.png using Guid(0e1ccb64303778e4081913a6d9cca677) Importer(2089858483,192608db42251d675da83286b1cce702) (ScriptedImporter) -> (artifact id: 'ba422b5305ccef0b7df74f1225502064') in 0.005393834 seconds
Number of updated asset objects reloaded before import = 0Number of asset objects unloaded after import = 3

========================================================================
Received Import Request.
  Time since last request: 0.000040 seconds.
  path: Assets/Sprites/Icons/Pixel Art Icon Pack - RPG/Texture/Ore & Gem/Cut Topaz.png
  artifactKey: Guid(ff4e2a40a0a91494a873149252b1aaaf) Importer(2089858483,192608db42251d675da83286b1cce702)
Start importing Assets/Sprites/Icons/Pixel Art Icon Pack - RPG/Texture/Ore & Gem/Cut Topaz.png using Guid(ff4e2a40a0a91494a873149252b1aaaf) Importer(2089858483,192608db42251d675da83286b1cce702) (ScriptedImporter) -> (artifact id: 'bbb28d886b13e4c751a5bcce5e639c9a') in 0.007238834 seconds
Number of updated asset objects reloaded before import = 0Number of asset objects unloaded after import = 3

========================================================================
Received Import Request.
  Time since last request: 0.000035 seconds.
  path: Assets/Sprites/Icons/Pixel Art Icon Pack - RPG/Texture/Ore & Gem/Coal.png
  artifactKey: Guid(7d58fd33da0c1714e83ed3c55ae05bb9) Importer(2089858483,192608db42251d675da83286b1cce702)
Start importing Assets/Sprites/Icons/Pixel Art Icon Pack - RPG/Texture/Ore & Gem/Coal.png using Guid(7d58fd33da0c1714e83ed3c55ae05bb9) Importer(2089858483,192608db42251d675da83286b1cce702) (ScriptedImporter) -> (artifact id: 'd0bfffaa97314832a8b27b1045688c84') in 0.005661917 seconds
Number of updated asset objects reloaded before import = 0Number of asset objects unloaded after import = 3

========================================================================
Received Import Request.
  Time since last request: 0.000034 seconds.
  path: Assets/Sprites/Icons/Pixel Art Icon Pack - RPG/Texture/Weapon & Tool
  artifactKey: Guid(975c9af9482263342b85bf0366a3f533) Importer(2089858483,192608db42251d675da83286b1cce702)
Start importing Assets/Sprites/Icons/Pixel Art Icon Pack - RPG/Texture/Weapon & Tool using Guid(975c9af9482263342b85bf0366a3f533) Importer(2089858483,192608db42251d675da83286b1cce702) (ScriptedImporter) -> (artifact id: 'bdf313f9d346b96434de555b50016274') in 0.00155325 seconds
Number of updated asset objects reloaded before import = 0Number of asset objects unloaded after import = 1

========================================================================
Received Import Request.
  Time since last request: 0.000032 seconds.
  path: Assets/Sprites/Icons/Pixel Art Icon Pack - RPG/Texture/Equipment
  artifactKey: Guid(ac5f79a5df937a54fa4de58fc0571d1c) Importer(2089858483,192608db42251d675da83286b1cce702)
Start importing Assets/Sprites/Icons/Pixel Art Icon Pack - RPG/Texture/Equipment using Guid(ac5f79a5df937a54fa4de58fc0571d1c) Importer(2089858483,192608db42251d675da83286b1cce702) (ScriptedImporter) -> (artifact id: 'f3384c04bd0b7f79400635b854c167ae') in 0.001404375 seconds
Number of updated asset objects reloaded before import = 0Number of asset objects unloaded after import = 1

========================================================================
Received Import Request.
  Time since last request: 0.000034 seconds.
  path: Assets/Sprites/Icons/Pixel Art Icon Pack - RPG/Texture/Food/Wine 2.png
  artifactKey: Guid(d1b0810a7bee633469a729543f4e6659) Importer(2089858483,192608db42251d675da83286b1cce702)
Start importing Assets/Sprites/Icons/Pixel Art Icon Pack - RPG/Texture/Food/Wine 2.png using Guid(d1b0810a7bee633469a729543f4e6659) Importer(2089858483,192608db42251d675da83286b1cce702) (ScriptedImporter) -> (artifact id: 'eeb46b9c94338c565cec8471f576aa30') in 0.005922292 seconds
Number of updated asset objects reloaded before import = 0Number of asset objects unloaded after import = 3

========================================================================
Received Import Request.
  Time since last request: 0.000034 seconds.
  path: Assets/Sprites/Icons/Pixel Art Icon Pack - RPG/Texture/Weapon & Tool/Bow.png
  artifactKey: Guid(bbf8638a8a75d9c42b93639213c92c9b) Importer(2089858483,192608db42251d675da83286b1cce702)
Start importing Assets/Sprites/Icons/Pixel Art Icon Pack - RPG/Texture/Weapon & Tool/Bow.png using Guid(bbf8638a8a75d9c42b93639213c92c9b) Importer(2089858483,192608db42251d675da83286b1cce702) (ScriptedImporter) -> (artifact id: '6e7292097a07383704f07ad05f4e40e1') in 0.005322375 seconds
Number of updated asset objects reloaded before import = 0Number of asset objects unloaded after import = 3

========================================================================
Received Import Request.
  Time since last request: 0.000036 seconds.
  path: Assets/Sprites/Icons/Pixel Art Icon Pack - RPG/Texture/Misc/Rune Stone.png
  artifactKey: Guid(b9a847102a75c8c429a8f749008df6c2) Importer(2089858483,192608db42251d675da83286b1cce702)
Start importing Assets/Sprites/Icons/Pixel Art Icon Pack - RPG/Texture/Misc/Rune Stone.png using Guid(b9a847102a75c8c429a8f749008df6c2) Importer(2089858483,192608db42251d675da83286b1cce702) (ScriptedImporter) -> (artifact id: 'be9616f7a21359e3c29d1fdf4c11253c') in 0.00758 seconds
Number of updated asset objects reloaded before import = 0Number of asset objects unloaded after import = 3

========================================================================
Received Import Request.
  Time since last request: 0.000030 seconds.
  path: Assets/Sprites/Icons/Pixel Art Icon Pack - RPG/Texture/Weapon & Tool/Shovel.png
  artifactKey: Guid(279ff480381111b40b99a9cb298a5fd3) Importer(2089858483,192608db42251d675da83286b1cce702)
Start importing Assets/Sprites/Icons/Pixel Art Icon Pack - RPG/Texture/Weapon & Tool/Shovel.png using Guid(279ff480381111b40b99a9cb298a5fd3) Importer(2089858483,192608db42251d675da83286b1cce702) (ScriptedImporter) -> (artifact id: 'e20b59bbf3a0983904da04e7a5f21220') in 0.005166 seconds
Number of updated asset objects reloaded before import = 0Number of asset objects unloaded after import = 3

========================================================================
Received Import Request.
  Time since last request: 0.000030 seconds.
  path: Assets/Sprites/Icons/Pixel Art Icon Pack - RPG/Texture/Misc/Copper Coin.png
  artifactKey: Guid(4605338a5a51383478a6b8eb3707e90c) Importer(2089858483,192608db42251d675da83286b1cce702)
Start importing Assets/Sprites/Icons/Pixel Art Icon Pack - RPG/Texture/Misc/Copper Coin.png using Guid(4605338a5a51383478a6b8eb3707e90c) Importer(2089858483,192608db42251d675da83286b1cce702) (ScriptedImporter) -> (artifact id: '5b34b417e09120a6ffe77c3e56b4f914') in 0.00554925 seconds
Number of updated asset objects reloaded before import = 0Number of asset objects unloaded after import = 3

========================================================================
Received Import Request.
  Time since last request: 0.000034 seconds.
  path: Assets/Sprites/Icons/Pixel Art Icon Pack - RPG/Shader/SH UI Icon Outline Color.shader
  artifactKey: Guid(005206bf499fe904b84c98e6fffa154f) Importer(2089858483,192608db42251d675da83286b1cce702)
Start importing Assets/Sprites/Icons/Pixel Art Icon Pack - RPG/Shader/SH UI Icon Outline Color.shader using Guid(005206bf499fe904b84c98e6fffa154f) Importer(2089858483,192608db42251d675da83286b1cce702) (ScriptedImporter) -> (artifact id: '28954030718f924d6e3a13835fc3ffae') in 0.002365542 seconds
Number of updated asset objects reloaded before import = 0Number of asset objects unloaded after import = 1

========================================================================
Received Import Request.
  Time since last request: 0.000033 seconds.
  path: Assets/Sprites/Icons/Pixel Art Icon Pack - RPG/Texture/Ore & Gem/Cut Emerald.png
  artifactKey: Guid(3281e91e074a48d4eb5d6a1fdd332a36) Importer(2089858483,192608db42251d675da83286b1cce702)
Start importing Assets/Sprites/Icons/Pixel Art Icon Pack - RPG/Texture/Ore & Gem/Cut Emerald.png using Guid(3281e91e074a48d4eb5d6a1fdd332a36) Importer(2089858483,192608db42251d675da83286b1cce702) (ScriptedImporter) -> (artifact id: '38e54667c5d97f2db5f14ad739901195') in 0.005507208 seconds
Number of updated asset objects reloaded before import = 0Number of asset objects unloaded after import = 3

========================================================================
Received Import Request.
  Time since last request: 0.000033 seconds.
  path: Assets/Sprites/Icons/Pixel Art Icon Pack - RPG/Texture/Material/Leather.png
  artifactKey: Guid(c0e7217a07e49364db48c62cc2e2b376) Importer(2089858483,192608db42251d675da83286b1cce702)
Start importing Assets/Sprites/Icons/Pixel Art Icon Pack - RPG/Texture/Material/Leather.png using Guid(c0e7217a07e49364db48c62cc2e2b376) Importer(2089858483,192608db42251d675da83286b1cce702) (ScriptedImporter) -> (artifact id: '6a50bf284517445315643fc50740c1d1') in 0.007069792 seconds
Number of updated asset objects reloaded before import = 0Number of asset objects unloaded after import = 3

========================================================================
Received Import Request.
  Time since last request: 0.000029 seconds.
  path: Assets/Sprites/Icons/Pixel Art Icon Pack - RPG/Texture/Misc/Gear.png
  artifactKey: Guid(042fae2dd68bce044b8fbd1f26724a2d) Importer(2089858483,192608db42251d675da83286b1cce702)
Start importing Assets/Sprites/Icons/Pixel Art Icon Pack - RPG/Texture/Misc/Gear.png using Guid(042fae2dd68bce044b8fbd1f26724a2d) Importer(2089858483,192608db42251d675da83286b1cce702) (ScriptedImporter) -> (artifact id: 'e3ea48c19419162791f8593a084ac11b') in 0.00487 seconds
Number of updated asset objects reloaded before import = 0Number of asset objects unloaded after import = 3

========================================================================
Received Import Request.
  Time since last request: 0.000031 seconds.
  path: Assets/Sprites/Icons/Pixel Art Icon Pack - RPG/Texture/Equipment/Leather Boot.png
  artifactKey: Guid(29a1226f7b5e20240942612e151c3c4c) Importer(2089858483,192608db42251d675da83286b1cce702)
Start importing Assets/Sprites/Icons/Pixel Art Icon Pack - RPG/Texture/Equipment/Leather Boot.png using Guid(29a1226f7b5e20240942612e151c3c4c) Importer(2089858483,192608db42251d675da83286b1cce702) (ScriptedImporter) -> (artifact id: 'e421e5234add95b9a5252446b8e11920') in 0.005314667 seconds
Number of updated asset objects reloaded before import = 0Number of asset objects unloaded after import = 3

========================================================================
Received Import Request.
  Time since last request: 0.000030 seconds.
  path: Assets/Sprites/Icons/Pixel Art Icon Pack - RPG/Material/MT Sprite Outline White.mat
  artifactKey: Guid(fa6817dfb0f48b946aed8e1043559b1b) Importer(2089858483,192608db42251d675da83286b1cce702)
Start importing Assets/Sprites/Icons/Pixel Art Icon Pack - RPG/Material/MT Sprite Outline White.mat using Guid(fa6817dfb0f48b946aed8e1043559b1b) Importer(2089858483,192608db42251d675da83286b1cce702) (ScriptedImporter) -> (artifact id: '1d2051f75c68ffb61cd4602e2f632957') in 0.002911292 seconds
Number of updated asset objects reloaded before import = 0Number of asset objects unloaded after import = 1

========================================================================
Received Import Request.
  Time since last request: 0.000041 seconds.
  path: Assets/Sprites/Icons/Pixel Art Icon Pack - RPG/Texture
  artifactKey: Guid(2b31c5cb4593d414787a268307422aaa) Importer(2089858483,192608db42251d675da83286b1cce702)
Start importing Assets/Sprites/Icons/Pixel Art Icon Pack - RPG/Texture using Guid(2b31c5cb4593d414787a268307422aaa) Importer(2089858483,192608db42251d675da83286b1cce702) (ScriptedImporter) -> (artifact id: '008d9018f404d255fb096e3779bd9ad1') in 0.001416125 seconds
Number of updated asset objects reloaded before import = 0Number of asset objects unloaded after import = 1

========================================================================
Received Import Request.
  Time since last request: 0.000056 seconds.
  path: Assets/Sprites/Icons/Pixel Art Icon Pack - RPG/Texture/Monster Part/Monster Egg.png
  artifactKey: Guid(d62fc87d7e2c1d740b3afc4193abf641) Importer(2089858483,192608db42251d675da83286b1cce702)
Start importing Assets/Sprites/Icons/Pixel Art Icon Pack - RPG/Texture/Monster Part/Monster Egg.png using Guid(d62fc87d7e2c1d740b3afc4193abf641) Importer(2089858483,192608db42251d675da83286b1cce702) (ScriptedImporter) -> (artifact id: '96969d154fae9168c657fe4678b30862') in 0.00547825 seconds
Number of updated asset objects reloaded before import = 0Number of asset objects unloaded after import = 3

========================================================================
Received Import Request.
  Time since last request: 11.326452 seconds.
  path: Assets/Sprites/Pixel Art Icon Pack - RPG/Texture/Misc/Rune Stone.png
  artifactKey: Guid(b9a847102a75c8c429a8f749008df6c2) Importer(2089858483,192608db42251d675da83286b1cce702)
Start importing Assets/Sprites/Pixel Art Icon Pack - RPG/Texture/Misc/Rune Stone.png using Guid(b9a847102a75c8c429a8f749008df6c2) Importer(2089858483,192608db42251d675da83286b1cce702) (ScriptedImporter) -> (artifact id: '7e0211dec80644c42d113d274010df66') in 0.006617375 seconds
Number of updated asset objects reloaded before import = 0Number of asset objects unloaded after import = 3

========================================================================
Received Import Request.
  Time since last request: 0.000038 seconds.
  path: Assets/Sprites/Pixel Art Icon Pack - RPG/Texture/Equipment/Leather Armor.png
  artifactKey: Guid(e37ee0b1cbe20c5458102626b95a6b7c) Importer(2089858483,192608db42251d675da83286b1cce702)
Start importing Assets/Sprites/Pixel Art Icon Pack - RPG/Texture/Equipment/Leather Armor.png using Guid(e37ee0b1cbe20c5458102626b95a6b7c) Importer(2089858483,192608db42251d675da83286b1cce702) (ScriptedImporter) -> (artifact id: 'dda7ccb0e8c881d7e4f002c43d19072a') in 0.005458833 seconds
Number of updated asset objects reloaded before import = 0Number of asset objects unloaded after import = 3

========================================================================
Received Import Request.
  Time since last request: 0.000038 seconds.
  path: Assets/Sprites/Pixel Art Icon Pack - RPG/Texture/Equipment/Leather Helmet.png
  artifactKey: Guid(5ff9b869a12e70b4db7a137f84ed920b) Importer(2089858483,192608db42251d675da83286b1cce702)
Start importing Assets/Sprites/Pixel Art Icon Pack - RPG/Texture/Equipment/Leather Helmet.png using Guid(5ff9b869a12e70b4db7a137f84ed920b) Importer(2089858483,192608db42251d675da83286b1cce702) (ScriptedImporter) -> (artifact id: '67fa07993219751e9c640a266068360f') in 0.005200667 seconds
Number of updated asset objects reloaded before import = 0Number of asset objects unloaded after import = 3

========================================================================
Received Import Request.
  Time since last request: 0.000040 seconds.
  path: Assets/Sprites/Pixel Art Icon Pack - RPG/Texture/Equipment/Wizard Hat.png
  artifactKey: Guid(b28311bcbf17b47458fddc96553ce9c8) Importer(2089858483,192608db42251d675da83286b1cce702)
Start importing Assets/Sprites/Pixel Art Icon Pack - RPG/Texture/Equipment/Wizard Hat.png using Guid(b28311bcbf17b47458fddc96553ce9c8) Importer(2089858483,192608db42251d675da83286b1cce702) (ScriptedImporter) -> (artifact id: 'fa4e943e21e2f7d30dd2ccd6edde883f') in 0.005319917 seconds
Number of updated asset objects reloaded before import = 0Number of asset objects unloaded after import = 3

========================================================================
Received Import Request.
  Time since last request: 0.000038 seconds.
  path: Assets/Sprites/Pixel Art Icon Pack - RPG/Texture/Potion/Red Potion 3.png
  artifactKey: Guid(7b3876a2b72c44540a4bbd5aaba9e506) Importer(2089858483,192608db42251d675da83286b1cce702)
Start importing Assets/Sprites/Pixel Art Icon Pack - RPG/Texture/Potion/Red Potion 3.png using Guid(7b3876a2b72c44540a4bbd5aaba9e506) Importer(2089858483,192608db42251d675da83286b1cce702) (ScriptedImporter) -> (artifact id: 'bb4cddfeff6db0aced710d8ddf208d71') in 0.006273375 seconds
Number of updated asset objects reloaded before import = 0Number of asset objects unloaded after import = 3

========================================================================
Received Import Request.
  Time since last request: 0.000041 seconds.
  path: Assets/Sprites/Pixel Art Icon Pack - RPG/Texture/Equipment/Belt.png
  artifactKey: Guid(6858a15e5082cf34b9ee3167e90403d3) Importer(2089858483,192608db42251d675da83286b1cce702)
Start importing Assets/Sprites/Pixel Art Icon Pack - RPG/Texture/Equipment/Belt.png using Guid(6858a15e5082cf34b9ee3167e90403d3) Importer(2089858483,192608db42251d675da83286b1cce702) (ScriptedImporter) -> (artifact id: '16bda8358b6633aee5580a6624a61935') in 0.009472042 seconds
Number of updated asset objects reloaded before import = 0Number of asset objects unloaded after import = 3

========================================================================
Received Import Request.
  Time since last request: 0.000299 seconds.
  path: Assets/Sprites/Pixel Art Icon Pack - RPG/Texture/Food/Fish Steak.png
  artifactKey: Guid(adf92f5459022124193e381473dbcce6) Importer(2089858483,192608db42251d675da83286b1cce702)
Start importing Assets/Sprites/Pixel Art Icon Pack - RPG/Texture/Food/Fish Steak.png using Guid(adf92f5459022124193e381473dbcce6) Importer(2089858483,192608db42251d675da83286b1cce702) (ScriptedImporter) -> (artifact id: '6f458dcd74fa657885e4b2500084cff2') in 0.005754792 seconds
Number of updated asset objects reloaded before import = 0Number of asset objects unloaded after import = 3

========================================================================
Received Import Request.
  Time since last request: 0.000251 seconds.
  path: Assets/Sprites/Pixel Art Icon Pack - RPG/Texture/Weapon & Tool/Sapphire Staff.png
  artifactKey: Guid(21ed692efe3d95a40bcb58ec97b4d87a) Importer(2089858483,192608db42251d675da83286b1cce702)
Start importing Assets/Sprites/Pixel Art Icon Pack - RPG/Texture/Weapon & Tool/Sapphire Staff.png using Guid(21ed692efe3d95a40bcb58ec97b4d87a) Importer(2089858483,192608db42251d675da83286b1cce702) (ScriptedImporter) -> (artifact id: '44c161db566cc4f8ded95585416bbe24') in 0.00580325 seconds
Number of updated asset objects reloaded before import = 0Number of asset objects unloaded after import = 3

========================================================================
Received Import Request.
  Time since last request: 0.000034 seconds.
  path: Assets/Sprites/Pixel Art Icon Pack - RPG/Texture/Monster Part/Monster Meat.png
  artifactKey: Guid(d44f6865f42ca39448500daef88c4c16) Importer(2089858483,192608db42251d675da83286b1cce702)
Start importing Assets/Sprites/Pixel Art Icon Pack - RPG/Texture/Monster Part/Monster Meat.png using Guid(d44f6865f42ca39448500daef88c4c16) Importer(2089858483,192608db42251d675da83286b1cce702) (ScriptedImporter) -> (artifact id: '4d0bda4bd58b6b457656a49806212ade') in 0.00537175 seconds
Number of updated asset objects reloaded before import = 0Number of asset objects unloaded after import = 3

========================================================================
Received Import Request.
  Time since last request: 0.000035 seconds.
  path: Assets/Sprites/Pixel Art Icon Pack - RPG/Texture/Misc/Envolop.png
  artifactKey: Guid(745c230e29c9393469cb614114618353) Importer(2089858483,192608db42251d675da83286b1cce702)
Start importing Assets/Sprites/Pixel Art Icon Pack - RPG/Texture/Misc/Envolop.png using Guid(745c230e29c9393469cb614114618353) Importer(2089858483,192608db42251d675da83286b1cce702) (ScriptedImporter) -> (artifact id: '25b7122bd2710bb43f34b778596f6775') in 0.005383208 seconds
Number of updated asset objects reloaded before import = 0Number of asset objects unloaded after import = 3

========================================================================
Received Import Request.
  Time since last request: 0.000045 seconds.
  path: Assets/Sprites/Pixel Art Icon Pack - RPG/Texture/Equipment/Bag.png
  artifactKey: Guid(93dbc8f96dc6c00418ba8f1a8e8992e4) Importer(2089858483,192608db42251d675da83286b1cce702)
Start importing Assets/Sprites/Pixel Art Icon Pack - RPG/Texture/Equipment/Bag.png using Guid(93dbc8f96dc6c00418ba8f1a8e8992e4) Importer(2089858483,192608db42251d675da83286b1cce702) (ScriptedImporter) -> (artifact id: '528387abfc596fa26e8aa815ee8c8b45') in 0.008194916 seconds
Number of updated asset objects reloaded before import = 0Number of asset objects unloaded after import = 3

========================================================================
Received Import Request.
  Time since last request: 0.000037 seconds.
  path: Assets/Sprites/Pixel Art Icon Pack - RPG/Texture/Misc/Book 3.png
  artifactKey: Guid(6b22156af64babe4f9bff6441c5b942f) Importer(2089858483,192608db42251d675da83286b1cce702)
Start importing Assets/Sprites/Pixel Art Icon Pack - RPG/Texture/Misc/Book 3.png using Guid(6b22156af64babe4f9bff6441c5b942f) Importer(2089858483,192608db42251d675da83286b1cce702) (ScriptedImporter) -> (artifact id: '8b256c99780647406f4f82c9321caa61') in 0.005803125 seconds
Number of updated asset objects reloaded before import = 0Number of asset objects unloaded after import = 3

========================================================================
Received Import Request.
  Time since last request: 0.000036 seconds.
  path: Assets/Sprites/Pixel Art Icon Pack - RPG/Texture/Misc/Chest.png
  artifactKey: Guid(c8303e833b0ef184e99c1bc8940fff84) Importer(2089858483,192608db42251d675da83286b1cce702)
Start importing Assets/Sprites/Pixel Art Icon Pack - RPG/Texture/Misc/Chest.png using Guid(c8303e833b0ef184e99c1bc8940fff84) Importer(2089858483,192608db42251d675da83286b1cce702) (ScriptedImporter) -> (artifact id: '2f53e820bbe17a60f7c44f46198014e0') in 0.005585375 seconds
Number of updated asset objects reloaded before import = 0Number of asset objects unloaded after import = 3

========================================================================
Received Import Request.
  Time since last request: 0.000056 seconds.
  path: Assets/Sprites/Pixel Art Icon Pack - RPG/Texture/Weapon & Tool/Emerald Staff.png
  artifactKey: Guid(c66629df5b6254a4e8dc8c1b69369863) Importer(2089858483,192608db42251d675da83286b1cce702)
Start importing Assets/Sprites/Pixel Art Icon Pack - RPG/Texture/Weapon & Tool/Emerald Staff.png using Guid(c66629df5b6254a4e8dc8c1b69369863) Importer(2089858483,192608db42251d675da83286b1cce702) (ScriptedImporter) -> (artifact id: '6c975a2211122e252a5ccc05e006cf84') in 0.00554425 seconds
Number of updated asset objects reloaded before import = 0Number of asset objects unloaded after import = 3

========================================================================
Received Import Request.
  Time since last request: 0.000037 seconds.
  path: Assets/Sprites/Pixel Art Icon Pack - RPG/Texture/Material/String.png
  artifactKey: Guid(90192622496cded43ac060f5e25e20e8) Importer(2089858483,192608db42251d675da83286b1cce702)
Start importing Assets/Sprites/Pixel Art Icon Pack - RPG/Texture/Material/String.png using Guid(90192622496cded43ac060f5e25e20e8) Importer(2089858483,192608db42251d675da83286b1cce702) (ScriptedImporter) -> (artifact id: 'f2e336a5585626868b739c77ddc42440') in 0.005287542 seconds
Number of updated asset objects reloaded before import = 0Number of asset objects unloaded after import = 3

========================================================================
Received Import Request.
  Time since last request: 0.000037 seconds.
  path: Assets/Sprites/Pixel Art Icon Pack - RPG/Texture/Food/Apple.png
  artifactKey: Guid(da7129ed6a246f048a49d8d97de2d2d4) Importer(2089858483,192608db42251d675da83286b1cce702)
Start importing Assets/Sprites/Pixel Art Icon Pack - RPG/Texture/Food/Apple.png using Guid(da7129ed6a246f048a49d8d97de2d2d4) Importer(2089858483,192608db42251d675da83286b1cce702) (ScriptedImporter) -> (artifact id: 'ec703727a61c41d31b7cf039da3d0a91') in 0.007140083 seconds
Number of updated asset objects reloaded before import = 0Number of asset objects unloaded after import = 3

========================================================================
Received Import Request.
  Time since last request: 0.000032 seconds.
  path: Assets/Sprites/Pixel Art Icon Pack - RPG/Texture/Weapon & Tool/Iron Sword.png
  artifactKey: Guid(8f28955d92038974a9b04aafaeea79b0) Importer(2089858483,192608db42251d675da83286b1cce702)
Start importing Assets/Sprites/Pixel Art Icon Pack - RPG/Texture/Weapon & Tool/Iron Sword.png using Guid(8f28955d92038974a9b04aafaeea79b0) Importer(2089858483,192608db42251d675da83286b1cce702) (ScriptedImporter) -> (artifact id: '300d195d6b9170777fe33de560ae5610') in 0.005265083 seconds
Number of updated asset objects reloaded before import = 0Number of asset objects unloaded after import = 3

========================================================================
Received Import Request.
  Time since last request: 0.000033 seconds.
  path: Assets/Sprites/Pixel Art Icon Pack - RPG/Texture/Misc/Silver Coin.png
  artifactKey: Guid(83f2beb3e2ba2e347b4b0d5d63d0373b) Importer(2089858483,192608db42251d675da83286b1cce702)
Start importing Assets/Sprites/Pixel Art Icon Pack - RPG/Texture/Misc/Silver Coin.png using Guid(83f2beb3e2ba2e347b4b0d5d63d0373b) Importer(2089858483,192608db42251d675da83286b1cce702) (ScriptedImporter) -> (artifact id: 'f32cb37aec11f86e26752ba593eb05b7') in 0.00559075 seconds
Number of updated asset objects reloaded before import = 0Number of asset objects unloaded after import = 3

========================================================================
Received Import Request.
  Time since last request: 0.000034 seconds.
  path: Assets/Sprites/Pixel Art Icon Pack - RPG/Texture/Weapon & Tool/Wooden Shield.png
  artifactKey: Guid(615f3cdaa1374bd4db14286066f31cde) Importer(2089858483,192608db42251d675da83286b1cce702)
Start importing Assets/Sprites/Pixel Art Icon Pack - RPG/Texture/Weapon & Tool/Wooden Shield.png using Guid(615f3cdaa1374bd4db14286066f31cde) Importer(2089858483,192608db42251d675da83286b1cce702) (ScriptedImporter) -> (artifact id: 'fcd18ddd122d015364cd59073ff652da') in 0.005390209 seconds
Number of updated asset objects reloaded before import = 0Number of asset objects unloaded after import = 3

========================================================================
Received Import Request.
  Time since last request: 0.000042 seconds.
  path: Assets/Sprites/Pixel Art Icon Pack - RPG/Texture/Misc/Scroll.png
  artifactKey: Guid(4b61215c56174cb489119b1357a5b77c) Importer(2089858483,192608db42251d675da83286b1cce702)
Start importing Assets/Sprites/Pixel Art Icon Pack - RPG/Texture/Misc/Scroll.png using Guid(4b61215c56174cb489119b1357a5b77c) Importer(2089858483,192608db42251d675da83286b1cce702) (ScriptedImporter) -> (artifact id: '7b9c17f6313cb5cc145ecd28e61e9584') in 0.005319834 seconds
Number of updated asset objects reloaded before import = 0Number of asset objects unloaded after import = 3

========================================================================
Received Import Request.
  Time since last request: 0.000040 seconds.
  path: Assets/Sprites/Pixel Art Icon Pack - RPG/Texture/Weapon & Tool/Torch.png
  artifactKey: Guid(68e1f3d1470827b49b3b3347af0e4f6d) Importer(2089858483,192608db42251d675da83286b1cce702)
Start importing Assets/Sprites/Pixel Art Icon Pack - RPG/Texture/Weapon & Tool/Torch.png using Guid(68e1f3d1470827b49b3b3347af0e4f6d) Importer(2089858483,192608db42251d675da83286b1cce702) (ScriptedImporter) -> (artifact id: 'efa0a5d273bea33362b024ce31740273') in 0.012060375 seconds
Number of updated asset objects reloaded before import = 0Number of asset objects unloaded after import = 3

========================================================================
Received Import Request.
  Time since last request: 0.000047 seconds.
  path: Assets/Sprites/Pixel Art Icon Pack - RPG/Texture/Weapon & Tool/Iron Shield.png
  artifactKey: Guid(256205b9c6ca12c45ab7762da8a65631) Importer(2089858483,192608db42251d675da83286b1cce702)
Start importing Assets/Sprites/Pixel Art Icon Pack - RPG/Texture/Weapon & Tool/Iron Shield.png using Guid(256205b9c6ca12c45ab7762da8a65631) Importer(2089858483,192608db42251d675da83286b1cce702) (ScriptedImporter) -> (artifact id: '844ddce5412f19e8ea336939ca3fe62e') in 0.008459583 seconds
Number of updated asset objects reloaded before import = 0Number of asset objects unloaded after import = 3

========================================================================
Received Import Request.
  Time since last request: 0.000040 seconds.
  path: Assets/Sprites/Pixel Art Icon Pack - RPG/Texture/Misc/Heart.png
  artifactKey: Guid(87a7c4321fd50514c8e41d6779a071da) Importer(2089858483,192608db42251d675da83286b1cce702)
Start importing Assets/Sprites/Pixel Art Icon Pack - RPG/Texture/Misc/Heart.png using Guid(87a7c4321fd50514c8e41d6779a071da) Importer(2089858483,192608db42251d675da83286b1cce702) (ScriptedImporter) -> (artifact id: '58b064a8c55a9788f2ce6f1227f9b088') in 0.005873291 seconds
Number of updated asset objects reloaded before import = 0Number of asset objects unloaded after import = 3

========================================================================
Received Import Request.
  Time since last request: 0.000042 seconds.
  path: Assets/Sprites/Pixel Art Icon Pack - RPG/Texture/Misc/Crate.png
  artifactKey: Guid(af91b161f106d9e46b3704f05a3ab63d) Importer(2089858483,192608db42251d675da83286b1cce702)
Start importing Assets/Sprites/Pixel Art Icon Pack - RPG/Texture/Misc/Crate.png using Guid(af91b161f106d9e46b3704f05a3ab63d) Importer(2089858483,192608db42251d675da83286b1cce702) (ScriptedImporter) -> (artifact id: '6c297f1b9168282119cfd1c10e461608') in 0.005752792 seconds
Number of updated asset objects reloaded before import = 0Number of asset objects unloaded after import = 3

========================================================================
Received Import Request.
  Time since last request: 0.000035 seconds.
  path: Assets/Sprites/Pixel Art Icon Pack - RPG/Texture/Material/Fabric.png
  artifactKey: Guid(e577f30c6bd976a429addedf4c4ad662) Importer(2089858483,192608db42251d675da83286b1cce702)
Start importing Assets/Sprites/Pixel Art Icon Pack - RPG/Texture/Material/Fabric.png using Guid(e577f30c6bd976a429addedf4c4ad662) Importer(2089858483,192608db42251d675da83286b1cce702) (ScriptedImporter) -> (artifact id: '95cca66c6774c9a92d0423519e2d0c81') in 0.004978667 seconds
Number of updated asset objects reloaded before import = 0Number of asset objects unloaded after import = 3

========================================================================
Received Import Request.
  Time since last request: 0.000034 seconds.
  path: Assets/Sprites/Pixel Art Icon Pack - RPG/Texture/Misc/Iron Key.png
  artifactKey: Guid(e30e7f1121c83ed469e6242c11d18e05) Importer(2089858483,192608db42251d675da83286b1cce702)
Start importing Assets/Sprites/Pixel Art Icon Pack - RPG/Texture/Misc/Iron Key.png using Guid(e30e7f1121c83ed469e6242c11d18e05) Importer(2089858483,192608db42251d675da83286b1cce702) (ScriptedImporter) -> (artifact id: '93e596a87e48280c406b2126a28875ef') in 0.006809541 seconds
Number of updated asset objects reloaded before import = 0Number of asset objects unloaded after import = 3

========================================================================
Received Import Request.
  Time since last request: 0.000033 seconds.
  path: Assets/Sprites/Pixel Art Icon Pack - RPG/Texture/Food/Beer.png
  artifactKey: Guid(d0c05b9125ed56349a5385e1a77547b7) Importer(2089858483,192608db42251d675da83286b1cce702)
Start importing Assets/Sprites/Pixel Art Icon Pack - RPG/Texture/Food/Beer.png using Guid(d0c05b9125ed56349a5385e1a77547b7) Importer(2089858483,192608db42251d675da83286b1cce702) (ScriptedImporter) -> (artifact id: '5d589beb86a0895e075c9ff42ee5773a') in 0.005591709 seconds
Number of updated asset objects reloaded before import = 0Number of asset objects unloaded after import = 3

========================================================================
Received Import Request.
  Time since last request: 0.000036 seconds.
  path: Assets/Sprites/Pixel Art Icon Pack - RPG/Texture/Monster Part/Slime Gel.png
  artifactKey: Guid(d1f94eb541d98c94c9e0a776707e9c7c) Importer(2089858483,192608db42251d675da83286b1cce702)
Start importing Assets/Sprites/Pixel Art Icon Pack - RPG/Texture/Monster Part/Slime Gel.png using Guid(d1f94eb541d98c94c9e0a776707e9c7c) Importer(2089858483,192608db42251d675da83286b1cce702) (ScriptedImporter) -> (artifact id: '4d4a431e9ef1a817f575375ea2a82ebb') in 0.005151708 seconds
Number of updated asset objects reloaded before import = 0Number of asset objects unloaded after import = 3

========================================================================
Received Import Request.
  Time since last request: 0.000043 seconds.
  path: Assets/Sprites/Pixel Art Icon Pack - RPG/Texture/Monster Part/Egg.png
  artifactKey: Guid(ce993d5f7ca6ea8459974fd88e71861d) Importer(2089858483,192608db42251d675da83286b1cce702)
Start importing Assets/Sprites/Pixel Art Icon Pack - RPG/Texture/Monster Part/Egg.png using Guid(ce993d5f7ca6ea8459974fd88e71861d) Importer(2089858483,192608db42251d675da83286b1cce702) (ScriptedImporter) -> (artifact id: '3abc7518cca9037539f8e24052e6219a') in 0.005516208 seconds
Number of updated asset objects reloaded before import = 0Number of asset objects unloaded after import = 3

========================================================================
Received Import Request.
  Time since last request: 0.000032 seconds.
  path: Assets/Sprites/Pixel Art Icon Pack - RPG/Texture/Weapon & Tool/Shovel.png
  artifactKey: Guid(279ff480381111b40b99a9cb298a5fd3) Importer(2089858483,192608db42251d675da83286b1cce702)
Start importing Assets/Sprites/Pixel Art Icon Pack - RPG/Texture/Weapon & Tool/Shovel.png using Guid(279ff480381111b40b99a9cb298a5fd3) Importer(2089858483,192608db42251d675da83286b1cce702) (ScriptedImporter) -> (artifact id: 'c28dc399de2af4412281d32c6bda0327') in 0.005027833 seconds
Number of updated asset objects reloaded before import = 0Number of asset objects unloaded after import = 3

========================================================================
Received Import Request.
  Time since last request: 0.000045 seconds.
  path: Assets/Sprites/Pixel Art Icon Pack - RPG/Texture/Ore & Gem/Cut Emerald.png
  artifactKey: Guid(3281e91e074a48d4eb5d6a1fdd332a36) Importer(2089858483,192608db42251d675da83286b1cce702)
Start importing Assets/Sprites/Pixel Art Icon Pack - RPG/Texture/Ore & Gem/Cut Emerald.png using Guid(3281e91e074a48d4eb5d6a1fdd332a36) Importer(2089858483,192608db42251d675da83286b1cce702) (ScriptedImporter) -> (artifact id: '2e4aec83e9305294a4fa32f17eee5b69') in 0.006421959 seconds
Number of updated asset objects reloaded before import = 0Number of asset objects unloaded after import = 3

========================================================================
Received Import Request.
  Time since last request: 0.000037 seconds.
  path: Assets/Sprites/Pixel Art Icon Pack - RPG/Texture/Equipment/Leather Boot.png
  artifactKey: Guid(29a1226f7b5e20240942612e151c3c4c) Importer(2089858483,192608db42251d675da83286b1cce702)
Start importing Assets/Sprites/Pixel Art Icon Pack - RPG/Texture/Equipment/Leather Boot.png using Guid(29a1226f7b5e20240942612e151c3c4c) Importer(2089858483,192608db42251d675da83286b1cce702) (ScriptedImporter) -> (artifact id: '2d5f2c682786dfaaeb533e63330700c7') in 0.005215583 seconds
Number of updated asset objects reloaded before import = 0Number of asset objects unloaded after import = 3

========================================================================
Received Import Request.
  Time since last request: 0.000049 seconds.
  path: Assets/Sprites/Pixel Art Icon Pack - RPG/Texture/Misc/Silver Key.png
  artifactKey: Guid(17c2d0550f9d2f9418f458279eb57c65) Importer(2089858483,192608db42251d675da83286b1cce702)
Start importing Assets/Sprites/Pixel Art Icon Pack - RPG/Texture/Misc/Silver Key.png using Guid(17c2d0550f9d2f9418f458279eb57c65) Importer(2089858483,192608db42251d675da83286b1cce702) (ScriptedImporter) -> (artifact id: '77d43956486d7b346efb608f40b2a660') in 0.0066455 seconds
Number of updated asset objects reloaded before import = 0Number of asset objects unloaded after import = 3

========================================================================
Received Import Request.
  Time since last request: 2.147374 seconds.
  path: Assets/Sprites/Loot/Pixel Art Icon Pack - RPG/Material
  artifactKey: Guid(ac6725e78ae254f4f8fa9f2900d99ba2) Importer(2089858483,192608db42251d675da83286b1cce702)
Start importing Assets/Sprites/Loot/Pixel Art Icon Pack - RPG/Material using Guid(ac6725e78ae254f4f8fa9f2900d99ba2) Importer(2089858483,192608db42251d675da83286b1cce702) (ScriptedImporter) -> (artifact id: '7ef17c3e4190994634d66a825b44e2c0') in 0.001646542 seconds
Number of updated asset objects reloaded before import = 0Number of asset objects unloaded after import = 1

========================================================================
Received Import Request.
  Time since last request: 0.000039 seconds.
  path: Assets/Sprites/Loot/Pixel Art Icon Pack - RPG/Texture/Equipment/Leather Armor.png
  artifactKey: Guid(e37ee0b1cbe20c5458102626b95a6b7c) Importer(2089858483,192608db42251d675da83286b1cce702)
Start importing Assets/Sprites/Loot/Pixel Art Icon Pack - RPG/Texture/Equipment/Leather Armor.png using Guid(e37ee0b1cbe20c5458102626b95a6b7c) Importer(2089858483,192608db42251d675da83286b1cce702) (ScriptedImporter) -> (artifact id: 'af19d58e6cff5ad94b37e0c200c4a158') in 0.004934875 seconds
Number of updated asset objects reloaded before import = 0Number of asset objects unloaded after import = 3

========================================================================
Received Import Request.
  Time since last request: 0.000048 seconds.
  path: Assets/Sprites/Loot/Pixel Art Icon Pack - RPG/Texture/Equipment/Leather Helmet.png
  artifactKey: Guid(5ff9b869a12e70b4db7a137f84ed920b) Importer(2089858483,192608db42251d675da83286b1cce702)
Start importing Assets/Sprites/Loot/Pixel Art Icon Pack - RPG/Texture/Equipment/Leather Helmet.png using Guid(5ff9b869a12e70b4db7a137f84ed920b) Importer(2089858483,192608db42251d675da83286b1cce702) (ScriptedImporter) -> (artifact id: '11bb8531f3b78880e3ca81084571ad5d') in 0.00463725 seconds
Number of updated asset objects reloaded before import = 0Number of asset objects unloaded after import = 3

========================================================================
Received Import Request.
  Time since last request: 0.000030 seconds.
  path: Assets/Sprites/Loot/Pixel Art Icon Pack - RPG/Texture/Potion/Red Potion 3.png
  artifactKey: Guid(7b3876a2b72c44540a4bbd5aaba9e506) Importer(2089858483,192608db42251d675da83286b1cce702)
Start importing Assets/Sprites/Loot/Pixel Art Icon Pack - RPG/Texture/Potion/Red Potion 3.png using Guid(7b3876a2b72c44540a4bbd5aaba9e506) Importer(2089858483,192608db42251d675da83286b1cce702) (ScriptedImporter) -> (artifact id: 'f0b70430119fcd681db7674f610a6420') in 0.006155625 seconds
Number of updated asset objects reloaded before import = 0Number of asset objects unloaded after import = 3

========================================================================
Received Import Request.
  Time since last request: 0.000033 seconds.
  path: Assets/Sprites/Loot/Pixel Art Icon Pack - RPG/Texture/Misc/Map.png
  artifactKey: Guid(34102981c7e63b646b05313914b723a6) Importer(2089858483,192608db42251d675da83286b1cce702)
Start importing Assets/Sprites/Loot/Pixel Art Icon Pack - RPG/Texture/Misc/Map.png using Guid(34102981c7e63b646b05313914b723a6) Importer(2089858483,192608db42251d675da83286b1cce702) (ScriptedImporter) -> (artifact id: '43df7364703197e19666e8a82d74a153') in 0.005311959 seconds
Number of updated asset objects reloaded before import = 0Number of asset objects unloaded after import = 3

========================================================================
Received Import Request.
  Time since last request: 0.000037 seconds.
  path: Assets/Sprites/Loot/Pixel Art Icon Pack - RPG/Material/MT UI Icon Outline White.mat
  artifactKey: Guid(652af6f8addd2f94ab5db4712c3122d7) Importer(2089858483,192608db42251d675da83286b1cce702)
Start importing Assets/Sprites/Loot/Pixel Art Icon Pack - RPG/Material/MT UI Icon Outline White.mat using Guid(652af6f8addd2f94ab5db4712c3122d7) Importer(2089858483,192608db42251d675da83286b1cce702) (ScriptedImporter) -> (artifact id: '205e9a6e980cefeb61ff35125827090a') in 0.003322709 seconds
Number of updated asset objects reloaded before import = 0Number of asset objects unloaded after import = 1

========================================================================
Received Import Request.
  Time since last request: 0.000036 seconds.
  path: Assets/Sprites/Loot/Pixel Art Icon Pack - RPG/Texture/Monster Part/Monster Meat.png
  artifactKey: Guid(d44f6865f42ca39448500daef88c4c16) Importer(2089858483,192608db42251d675da83286b1cce702)
Start importing Assets/Sprites/Loot/Pixel Art Icon Pack - RPG/Texture/Monster Part/Monster Meat.png using Guid(d44f6865f42ca39448500daef88c4c16) Importer(2089858483,192608db42251d675da83286b1cce702) (ScriptedImporter) -> (artifact id: 'a2caf32b218b6f4171bd6a891b33804b') in 0.004930667 seconds
Number of updated asset objects reloaded before import = 0Number of asset objects unloaded after import = 3

========================================================================
Received Import Request.
  Time since last request: 0.000032 seconds.
  path: Assets/Sprites/Loot/Pixel Art Icon Pack - RPG/Texture/Weapon & Tool/Ruby Staff.png
  artifactKey: Guid(a30e9a59a4ffb884489afda27a4945c3) Importer(2089858483,192608db42251d675da83286b1cce702)
Start importing Assets/Sprites/Loot/Pixel Art Icon Pack - RPG/Texture/Weapon & Tool/Ruby Staff.png using Guid(a30e9a59a4ffb884489afda27a4945c3) Importer(2089858483,192608db42251d675da83286b1cce702) (ScriptedImporter) -> (artifact id: '6db86d1b08aaff2a27dacd7a36e7dbf3') in 0.005549583 seconds
Number of updated asset objects reloaded before import = 0Number of asset objects unloaded after import = 3

========================================================================
Received Import Request.
  Time since last request: 0.000025 seconds.
  path: Assets/Sprites/Loot/Pixel Art Icon Pack - RPG/Texture/Equipment/Iron Helmet.png
  artifactKey: Guid(b227c6c1c35b36940b602110d9556b13) Importer(2089858483,192608db42251d675da83286b1cce702)
Start importing Assets/Sprites/Loot/Pixel Art Icon Pack - RPG/Texture/Equipment/Iron Helmet.png using Guid(b227c6c1c35b36940b602110d9556b13) Importer(2089858483,192608db42251d675da83286b1cce702) (ScriptedImporter) -> (artifact id: 'b42a5916f8da8be6963eb0224ef50583') in 0.006523958 seconds
Number of updated asset objects reloaded before import = 0Number of asset objects unloaded after import = 3

========================================================================
Received Import Request.
  Time since last request: 0.000050 seconds.
  path: Assets/Sprites/Loot/Pixel Art Icon Pack - RPG/Texture/Food/Green Apple.png
  artifactKey: Guid(c1d0e6764d9c5f8458571840fb1d57d3) Importer(2089858483,192608db42251d675da83286b1cce702)
Start importing Assets/Sprites/Loot/Pixel Art Icon Pack - RPG/Texture/Food/Green Apple.png using Guid(c1d0e6764d9c5f8458571840fb1d57d3) Importer(2089858483,192608db42251d675da83286b1cce702) (ScriptedImporter) -> (artifact id: '7459fdc11cc48e8882575c9b80e73190') in 0.004875333 seconds
Number of updated asset objects reloaded before import = 0Number of asset objects unloaded after import = 3

========================================================================
Received Import Request.
  Time since last request: 0.000070 seconds.
  path: Assets/Sprites/Loot/Pixel Art Icon Pack - RPG/Texture/Misc
  artifactKey: Guid(e12afdf2f92b6e44aa3c4bae022e4a61) Importer(2089858483,192608db42251d675da83286b1cce702)
Start importing Assets/Sprites/Loot/Pixel Art Icon Pack - RPG/Texture/Misc using Guid(e12afdf2f92b6e44aa3c4bae022e4a61) Importer(2089858483,192608db42251d675da83286b1cce702) (ScriptedImporter) -> (artifact id: 'b8f24a3568d22932de25a548e03992f4') in 0.001652584 seconds
Number of updated asset objects reloaded before import = 0Number of asset objects unloaded after import = 1

========================================================================
Received Import Request.
  Time since last request: 0.000035 seconds.
  path: Assets/Sprites/Loot/Pixel Art Icon Pack - RPG/Texture/Material/Wooden Plank.png
  artifactKey: Guid(f8a9cfc721a20ce409c3d743e9b251bc) Importer(2089858483,192608db42251d675da83286b1cce702)
Start importing Assets/Sprites/Loot/Pixel Art Icon Pack - RPG/Texture/Material/Wooden Plank.png using Guid(f8a9cfc721a20ce409c3d743e9b251bc) Importer(2089858483,192608db42251d675da83286b1cce702) (ScriptedImporter) -> (artifact id: '02066cc15a7eaba78aef85ceb02bce4c') in 0.005677375 seconds
Number of updated asset objects reloaded before import = 0Number of asset objects unloaded after import = 3

========================================================================
Received Import Request.
  Time since last request: 0.000044 seconds.
  path: Assets/Sprites/Loot/Pixel Art Icon Pack - RPG/Texture/Material/String.png
  artifactKey: Guid(90192622496cded43ac060f5e25e20e8) Importer(2089858483,192608db42251d675da83286b1cce702)
Start importing Assets/Sprites/Loot/Pixel Art Icon Pack - RPG/Texture/Material/String.png using Guid(90192622496cded43ac060f5e25e20e8) Importer(2089858483,192608db42251d675da83286b1cce702) (ScriptedImporter) -> (artifact id: '726b913835c37cf1d88d07dc86e52b4d') in 0.00494425 seconds
Number of updated asset objects reloaded before import = 0Number of asset objects unloaded after import = 3

========================================================================
Received Import Request.
  Time since last request: 0.000048 seconds.
  path: Assets/Sprites/Loot/Pixel Art Icon Pack - RPG/Texture/Ore & Gem/Emerald.png
  artifactKey: Guid(1fe19ffae1abab0479d7d9716bcbbb9c) Importer(2089858483,192608db42251d675da83286b1cce702)
Start importing Assets/Sprites/Loot/Pixel Art Icon Pack - RPG/Texture/Ore & Gem/Emerald.png using Guid(1fe19ffae1abab0479d7d9716bcbbb9c) Importer(2089858483,192608db42251d675da83286b1cce702) (ScriptedImporter) -> (artifact id: '07d9bbc76ed47b598ea02079be788a2f') in 0.00645925 seconds
Number of updated asset objects reloaded before import = 0Number of asset objects unloaded after import = 3

========================================================================
Received Import Request.
  Time since last request: 0.000027 seconds.
  path: Assets/Sprites/Loot/Pixel Art Icon Pack - RPG/Texture/Monster Part/Skull.png
  artifactKey: Guid(587503b6015abc741ad5147fff8f4a06) Importer(2089858483,192608db42251d675da83286b1cce702)
Start importing Assets/Sprites/Loot/Pixel Art Icon Pack - RPG/Texture/Monster Part/Skull.png using Guid(587503b6015abc741ad5147fff8f4a06) Importer(2089858483,192608db42251d675da83286b1cce702) (ScriptedImporter) -> (artifact id: 'd65009ae32958bf91353edbaf8bb688d') in 0.004961958 seconds
Number of updated asset objects reloaded before import = 0Number of asset objects unloaded after import = 3

========================================================================
Received Import Request.
  Time since last request: 0.000061 seconds.
  path: Assets/Sprites/Loot/Pixel Art Icon Pack - RPG/Texture/Equipment/Helm.png
  artifactKey: Guid(6509adb73ba1de04d898264b898cdf2e) Importer(2089858483,192608db42251d675da83286b1cce702)
Start importing Assets/Sprites/Loot/Pixel Art Icon Pack - RPG/Texture/Equipment/Helm.png using Guid(6509adb73ba1de04d898264b898cdf2e) Importer(2089858483,192608db42251d675da83286b1cce702) (ScriptedImporter) -> (artifact id: 'b4051d1b7947a7b89b69d6dae0fba752') in 0.004619166 seconds
Number of updated asset objects reloaded before import = 0Number of asset objects unloaded after import = 3

========================================================================
Received Import Request.
  Time since last request: 0.000137 seconds.
  path: Assets/Sprites/Loot/Pixel Art Icon Pack - RPG/Texture/Potion/Empty Bottle.png
  artifactKey: Guid(bbc53608878294d46a1e3b694ee0a1fb) Importer(2089858483,192608db42251d675da83286b1cce702)
Start importing Assets/Sprites/Loot/Pixel Art Icon Pack - RPG/Texture/Potion/Empty Bottle.png using Guid(bbc53608878294d46a1e3b694ee0a1fb) Importer(2089858483,192608db42251d675da83286b1cce702) (ScriptedImporter) -> (artifact id: '4a981ab307f23f8f7e914d82b85fb3fb') in 0.005441791 seconds
Number of updated asset objects reloaded before import = 0Number of asset objects unloaded after import = 3

========================================================================
Received Import Request.
  Time since last request: 0.000037 seconds.
  path: Assets/Sprites/Loot/Pixel Art Icon Pack - RPG/Texture/Misc/Candle.png
  artifactKey: Guid(4408269a96438e84796304f4ac0ed623) Importer(2089858483,192608db42251d675da83286b1cce702)
Start importing Assets/Sprites/Loot/Pixel Art Icon Pack - RPG/Texture/Misc/Candle.png using Guid(4408269a96438e84796304f4ac0ed623) Importer(2089858483,192608db42251d675da83286b1cce702) (ScriptedImporter) -> (artifact id: '289b52b044f7529c1c39dd47c5791fc9') in 0.005249166 seconds
Number of updated asset objects reloaded before import = 0Number of asset objects unloaded after import = 3

========================================================================
Received Import Request.
  Time since last request: 0.000037 seconds.
  path: Assets/Sprites/Loot/Pixel Art Icon Pack - RPG/Texture/Misc/Book 2.png
  artifactKey: Guid(1c82fa18a9230df4f9a0aa981fe3a341) Importer(2089858483,192608db42251d675da83286b1cce702)
Start importing Assets/Sprites/Loot/Pixel Art Icon Pack - RPG/Texture/Misc/Book 2.png using Guid(1c82fa18a9230df4f9a0aa981fe3a341) Importer(2089858483,192608db42251d675da83286b1cce702) (ScriptedImporter) -> (artifact id: '8098bf8cc3ba6e974f2a8e7066eaffd2') in 0.006321375 seconds
Number of updated asset objects reloaded before import = 0Number of asset objects unloaded after import = 3

========================================================================
Received Import Request.
  Time since last request: 0.000056 seconds.
  path: Assets/Sprites/Loot/Pixel Art Icon Pack - RPG/Texture/Weapon & Tool/Torch.png
  artifactKey: Guid(68e1f3d1470827b49b3b3347af0e4f6d) Importer(2089858483,192608db42251d675da83286b1cce702)
Start importing Assets/Sprites/Loot/Pixel Art Icon Pack - RPG/Texture/Weapon & Tool/Torch.png using Guid(68e1f3d1470827b49b3b3347af0e4f6d) Importer(2089858483,192608db42251d675da83286b1cce702) (ScriptedImporter) -> (artifact id: '56b08f6a3e56ae93132d92b8063d12e7') in 0.005251958 seconds
Number of updated asset objects reloaded before import = 0Number of asset objects unloaded after import = 3

========================================================================
Received Import Request.
  Time since last request: 0.000061 seconds.
  path: Assets/Sprites/Loot/Pixel Art Icon Pack - RPG/Texture/Potion/Blue Potion 3.png
  artifactKey: Guid(ace8a02646afeda4880fc3cb14cad705) Importer(2089858483,192608db42251d675da83286b1cce702)
Start importing Assets/Sprites/Loot/Pixel Art Icon Pack - RPG/Texture/Potion/Blue Potion 3.png using Guid(ace8a02646afeda4880fc3cb14cad705) Importer(2089858483,192608db42251d675da83286b1cce702) (ScriptedImporter) -> (artifact id: '905aec5af81656a69625223a5245b1b9') in 0.004953583 seconds
Number of updated asset objects reloaded before import = 0Number of asset objects unloaded after import = 3

========================================================================
Received Import Request.
  Time since last request: 0.000038 seconds.
  path: Assets/Sprites/Loot/Pixel Art Icon Pack - RPG/Texture/Misc/Heart.png
  artifactKey: Guid(87a7c4321fd50514c8e41d6779a071da) Importer(2089858483,192608db42251d675da83286b1cce702)
Start importing Assets/Sprites/Loot/Pixel Art Icon Pack - RPG/Texture/Misc/Heart.png using Guid(87a7c4321fd50514c8e41d6779a071da) Importer(2089858483,192608db42251d675da83286b1cce702) (ScriptedImporter) -> (artifact id: '533e81dbb4627cfa728f31b66a10d101') in 0.00477825 seconds
Number of updated asset objects reloaded before import = 0Number of asset objects unloaded after import = 3

========================================================================
Received Import Request.
  Time since last request: 0.000034 seconds.
  path: Assets/Sprites/Loot/Pixel Art Icon Pack - RPG/Texture/Weapon & Tool/Wooden Sword.png
  artifactKey: Guid(2ddf0348701148a4d8a7c6a0f7f146b3) Importer(2089858483,192608db42251d675da83286b1cce702)
Start importing Assets/Sprites/Loot/Pixel Art Icon Pack - RPG/Texture/Weapon & Tool/Wooden Sword.png using Guid(2ddf0348701148a4d8a7c6a0f7f146b3) Importer(2089858483,192608db42251d675da83286b1cce702) (ScriptedImporter) -> (artifact id: 'd23b63fb2eb71a3fa50bc7a314e0d3d8') in 0.004890083 seconds
Number of updated asset objects reloaded before import = 0Number of asset objects unloaded after import = 3

========================================================================
Received Import Request.
  Time since last request: 0.000046 seconds.
  path: Assets/Sprites/Loot/Pixel Art Icon Pack - RPG/Texture/Monster Part/Bone.png
  artifactKey: Guid(844a1050d03ba5046bfb86af34a81e47) Importer(2089858483,192608db42251d675da83286b1cce702)
Start importing Assets/Sprites/Loot/Pixel Art Icon Pack - RPG/Texture/Monster Part/Bone.png using Guid(844a1050d03ba5046bfb86af34a81e47) Importer(2089858483,192608db42251d675da83286b1cce702) (ScriptedImporter) -> (artifact id: '3a98662e1f99ec8cbb87b2fd7e5e75b2') in 0.007224542 seconds
Number of updated asset objects reloaded before import = 0Number of asset objects unloaded after import = 3

========================================================================
Received Import Request.
  Time since last request: 0.000033 seconds.
  path: Assets/Sprites/Loot/Pixel Art Icon Pack - RPG/Texture/Equipment/Iron Armor.png
  artifactKey: Guid(567fdd2e557fefc478f8aaa7ae56fb11) Importer(2089858483,192608db42251d675da83286b1cce702)
Start importing Assets/Sprites/Loot/Pixel Art Icon Pack - RPG/Texture/Equipment/Iron Armor.png using Guid(567fdd2e557fefc478f8aaa7ae56fb11) Importer(2089858483,192608db42251d675da83286b1cce702) (ScriptedImporter) -> (artifact id: 'a588731042262f3df1baa81fe59d7359') in 0.004844667 seconds
Number of updated asset objects reloaded before import = 0Number of asset objects unloaded after import = 3

========================================================================
Received Import Request.
  Time since last request: 0.000047 seconds.
  path: Assets/Sprites/Loot/Pixel Art Icon Pack - RPG/Texture/Weapon & Tool/Topaz Staff.png
  artifactKey: Guid(1877011fdc8954440a807dd46b4eaab4) Importer(2089858483,192608db42251d675da83286b1cce702)
Start importing Assets/Sprites/Loot/Pixel Art Icon Pack - RPG/Texture/Weapon & Tool/Topaz Staff.png using Guid(1877011fdc8954440a807dd46b4eaab4) Importer(2089858483,192608db42251d675da83286b1cce702) (ScriptedImporter) -> (artifact id: '8c6c9c037f2883103c076c8d80bfae8d') in 0.00447225 seconds
Number of updated asset objects reloaded before import = 0Number of asset objects unloaded after import = 3

========================================================================
Received Import Request.
  Time since last request: 0.000038 seconds.
  path: Assets/Sprites/Loot/Pixel Art Icon Pack - RPG/Texture/Misc/Envolop.png
  artifactKey: Guid(745c230e29c9393469cb614114618353) Importer(2089858483,192608db42251d675da83286b1cce702)
Start importing Assets/Sprites/Loot/Pixel Art Icon Pack - RPG/Texture/Misc/Envolop.png using Guid(745c230e29c9393469cb614114618353) Importer(2089858483,192608db42251d675da83286b1cce702) (ScriptedImporter) -> (artifact id: 'f0c7660475f35cb290eaaee290de7a65') in 0.004677458 seconds
Number of updated asset objects reloaded before import = 0Number of asset objects unloaded after import = 3

========================================================================
Received Import Request.
  Time since last request: 0.000038 seconds.
  path: Assets/Sprites/Loot/Pixel Art Icon Pack - RPG/Texture/Weapon & Tool/Golden Sword.png
  artifactKey: Guid(90e99a7fde056a4418b9fe16084adb5c) Importer(2089858483,192608db42251d675da83286b1cce702)
Start importing Assets/Sprites/Loot/Pixel Art Icon Pack - RPG/Texture/Weapon & Tool/Golden Sword.png using Guid(90e99a7fde056a4418b9fe16084adb5c) Importer(2089858483,192608db42251d675da83286b1cce702) (ScriptedImporter) -> (artifact id: '07da7cffa76975f6965e73ce73531e5b') in 0.005441458 seconds
Number of updated asset objects reloaded before import = 0Number of asset objects unloaded after import = 3

========================================================================
Received Import Request.
  Time since last request: 0.000070 seconds.
  path: Assets/Sprites/Loot/Pixel Art Icon Pack - RPG/Texture/Weapon & Tool/Iron Sword.png
  artifactKey: Guid(8f28955d92038974a9b04aafaeea79b0) Importer(2089858483,192608db42251d675da83286b1cce702)
Start importing Assets/Sprites/Loot/Pixel Art Icon Pack - RPG/Texture/Weapon & Tool/Iron Sword.png using Guid(8f28955d92038974a9b04aafaeea79b0) Importer(2089858483,192608db42251d675da83286b1cce702) (ScriptedImporter) -> (artifact id: '5ea5378f8391083c3705c59a75e2cebb') in 0.006874208 seconds
Number of updated asset objects reloaded before import = 0Number of asset objects unloaded after import = 3

========================================================================
Received Import Request.
  Time since last request: 0.000034 seconds.
  path: Assets/Sprites/Loot/Pixel Art Icon Pack - RPG/Texture/Ore & Gem/Crystal.png
  artifactKey: Guid(8f6d58fd471ba8a45a4b681953e29c26) Importer(2089858483,192608db42251d675da83286b1cce702)
Start importing Assets/Sprites/Loot/Pixel Art Icon Pack - RPG/Texture/Ore & Gem/Crystal.png using Guid(8f6d58fd471ba8a45a4b681953e29c26) Importer(2089858483,192608db42251d675da83286b1cce702) (ScriptedImporter) -> (artifact id: '7e84cc01a7fc8b9233bcb55fb682cf9f') in 0.004996833 seconds
Number of updated asset objects reloaded before import = 0Number of asset objects unloaded after import = 3

========================================================================
Received Import Request.
  Time since last request: 0.000032 seconds.
  path: Assets/Sprites/Loot/Pixel Art Icon Pack - RPG/Texture/Material/Fabric.png
  artifactKey: Guid(e577f30c6bd976a429addedf4c4ad662) Importer(2089858483,192608db42251d675da83286b1cce702)
Start importing Assets/Sprites/Loot/Pixel Art Icon Pack - RPG/Texture/Material/Fabric.png using Guid(e577f30c6bd976a429addedf4c4ad662) Importer(2089858483,192608db42251d675da83286b1cce702) (ScriptedImporter) -> (artifact id: 'd8677337593995edd2b816b813f3f801') in 0.005052541 seconds
Number of updated asset objects reloaded before import = 0Number of asset objects unloaded after import = 3

========================================================================
Received Import Request.
  Time since last request: 0.000039 seconds.
  path: Assets/Sprites/Loot/Pixel Art Icon Pack - RPG/Texture/Misc/Golden Key.png
  artifactKey: Guid(a6c10312421cb5e438d8b9edaad2db28) Importer(2089858483,192608db42251d675da83286b1cce702)
Start importing Assets/Sprites/Loot/Pixel Art Icon Pack - RPG/Texture/Misc/Golden Key.png using Guid(a6c10312421cb5e438d8b9edaad2db28) Importer(2089858483,192608db42251d675da83286b1cce702) (ScriptedImporter) -> (artifact id: 'a1fc53f1aa93b5c870247e58c521a7b5') in 0.0054275 seconds
Number of updated asset objects reloaded before import = 0Number of asset objects unloaded after import = 3

========================================================================
Received Import Request.
  Time since last request: 0.000036 seconds.
  path: Assets/Sprites/Loot/Pixel Art Icon Pack - RPG/Material/MT UI Icon Outline Yellow.mat
  artifactKey: Guid(bb6f9bec926368b4eb8e5590da43eee9) Importer(2089858483,192608db42251d675da83286b1cce702)
Start importing Assets/Sprites/Loot/Pixel Art Icon Pack - RPG/Material/MT UI Icon Outline Yellow.mat using Guid(bb6f9bec926368b4eb8e5590da43eee9) Importer(2089858483,192608db42251d675da83286b1cce702) (ScriptedImporter) -> (artifact id: 'ebe6dd8441eefc919e233c5a525be011') in 0.002442583 seconds
Number of updated asset objects reloaded before import = 0Number of asset objects unloaded after import = 1

========================================================================
Received Import Request.
  Time since last request: 0.000037 seconds.
  path: Assets/Sprites/Loot/Pixel Art Icon Pack - RPG/Texture/Weapon & Tool/Pickaxe.png
  artifactKey: Guid(1fb46228a3bcb5042a763829cc07f9e5) Importer(2089858483,192608db42251d675da83286b1cce702)
Start importing Assets/Sprites/Loot/Pixel Art Icon Pack - RPG/Texture/Weapon & Tool/Pickaxe.png using Guid(1fb46228a3bcb5042a763829cc07f9e5) Importer(2089858483,192608db42251d675da83286b1cce702) (ScriptedImporter) -> (artifact id: '1cb5d733ef64f69bd2a47e77196d2e48') in 0.005109209 seconds
Number of updated asset objects reloaded before import = 0Number of asset objects unloaded after import = 3

========================================================================
Received Import Request.
  Time since last request: 0.000036 seconds.
  path: Assets/Sprites/Loot/Pixel Art Icon Pack - RPG/Texture/Ore & Gem/Coal.png
  artifactKey: Guid(7d58fd33da0c1714e83ed3c55ae05bb9) Importer(2089858483,192608db42251d675da83286b1cce702)
Start importing Assets/Sprites/Loot/Pixel Art Icon Pack - RPG/Texture/Ore & Gem/Coal.png using Guid(7d58fd33da0c1714e83ed3c55ae05bb9) Importer(2089858483,192608db42251d675da83286b1cce702) (ScriptedImporter) -> (artifact id: '377f4e537dc7a476aafbeae9cc524a46') in 0.00659675 seconds
Number of updated asset objects reloaded before import = 0Number of asset objects unloaded after import = 3

========================================================================
Received Import Request.
  Time since last request: 0.000028 seconds.
  path: Assets/Sprites/Loot/Pixel Art Icon Pack - RPG/Texture/Misc/Lantern.png
  artifactKey: Guid(5780c0f7daa138f46823eb60d93b7cc6) Importer(2089858483,192608db42251d675da83286b1cce702)
Start importing Assets/Sprites/Loot/Pixel Art Icon Pack - RPG/Texture/Misc/Lantern.png using Guid(5780c0f7daa138f46823eb60d93b7cc6) Importer(2089858483,192608db42251d675da83286b1cce702) (ScriptedImporter) -> (artifact id: 'da05a26f680a415ed16c1bbfb1a97fd0') in 0.005355625 seconds
Number of updated asset objects reloaded before import = 0Number of asset objects unloaded after import = 3

========================================================================
Received Import Request.
  Time since last request: 0.000057 seconds.
  path: Assets/Sprites/Loot/Pixel Art Icon Pack - RPG/Texture/Monster Part/Slime Gel.png
  artifactKey: Guid(d1f94eb541d98c94c9e0a776707e9c7c) Importer(2089858483,192608db42251d675da83286b1cce702)
Start importing Assets/Sprites/Loot/Pixel Art Icon Pack - RPG/Texture/Monster Part/Slime Gel.png using Guid(d1f94eb541d98c94c9e0a776707e9c7c) Importer(2089858483,192608db42251d675da83286b1cce702) (ScriptedImporter) -> (artifact id: 'd6bb4a3f3c6eb617c7fc1abf436ebb27') in 0.004801208 seconds
Number of updated asset objects reloaded before import = 0Number of asset objects unloaded after import = 3

========================================================================
Received Import Request.
  Time since last request: 0.000039 seconds.
  path: Assets/Sprites/Loot/Pixel Art Icon Pack - RPG/Texture/Misc/Rune Stone.png
  artifactKey: Guid(b9a847102a75c8c429a8f749008df6c2) Importer(2089858483,192608db42251d675da83286b1cce702)
Start importing Assets/Sprites/Loot/Pixel Art Icon Pack - RPG/Texture/Misc/Rune Stone.png using Guid(b9a847102a75c8c429a8f749008df6c2) Importer(2089858483,192608db42251d675da83286b1cce702) (ScriptedImporter) -> (artifact id: '0478f34a615b1922ef8888b34c77db66') in 0.004816167 seconds
Number of updated asset objects reloaded before import = 0Number of asset objects unloaded after import = 3

========================================================================
Received Import Request.
  Time since last request: 0.000037 seconds.
  path: Assets/Sprites/Loot/Pixel Art Icon Pack - RPG/Texture/Ore & Gem/Pearl.png
  artifactKey: Guid(2c523fa3ca4e1fc4b9a5713e504e6cce) Importer(2089858483,192608db42251d675da83286b1cce702)
Start importing Assets/Sprites/Loot/Pixel Art Icon Pack - RPG/Texture/Ore & Gem/Pearl.png using Guid(2c523fa3ca4e1fc4b9a5713e504e6cce) Importer(2089858483,192608db42251d675da83286b1cce702) (ScriptedImporter) -> (artifact id: '90921dff3096aaf7f1637fd1cdea14cc') in 0.005915958 seconds
Number of updated asset objects reloaded before import = 0Number of asset objects unloaded after import = 3

========================================================================
Received Import Request.
  Time since last request: 0.000035 seconds.
  path: Assets/Sprites/Loot/Pixel Art Icon Pack - RPG/Shader/SH UI Icon Outline Color.shader
  artifactKey: Guid(005206bf499fe904b84c98e6fffa154f) Importer(2089858483,192608db42251d675da83286b1cce702)
Start importing Assets/Sprites/Loot/Pixel Art Icon Pack - RPG/Shader/SH UI Icon Outline Color.shader using Guid(005206bf499fe904b84c98e6fffa154f) Importer(2089858483,192608db42251d675da83286b1cce702) (ScriptedImporter) -> (artifact id: 'b38c9faae1761014d0a9511dcbedd752') in 0.002765083 seconds
Number of updated asset objects reloaded before import = 0Number of asset objects unloaded after import = 1

========================================================================
Received Import Request.
  Time since last request: 0.000034 seconds.
  path: Assets/Sprites/Loot/Pixel Art Icon Pack - RPG/Material/MT Sprite Outline Yellow.mat
  artifactKey: Guid(edc31919a4a0caa4eafbbd6eb17dfc39) Importer(2089858483,192608db42251d675da83286b1cce702)
Start importing Assets/Sprites/Loot/Pixel Art Icon Pack - RPG/Material/MT Sprite Outline Yellow.mat using Guid(edc31919a4a0caa4eafbbd6eb17dfc39) Importer(2089858483,192608db42251d675da83286b1cce702) (ScriptedImporter) -> (artifact id: '6547ff405207626bc1abb33c8555818a') in 0.00406625 seconds
Number of updated asset objects reloaded before import = 0Number of asset objects unloaded after import = 1

========================================================================
Received Import Request.
  Time since last request: 0.000027 seconds.
  path: Assets/Sprites/Loot/Pixel Art Icon Pack - RPG/Texture/Material/Paper.png
  artifactKey: Guid(615ecf391b0ba0b40a9c3882ac5e6afc) Importer(2089858483,192608db42251d675da83286b1cce702)
Start importing Assets/Sprites/Loot/Pixel Art Icon Pack - RPG/Texture/Material/Paper.png using Guid(615ecf391b0ba0b40a9c3882ac5e6afc) Importer(2089858483,192608db42251d675da83286b1cce702) (ScriptedImporter) -> (artifact id: '7ebde2b54eabe33f515473fb085bc736') in 0.005236125 seconds
Number of updated asset objects reloaded before import = 0Number of asset objects unloaded after import = 3

========================================================================
Received Import Request.
  Time since last request: 0.000035 seconds.
  path: Assets/Sprites/Loot/Pixel Art Icon Pack - RPG/Texture/Misc/Silver Key.png
  artifactKey: Guid(17c2d0550f9d2f9418f458279eb57c65) Importer(2089858483,192608db42251d675da83286b1cce702)
Start importing Assets/Sprites/Loot/Pixel Art Icon Pack - RPG/Texture/Misc/Silver Key.png using Guid(17c2d0550f9d2f9418f458279eb57c65) Importer(2089858483,192608db42251d675da83286b1cce702) (ScriptedImporter) -> (artifact id: '256eb5ad2d49f37f21099c82170e8b31') in 0.004692 seconds
Number of updated asset objects reloaded before import = 0Number of asset objects unloaded after import = 3

========================================================================
Received Import Request.
  Time since last request: 0.000032 seconds.
  path: Assets/Sprites/Loot/Pixel Art Icon Pack - RPG/Texture
  artifactKey: Guid(2b31c5cb4593d414787a268307422aaa) Importer(2089858483,192608db42251d675da83286b1cce702)
Start importing Assets/Sprites/Loot/Pixel Art Icon Pack - RPG/Texture using Guid(2b31c5cb4593d414787a268307422aaa) Importer(2089858483,192608db42251d675da83286b1cce702) (ScriptedImporter) -> (artifact id: 'f826f74a07fbfc9a89f65869ec218680') in 0.00155175 seconds
Number of updated asset objects reloaded before import = 0Number of asset objects unloaded after import = 1

========================================================================
Received Prepare
WARNING: Shader Unsupported: 'Universal Render Pipeline/VR/SpatialMapping/Wireframe' - All subshaders removed
WARNING: Shader Did you use #pragma only_renderers and omit this platform?
WARNING: Shader If subshaders removal was intentional, you may have forgotten turning Fallback off?
WARNING: Shader Unsupported: 'Universal Render Pipeline/VR/SpatialMapping/Wireframe' - All subshaders removed
WARNING: Shader Did you use #pragma only_renderers and omit this platform?
WARNING: Shader If subshaders removal was intentional, you may have forgotten turning Fallback off?
Refreshing native plugins compatible for Editor in 0.61 ms, found 3 plugins.
Preloading 0 native plugins for Editor in 0.00 ms.
Unloading 15 Unused Serialized files (Serialized files now loaded: 0)
Unloading 6871 unused Assets / (3.8 MB). Loaded Objects now: 7617.
Memory consumption went from 150.6 MB to 146.8 MB.
Total: 21.480417 ms (FindLiveObjects: 0.509250 ms CreateObjectMapping: 0.189458 ms MarkObjects: 19.587833 ms  DeleteObjects: 1.193166 ms)

Prepare: number of updated asset objects reloaded= 0
========================================================================
Received Prepare
Begin MonoManager ReloadAssembly
[Licensing::Client] Successfully resolved entitlement details
Thread 0x2cbf8f000 may have been prematurely finalized
- Loaded All Assemblies, in  0.473 seconds
Refreshing native plugins compatible for Editor in 0.36 ms, found 3 plugins.
Native extension for WindowsStandalone target not found
Native extension for OSXStandalone target not found
[Package Manager] Failed to launch server process. Reason: Unity was launched with the -noUpm command-line argument
[Package Manager] Unable to send message (not connected to server process).
[Package Manager] Cannot connect to Unity Package Manager local server
Mono: successfully reloaded assembly
- Finished resetting the current domain, in  0.544 seconds
Domain Reload Profiling: 1019ms
	BeginReloadAssembly (145ms)
		ExecutionOrderSort (0ms)
		DisableScriptedObjects (9ms)
		BackupInstance (0ms)
		ReleaseScriptingObjects (0ms)
		CreateAndSetChildDomain (69ms)
	RebuildCommonClasses (24ms)
	RebuildNativeTypeToScriptingClass (9ms)
	initialDomainReloadingComplete (13ms)
	LoadAllAssembliesAndSetupDomain (284ms)
		LoadAssemblies (190ms)
		RebuildTransferFunctionScriptingTraits (0ms)
		AnalyzeDomain (123ms)
			TypeCache.Refresh (12ms)
				TypeCache.ScanAssembly (2ms)
			BuildScriptInfoCaches (102ms)
			ResolveRequiredComponents (7ms)
	FinalizeReload (544ms)
		ReleaseScriptCaches (0ms)
		RebuildScriptCaches (0ms)
		SetupLoadedEditorAssemblies (455ms)
			LogAssemblyErrors (0ms)
			InitializePlatformSupportModulesInManaged (1ms)
			SetLoadedEditorAssemblies (2ms)
			BeforeProcessingInitializeOnLoad (105ms)
			ProcessInitializeOnLoadAttributes (314ms)
			ProcessInitializeOnLoadMethodAttributes (32ms)
			AfterProcessingInitializeOnLoad (1ms)
			EditorAssembliesLoaded (0ms)
		ExecutionOrderSort2 (0ms)
		AwakeInstancesAfterBackupRestoration (7ms)
WARNING: Shader Unsupported: 'Universal Render Pipeline/VR/SpatialMapping/Wireframe' - All subshaders removed
WARNING: Shader Did you use #pragma only_renderers and omit this platform?
WARNING: Shader If subshaders removal was intentional, you may have forgotten turning Fallback off?
WARNING: Shader Unsupported: 'Universal Render Pipeline/VR/SpatialMapping/Wireframe' - All subshaders removed
WARNING: Shader Did you use #pragma only_renderers and omit this platform?
WARNING: Shader If subshaders removal was intentional, you may have forgotten turning Fallback off?
Refreshing native plugins compatible for Editor in 0.41 ms, found 3 plugins.
Preloading 0 native plugins for Editor in 0.00 ms.
Unloading 15 Unused Serialized files (Serialized files now loaded: 0)
Unloading 6882 unused Assets / (5.0 MB). Loaded Objects now: 7620.
Memory consumption went from 163.3 MB to 158.3 MB.
Total: 5.614791 ms (FindLiveObjects: 0.314666 ms CreateObjectMapping: 0.136792 ms MarkObjects: 4.067000 ms  DeleteObjects: 1.096041 ms)

Prepare: number of updated asset objects reloaded= 0
Editor requested this worker to shutdown with reason: Scaling down because of idle timeout
AssetImportWorker is now disconnected from the server
Process exiting
