Unity Editor version:    6000.2.6f2 (4a4dcaec6541)
Branch:                  6000.2/respin/6000.2.6f2-cc51a95c03
Build type:              Release
Batch mode:              YES
macOS version:           Version 14.1 (Build 23B2073)
Darwin version:          23.1.0
Architecture:            arm64
Running under Rosetta:   NO
Available memory:        36864 MB
Date:                    2026-02-09T12:39:45Z
[Licensing::Module] Trying to connect to existing licensing client channel...
[Licensing::IpcConnector] Successfully connected to: "LicenseClient-jiooqAcu6Nz-74HJ4C5nv" at "2026-02-09T12:39:45.120911Z"

COMMAND LINE ARGUMENTS:
/Applications/Unity/Hub/Editor/6000.2.6f2/Unity.app/Contents/MacOS/Unity
-adb2
-batchMode
-noUpm
-name
AssetImportWorker17
-projectPath
/Users/tuan/Documents/Game/Idle Merchant Guild/Idle Merchant Guild
-logFile
Logs/AssetImportWorker17.log
-srvPort
59015
-licensingIpc
LicenseClient-jiooqAcu6Nz-74HJ4C5nv
-job-worker-count
5
-background-job-worker-count
8
-gc-helper-count
1
-name AssetImport
Successfully changed project path to: /Users/tuan/Documents/Game/Idle Merchant Guild/Idle Merchant Guild
/Users/tuan/Documents/Game/Idle Merchant Guild/Idle Merchant Guild
[UnityMemory] Configuration Parameters - Can be set up in boot.config
    "memorysetup-allocator-temp-initial-block-size-main=262144"
    "memorysetup-allocator-temp-initial-block-size-worker=262144"
    "memorysetup-bucket-allocator-granularity=16"
    "memorysetup-bucket-allocator-bucket-count=8"
    "memorysetup-bucket-allocator-block-size=33554432"
    "memorysetup-bucket-allocator-block-count=8"
    "memorysetup-main-allocator-block-size=16777216"
    "memorysetup-thread-allocator-block-size=16777216"
    "memorysetup-gfx-main-allocator-block-size=16777216"
    "memorysetup-gfx-thread-allocator-block-size=16777216"
    "memorysetup-cache-allocator-block-size=4194304"
    "memorysetup-typetree-allocator-block-size=2097152"
    "memorysetup-profiler-bucket-allocator-granularity=16"
    "memorysetup-profiler-bucket-allocator-bucket-count=8"
    "memorysetup-profiler-bucket-allocator-block-size=33554432"
    "memorysetup-profiler-bucket-allocator-block-count=8"
    "memorysetup-profiler-allocator-block-size=16777216"
    "memorysetup-profiler-editor-allocator-block-size=1048576"
    "memorysetup-temp-allocator-size-main=16777216"
    "memorysetup-job-temp-allocator-block-size=2097152"
    "memorysetup-job-temp-allocator-block-size-background=1048576"
    "memorysetup-job-temp-allocator-reduction-small-platforms=262144"
    "memorysetup-temp-allocator-size-background-worker=32768"
    "memorysetup-temp-allocator-size-job-worker=262144"
    "memorysetup-temp-allocator-size-preload-manager=33554432"
    "memorysetup-temp-allocator-size-nav-mesh-worker=65536"
    "memorysetup-temp-allocator-size-audio-worker=65536"
    "memorysetup-temp-allocator-size-cloud-worker=32768"
    "memorysetup-temp-allocator-size-gi-baking-worker=262144"
    "memorysetup-temp-allocator-size-gi-baking-worker=262144"
    "memorysetup-temp-allocator-size-gi-baking-worker=262144"
    "memorysetup-temp-allocator-size-gi-baking-worker=262144"
    "memorysetup-temp-allocator-size-gi-baking-worker=262144"
    "memorysetup-temp-allocator-size-gfx=262144"
Player connection [7957159616]  Target information:

Player connection [7957159616]  * "[IP] 192.168.1.174 [Port] 0 [Flags] 2 [Guid] 1000154754 [EditorId] 1000154754 [Version] 1048832 [Id] OSXEditor(0,tuan-macbookpro.internal.alliancesoftware.com.au) [Debug] 1 [PackageName] OSXEditor [ProjectName] Editor" 

Player connection [7957159616]  * "[IP] 172.16.128.83 [Port] 0 [Flags] 2 [Guid] 1000154754 [EditorId] 1000154754 [Version] 1048832 [Id] OSXEditor(0,tuan-macbookpro.internal.alliancesoftware.com.au) [Debug] 1 [PackageName] OSXEditor [ProjectName] Editor" 

Player connection [7957159616] Host joined multi-casting on [225.0.0.222:54997]...
Player connection [7957159616] Host joined alternative multi-casting on [225.0.0.222:34997]...
JobSystem: Creating JobQueue using job-worker-count value 5
Input System module state changed to: Initialized.
[Physics::Module] Initialized fallback backend.
[Physics::Module] Id: 0xdecafbad
Library Redirect Path: Library/
[Physics::Module] Selected backend.
[Physics::Module] Name: PhysX
[Physics::Module] Id: 0xf2b8ea05
[Physics::Module] SDK Version: 4.1.2
[Physics::Module] Integration Version: 1.0.0
[Physics::Module] Threading Mode: Multi-Threaded
Refreshing native plugins compatible for Editor in 3.25 ms, found 3 plugins.
Preloading 0 native plugins for Editor in 0.00 ms.
Initialize engine version: 6000.2.6f2 (4a4dcaec6541)
[Subsystems] Discovering subsystems at path /Applications/Unity/Hub/Editor/6000.2.6f2/Unity.app/Contents/Resources/UnitySubsystems
[Subsystems] Discovering subsystems at path /Users/tuan/Documents/Game/Idle Merchant Guild/Idle Merchant Guild/Assets
GfxDevice: creating device client; kGfxThreadingModeNonThreaded
 preferred device: Apple M3 Pro (high power)
Metal devices available: 1
0: Apple M3 Pro (high power)
Using device Apple M3 Pro (high power)
Initializing Metal device caps: Apple M3 Pro
Mac GPU Family: 2
Apple GPU Family: 9
MSL Version: 3.0
Has Float MSAA: 1
Has Float Filtering: 1
ReadWrite Texture Tier: 2
Initialize mono
Mono path[0] = '/Applications/Unity/Hub/Editor/6000.2.6f2/Unity.app/Contents/Managed'
Mono path[1] = '/Applications/Unity/Hub/Editor/6000.2.6f2/Unity.app/Contents/MonoBleedingEdge/lib/mono/unityjit-macos'
Mono config path = '/Applications/Unity/Hub/Editor/6000.2.6f2/Unity.app/Contents/MonoBleedingEdge/etc'
Using monoOptions --debugger-agent=transport=dt_socket,embedding=1,server=y,suspend=n,address=127.0.0.1:56784
Begin MonoManager ReloadAssembly
[Licensing::Client] Code 10 while verifying Licensing Client signature (process Id: 3674, path: "/Applications/Unity Hub.app/Contents/Frameworks/UnityLicensingClient_V1.app/Contents/MacOS/Unity.Licensing.Client")
[Licensing::Module] LicensingClient has failed validation; ignoring
[Licensing::Client] Handshaking with LicensingClient:
  Version:                 1.17.4+4293ba1
  Session Id:              69a53656a7654ae3a255e0d2e95b0aca
  Correlation Id:          39a4a07bf70fb1c08317681dee785bef
  External correlation Id: 3186579006926454339
  Machine Id:              r03sfJLGi3ZcU2lmeRaNq5BVOsU=
[Licensing::Module] Successfully connected to LicensingClient on channel: "LicenseClient-jiooqAcu6Nz-74HJ4C5nv" (connect: 0.00s, validation: 0.00s, handshake: 0.35s)
[Licensing::IpcConnector] Successfully connected to: "LicenseClient-jiooqAcu6Nz-74HJ4C5nv-notifications" at "2026-02-09T12:39:45.472335Z"
[Licensing::Module] Licensing Background thread has ended after 0.35s
Registering precompiled unity dll's ...
Register platform support module: /Applications/Unity/Hub/Editor/6000.2.6f2/Unity.app/Contents/PlaybackEngines/MacStandaloneSupport/UnityEditor.OSXStandalone.Extensions.dll
Register platform support module: /Applications/Unity/Hub/Editor/6000.2.6f2/PlaybackEngines/WindowsStandaloneSupport/UnityEditor.WindowsStandalone.Extensions.dll
Registered in 0.001053 seconds.
- Loaded All Assemblies, in  0.248 seconds
Native extension for WindowsStandalone target not found
Native extension for OSXStandalone target not found
Mono: successfully reloaded assembly
- Finished resetting the current domain, in  0.227 seconds
Domain Reload Profiling: 475ms
	BeginReloadAssembly (82ms)
		ExecutionOrderSort (0ms)
		DisableScriptedObjects (0ms)
		BackupInstance (0ms)
		ReleaseScriptingObjects (0ms)
		CreateAndSetChildDomain (0ms)
	RebuildCommonClasses (24ms)
	RebuildNativeTypeToScriptingClass (8ms)
	initialDomainReloadingComplete (27ms)
	LoadAllAssembliesAndSetupDomain (107ms)
		LoadAssemblies (82ms)
		RebuildTransferFunctionScriptingTraits (0ms)
		AnalyzeDomain (105ms)
			TypeCache.Refresh (104ms)
				TypeCache.ScanAssembly (95ms)
			BuildScriptInfoCaches (0ms)
			ResolveRequiredComponents (0ms)
	FinalizeReload (227ms)
		ReleaseScriptCaches (0ms)
		RebuildScriptCaches (0ms)
		SetupLoadedEditorAssemblies (196ms)
			LogAssemblyErrors (0ms)
			InitializePlatformSupportModulesInManaged (32ms)
			SetLoadedEditorAssemblies (3ms)
			BeforeProcessingInitializeOnLoad (48ms)
			ProcessInitializeOnLoadAttributes (73ms)
			ProcessInitializeOnLoadMethodAttributes (39ms)
			AfterProcessingInitializeOnLoad (0ms)
			EditorAssembliesLoaded (0ms)
		ExecutionOrderSort2 (0ms)
		AwakeInstancesAfterBackupRestoration (0ms)
========================================================================
Worker process is ready to serve import requests
Import Worker Mode flag is 0x00
Begin MonoManager ReloadAssembly
[Licensing::Client] Successfully resolved entitlement details
[Licensing::Module] License group:
  Id: 698689-UnityPersXXXX
  Product: Unity Personal
  Type: Assigned
  Expiration: Unlimited
- Loaded All Assemblies, in  0.500 seconds
Refreshing native plugins compatible for Editor in 0.41 ms, found 3 plugins.
Native extension for WindowsStandalone target not found
Native extension for OSXStandalone target not found
Package Manager log level set to [2]
[Package Manager] Failed to launch server process. Reason: Unity was launched with the -noUpm command-line argument
[Package Manager] Unable to send message (not connected to server process).
[Package Manager] Cannot connect to Unity Package Manager local server
Mono: successfully reloaded assembly
- Finished resetting the current domain, in  0.579 seconds
Domain Reload Profiling: 1081ms
	BeginReloadAssembly (84ms)
		ExecutionOrderSort (0ms)
		DisableScriptedObjects (3ms)
		BackupInstance (0ms)
		ReleaseScriptingObjects (0ms)
		CreateAndSetChildDomain (25ms)
	RebuildCommonClasses (25ms)
	RebuildNativeTypeToScriptingClass (9ms)
	initialDomainReloadingComplete (19ms)
	LoadAllAssembliesAndSetupDomain (363ms)
		LoadAssemblies (224ms)
		RebuildTransferFunctionScriptingTraits (0ms)
		AnalyzeDomain (169ms)
			TypeCache.Refresh (132ms)
				TypeCache.ScanAssembly (119ms)
			BuildScriptInfoCaches (29ms)
			ResolveRequiredComponents (7ms)
	FinalizeReload (581ms)
		ReleaseScriptCaches (0ms)
		RebuildScriptCaches (0ms)
		SetupLoadedEditorAssemblies (478ms)
			LogAssemblyErrors (0ms)
			InitializePlatformSupportModulesInManaged (2ms)
			SetLoadedEditorAssemblies (4ms)
			BeforeProcessingInitializeOnLoad (84ms)
			ProcessInitializeOnLoadAttributes (323ms)
			ProcessInitializeOnLoadMethodAttributes (65ms)
			AfterProcessingInitializeOnLoad (1ms)
			EditorAssembliesLoaded (0ms)
		ExecutionOrderSort2 (0ms)
		AwakeInstancesAfterBackupRestoration (2ms)
WARNING: Shader Unsupported: 'Universal Render Pipeline/VR/SpatialMapping/Wireframe' - All subshaders removed
WARNING: Shader Did you use #pragma only_renderers and omit this platform?
WARNING: Shader If subshaders removal was intentional, you may have forgotten turning Fallback off?
WARNING: Shader Unsupported: 'Universal Render Pipeline/VR/SpatialMapping/Wireframe' - All subshaders removed
WARNING: Shader Did you use #pragma only_renderers and omit this platform?
WARNING: Shader If subshaders removal was intentional, you may have forgotten turning Fallback off?
Launching external process: /Applications/Unity/Hub/Editor/6000.2.6f2/Unity.app/Contents/Tools/UnityShaderCompiler
Launched and connected shader compiler UnityShaderCompiler after 0.05 seconds
Refreshing native plugins compatible for Editor in 0.44 ms, found 3 plugins.
Preloading 0 native plugins for Editor in 0.00 ms.
Unloading 15 Unused Serialized files (Serialized files now loaded: 0)
Unloading 6884 unused Assets / (3.6 MB). Loaded Objects now: 7613.
Memory consumption went from 144.2 MB to 140.6 MB.
Total: 6.797833 ms (FindLiveObjects: 0.640291 ms CreateObjectMapping: 0.170084 ms MarkObjects: 4.642209 ms  DeleteObjects: 1.344667 ms)

========================================================================
Received Import Request.
  Time since last request: 1506554.096101 seconds.
  path: Assets/Sprites/Village/Tileset/MainLevBuild_118.asset
  artifactKey: Guid(e0f40fa0a15564804a4fb0e756bebbe7) Importer(2089858483,192608db42251d675da83286b1cce702)
Start importing Assets/Sprites/Village/Tileset/MainLevBuild_118.asset using Guid(e0f40fa0a15564804a4fb0e756bebbe7) Importer(2089858483,192608db42251d675da83286b1cce702) (ScriptedImporter) -> (artifact id: '32d9e2f5fc841acc0cdaca4a1e3127e7') in 0.126587208 seconds
Number of updated asset objects reloaded before import = 0Number of asset objects unloaded after import = 2

========================================================================
Received Import Request.
  Time since last request: 0.000032 seconds.
  path: Assets/Sprites/Village/Tileset/MainLevBuild_58.asset
  artifactKey: Guid(6ec97c9551de34041beb401874d979ba) Importer(2089858483,192608db42251d675da83286b1cce702)
Start importing Assets/Sprites/Village/Tileset/MainLevBuild_58.asset using Guid(6ec97c9551de34041beb401874d979ba) Importer(2089858483,192608db42251d675da83286b1cce702) (ScriptedImporter) -> (artifact id: '6c32241c3caf85ab8921bffee4bfb205') in 0.003179625 seconds
Number of updated asset objects reloaded before import = 0Number of asset objects unloaded after import = 2

========================================================================
Received Import Request.
  Time since last request: 0.000070 seconds.
  path: Assets/Sprites/Village/Tileset/MainLevBuild_763.asset
  artifactKey: Guid(1930a07afc94f4bf894fd708e10b8e87) Importer(2089858483,192608db42251d675da83286b1cce702)
Start importing Assets/Sprites/Village/Tileset/MainLevBuild_763.asset using Guid(1930a07afc94f4bf894fd708e10b8e87) Importer(2089858483,192608db42251d675da83286b1cce702) (ScriptedImporter) -> (artifact id: '364054aae051e7dd40f091fe350c4021') in 0.003012541 seconds
Number of updated asset objects reloaded before import = 0Number of asset objects unloaded after import = 2

========================================================================
Received Import Request.
  Time since last request: 0.000044 seconds.
  path: Assets/Sprites/Village/Tileset/MainLevBuild_165.asset
  artifactKey: Guid(5f5a15dd7e4004427a9d69e9614280cf) Importer(2089858483,192608db42251d675da83286b1cce702)
Start importing Assets/Sprites/Village/Tileset/MainLevBuild_165.asset using Guid(5f5a15dd7e4004427a9d69e9614280cf) Importer(2089858483,192608db42251d675da83286b1cce702) (ScriptedImporter) -> (artifact id: '4ff1b338929890412ff6ce61a9cd1596') in 0.002859 seconds
Number of updated asset objects reloaded before import = 0Number of asset objects unloaded after import = 2

========================================================================
Received Import Request.
  Time since last request: 0.000045 seconds.
  path: Assets/Sprites/Village/Tileset/MainLevBuild_898.asset
  artifactKey: Guid(bec19891bc4e04c90ad6a38e3899644c) Importer(2089858483,192608db42251d675da83286b1cce702)
Start importing Assets/Sprites/Village/Tileset/MainLevBuild_898.asset using Guid(bec19891bc4e04c90ad6a38e3899644c) Importer(2089858483,192608db42251d675da83286b1cce702) (ScriptedImporter) -> (artifact id: '3a640a3d2d2296684f08147e3ecec76c') in 0.003056875 seconds
Number of updated asset objects reloaded before import = 0Number of asset objects unloaded after import = 2

========================================================================
Received Import Request.
  Time since last request: 0.000035 seconds.
  path: Assets/Sprites/Village/Tileset/MainLevBuild_113.asset
  artifactKey: Guid(181bcd9b95d384f00b4be2c530d7c39a) Importer(2089858483,192608db42251d675da83286b1cce702)
Start importing Assets/Sprites/Village/Tileset/MainLevBuild_113.asset using Guid(181bcd9b95d384f00b4be2c530d7c39a) Importer(2089858483,192608db42251d675da83286b1cce702) (ScriptedImporter) -> (artifact id: 'fd47415b5b43d635108c963d9b0b4784') in 0.002724334 seconds
Number of updated asset objects reloaded before import = 0Number of asset objects unloaded after import = 2

========================================================================
Received Import Request.
  Time since last request: 0.000038 seconds.
  path: Assets/Sprites/Village/Tileset/MainLevBuild_351.asset
  artifactKey: Guid(4e8ecaafafba44ce189ea9a7f827155e) Importer(2089858483,192608db42251d675da83286b1cce702)
Start importing Assets/Sprites/Village/Tileset/MainLevBuild_351.asset using Guid(4e8ecaafafba44ce189ea9a7f827155e) Importer(2089858483,192608db42251d675da83286b1cce702) (ScriptedImporter) -> (artifact id: '3ac94b614be79bb7faaeb5aaf6080759') in 0.002809417 seconds
Number of updated asset objects reloaded before import = 0Number of asset objects unloaded after import = 2

========================================================================
Received Import Request.
  Time since last request: 0.000037 seconds.
  path: Assets/Sprites/Village/Tileset/MainLevBuild_146.asset
  artifactKey: Guid(d460290c57e1d4ddda3724f4870190b0) Importer(2089858483,192608db42251d675da83286b1cce702)
Start importing Assets/Sprites/Village/Tileset/MainLevBuild_146.asset using Guid(d460290c57e1d4ddda3724f4870190b0) Importer(2089858483,192608db42251d675da83286b1cce702) (ScriptedImporter) -> (artifact id: '993fff0568af863a967c6d8dd02f566b') in 0.002817333 seconds
Number of updated asset objects reloaded before import = 0Number of asset objects unloaded after import = 2

========================================================================
Received Import Request.
  Time since last request: 0.000034 seconds.
  path: Assets/Sprites/Village/Tileset/MainLevBuild_635.asset
  artifactKey: Guid(ce67fd6d3d7724398b8fd5066e859420) Importer(2089858483,192608db42251d675da83286b1cce702)
Start importing Assets/Sprites/Village/Tileset/MainLevBuild_635.asset using Guid(ce67fd6d3d7724398b8fd5066e859420) Importer(2089858483,192608db42251d675da83286b1cce702) (ScriptedImporter) -> (artifact id: 'a8886e42d9f9b1d270ae3bdac35c79a6') in 0.003057333 seconds
Number of updated asset objects reloaded before import = 0Number of asset objects unloaded after import = 2

========================================================================
Received Import Request.
  Time since last request: 0.000039 seconds.
  path: Assets/Sprites/Village/Tileset/MainLevBuild_367.asset
  artifactKey: Guid(a0c1bf94e86ba44959537486b262ded1) Importer(2089858483,192608db42251d675da83286b1cce702)
Start importing Assets/Sprites/Village/Tileset/MainLevBuild_367.asset using Guid(a0c1bf94e86ba44959537486b262ded1) Importer(2089858483,192608db42251d675da83286b1cce702) (ScriptedImporter) -> (artifact id: '1008a3dcd09dbf6bf8f06f1700b3fb75') in 0.002734625 seconds
Number of updated asset objects reloaded before import = 0Number of asset objects unloaded after import = 2

========================================================================
Received Import Request.
  Time since last request: 0.000034 seconds.
  path: Assets/Sprites/Village/Tileset/MainLevBuild_388.asset
  artifactKey: Guid(24f767759e260447381e06d1ab830a73) Importer(2089858483,192608db42251d675da83286b1cce702)
Start importing Assets/Sprites/Village/Tileset/MainLevBuild_388.asset using Guid(24f767759e260447381e06d1ab830a73) Importer(2089858483,192608db42251d675da83286b1cce702) (ScriptedImporter) -> (artifact id: '0bc09473b2d02dd21635f830226bcc26') in 0.002821958 seconds
Number of updated asset objects reloaded before import = 0Number of asset objects unloaded after import = 2

========================================================================
Received Import Request.
  Time since last request: 0.000034 seconds.
  path: Assets/Sprites/Village/Tileset/MainLevBuild_996.asset
  artifactKey: Guid(7c57f3dc5fe2d4b7aa41e94e0e5247c7) Importer(2089858483,192608db42251d675da83286b1cce702)
Start importing Assets/Sprites/Village/Tileset/MainLevBuild_996.asset using Guid(7c57f3dc5fe2d4b7aa41e94e0e5247c7) Importer(2089858483,192608db42251d675da83286b1cce702) (ScriptedImporter) -> (artifact id: '0d5d211f57dfc30ed0cc2c9dc353199e') in 0.004696333 seconds
Number of updated asset objects reloaded before import = 0Number of asset objects unloaded after import = 2

========================================================================
Received Import Request.
  Time since last request: 0.000034 seconds.
  path: Assets/Sprites/Village/Tileset/MainLevBuild_1003.asset
  artifactKey: Guid(8881bfbc2c0624128b9f0477480dbb7d) Importer(2089858483,192608db42251d675da83286b1cce702)
Start importing Assets/Sprites/Village/Tileset/MainLevBuild_1003.asset using Guid(8881bfbc2c0624128b9f0477480dbb7d) Importer(2089858483,192608db42251d675da83286b1cce702) (ScriptedImporter) -> (artifact id: '094cd002fad7e732fd2d9406d657a4d2') in 0.002890834 seconds
Number of updated asset objects reloaded before import = 0Number of asset objects unloaded after import = 2

========================================================================
Received Import Request.
  Time since last request: 0.000036 seconds.
  path: Assets/Sprites/Village/Tileset/MainLevBuild_738.asset
  artifactKey: Guid(c4e1a01842e24484a962976aa2752fb4) Importer(2089858483,192608db42251d675da83286b1cce702)
Start importing Assets/Sprites/Village/Tileset/MainLevBuild_738.asset using Guid(c4e1a01842e24484a962976aa2752fb4) Importer(2089858483,192608db42251d675da83286b1cce702) (ScriptedImporter) -> (artifact id: '5d30a69eee687104d9976f96accd624a') in 0.002777792 seconds
Number of updated asset objects reloaded before import = 0Number of asset objects unloaded after import = 2

========================================================================
Received Import Request.
  Time since last request: 0.000032 seconds.
  path: Assets/Sprites/Village/Tileset/MainLevBuild_152.asset
  artifactKey: Guid(66b983a43dd6e437885fbd15c1e3da11) Importer(2089858483,192608db42251d675da83286b1cce702)
Start importing Assets/Sprites/Village/Tileset/MainLevBuild_152.asset using Guid(66b983a43dd6e437885fbd15c1e3da11) Importer(2089858483,192608db42251d675da83286b1cce702) (ScriptedImporter) -> (artifact id: 'a63866ad6c8c22c1d0a32a0726da84e3') in 0.002649584 seconds
Number of updated asset objects reloaded before import = 0Number of asset objects unloaded after import = 2

========================================================================
Received Import Request.
  Time since last request: 0.000039 seconds.
  path: Assets/Sprites/Village/Tileset/MainLevBuild_503.asset
  artifactKey: Guid(8f88ec1d8ec0649418f662987c7d4b44) Importer(2089858483,192608db42251d675da83286b1cce702)
Start importing Assets/Sprites/Village/Tileset/MainLevBuild_503.asset using Guid(8f88ec1d8ec0649418f662987c7d4b44) Importer(2089858483,192608db42251d675da83286b1cce702) (ScriptedImporter) -> (artifact id: '8965dce6e99e38d109528d7295c2b798') in 0.00279375 seconds
Number of updated asset objects reloaded before import = 0Number of asset objects unloaded after import = 2

========================================================================
Received Import Request.
  Time since last request: 0.000036 seconds.
  path: Assets/Sprites/Village/Tileset/MainLevBuild_969.asset
  artifactKey: Guid(906929adc6c0a4eb69104c33124b46da) Importer(2089858483,192608db42251d675da83286b1cce702)
Start importing Assets/Sprites/Village/Tileset/MainLevBuild_969.asset using Guid(906929adc6c0a4eb69104c33124b46da) Importer(2089858483,192608db42251d675da83286b1cce702) (ScriptedImporter) -> (artifact id: '68f8da2b7d5c7a1ee2573ec01ea33c87') in 0.002775125 seconds
Number of updated asset objects reloaded before import = 0Number of asset objects unloaded after import = 2

========================================================================
Received Import Request.
  Time since last request: 0.000035 seconds.
  path: Assets/Sprites/Village/Tileset/MainLevBuild_1051.asset
  artifactKey: Guid(ea3e34211f5e24130a61f86a38d4a0fd) Importer(2089858483,192608db42251d675da83286b1cce702)
Start importing Assets/Sprites/Village/Tileset/MainLevBuild_1051.asset using Guid(ea3e34211f5e24130a61f86a38d4a0fd) Importer(2089858483,192608db42251d675da83286b1cce702) (ScriptedImporter) -> (artifact id: '3c92e03e6f00033bb6e315d72cc82788') in 0.002888833 seconds
Number of updated asset objects reloaded before import = 0Number of asset objects unloaded after import = 2

========================================================================
Received Import Request.
  Time since last request: 0.000036 seconds.
  path: Assets/Sprites/Village/Tileset/MainLevBuild_1030.asset
  artifactKey: Guid(7705a1cd104484dac8a1bfd53ece470a) Importer(2089858483,192608db42251d675da83286b1cce702)
Start importing Assets/Sprites/Village/Tileset/MainLevBuild_1030.asset using Guid(7705a1cd104484dac8a1bfd53ece470a) Importer(2089858483,192608db42251d675da83286b1cce702) (ScriptedImporter) -> (artifact id: '4d3c739773569460e838b3d20c0675f3') in 0.002894792 seconds
Number of updated asset objects reloaded before import = 0Number of asset objects unloaded after import = 2

========================================================================
Received Import Request.
  Time since last request: 0.000034 seconds.
  path: Assets/Sprites/Village/Tileset/MainLevBuild_918.asset
  artifactKey: Guid(5a789fbba084d4db9a84b7159520219d) Importer(2089858483,192608db42251d675da83286b1cce702)
Start importing Assets/Sprites/Village/Tileset/MainLevBuild_918.asset using Guid(5a789fbba084d4db9a84b7159520219d) Importer(2089858483,192608db42251d675da83286b1cce702) (ScriptedImporter) -> (artifact id: '13b0f0816b04aa12909568c1b268a42c') in 0.002833 seconds
Number of updated asset objects reloaded before import = 0Number of asset objects unloaded after import = 2

========================================================================
Received Import Request.
  Time since last request: 0.000060 seconds.
  path: Assets/Sprites/Village/Tileset/MainLevBuild_432.asset
  artifactKey: Guid(637e0079f83294456936111859b97164) Importer(2089858483,192608db42251d675da83286b1cce702)
Start importing Assets/Sprites/Village/Tileset/MainLevBuild_432.asset using Guid(637e0079f83294456936111859b97164) Importer(2089858483,192608db42251d675da83286b1cce702) (ScriptedImporter) -> (artifact id: '24c2f64ce10afd74dd0e0a550215738e') in 0.002611 seconds
Number of updated asset objects reloaded before import = 0Number of asset objects unloaded after import = 2

========================================================================
Received Import Request.
  Time since last request: 0.000044 seconds.
  path: Assets/Sprites/Village/Tileset/MainLevBuild_731.asset
  artifactKey: Guid(b076d6221fbad495d9759647c4e6726a) Importer(2089858483,192608db42251d675da83286b1cce702)
Start importing Assets/Sprites/Village/Tileset/MainLevBuild_731.asset using Guid(b076d6221fbad495d9759647c4e6726a) Importer(2089858483,192608db42251d675da83286b1cce702) (ScriptedImporter) -> (artifact id: 'd75936c10f107b7c12501420f04b9a00') in 0.002669416 seconds
Number of updated asset objects reloaded before import = 0Number of asset objects unloaded after import = 2

========================================================================
Received Import Request.
  Time since last request: 0.000034 seconds.
  path: Assets/Sprites/Village/Tileset/MainLevBuild_431.asset
  artifactKey: Guid(a2d52fd96e9004ea0b3391bb27965c60) Importer(2089858483,192608db42251d675da83286b1cce702)
Start importing Assets/Sprites/Village/Tileset/MainLevBuild_431.asset using Guid(a2d52fd96e9004ea0b3391bb27965c60) Importer(2089858483,192608db42251d675da83286b1cce702) (ScriptedImporter) -> (artifact id: '6bf807c4bff8e8552c66b01bc68efc39') in 0.002886042 seconds
Number of updated asset objects reloaded before import = 0Number of asset objects unloaded after import = 2

========================================================================
Received Import Request.
  Time since last request: 0.000051 seconds.
  path: Assets/Sprites/Village/Tileset/MainLevBuild_1039.asset
  artifactKey: Guid(9ffd0d92e29b34f048e17a2a4482487e) Importer(2089858483,192608db42251d675da83286b1cce702)
Start importing Assets/Sprites/Village/Tileset/MainLevBuild_1039.asset using Guid(9ffd0d92e29b34f048e17a2a4482487e) Importer(2089858483,192608db42251d675da83286b1cce702) (ScriptedImporter) -> (artifact id: 'e681228148d02b53d45a44d4281e45c6') in 0.004613709 seconds
Number of updated asset objects reloaded before import = 0Number of asset objects unloaded after import = 2

========================================================================
Received Import Request.
  Time since last request: 0.000029 seconds.
  path: Assets/Sprites/Village/Tileset/MainLevBuild_940.asset
  artifactKey: Guid(9c229b89deac84d718247dd9b89ebe87) Importer(2089858483,192608db42251d675da83286b1cce702)
Start importing Assets/Sprites/Village/Tileset/MainLevBuild_940.asset using Guid(9c229b89deac84d718247dd9b89ebe87) Importer(2089858483,192608db42251d675da83286b1cce702) (ScriptedImporter) -> (artifact id: 'a607b186240e59f03ce49b5c1fa3a089') in 0.002928334 seconds
Number of updated asset objects reloaded before import = 0Number of asset objects unloaded after import = 2

========================================================================
Received Import Request.
  Time since last request: 0.000041 seconds.
  path: Assets/Sprites/Village/Tileset/MainLevBuild_597.asset
  artifactKey: Guid(59317d19afb864a91a662b2274616ec6) Importer(2089858483,192608db42251d675da83286b1cce702)
Start importing Assets/Sprites/Village/Tileset/MainLevBuild_597.asset using Guid(59317d19afb864a91a662b2274616ec6) Importer(2089858483,192608db42251d675da83286b1cce702) (ScriptedImporter) -> (artifact id: 'f2575d5a2ac58d0cd00f85ee78827461') in 0.002804667 seconds
Number of updated asset objects reloaded before import = 0Number of asset objects unloaded after import = 2

========================================================================
Received Import Request.
  Time since last request: 0.000032 seconds.
  path: Assets/Sprites/Village/Tileset/MainLevBuild_1010.asset
  artifactKey: Guid(d24126f9516664b2e8e93d2ffc9e64fa) Importer(2089858483,192608db42251d675da83286b1cce702)
Start importing Assets/Sprites/Village/Tileset/MainLevBuild_1010.asset using Guid(d24126f9516664b2e8e93d2ffc9e64fa) Importer(2089858483,192608db42251d675da83286b1cce702) (ScriptedImporter) -> (artifact id: '54961bf67a7f74b192465601ddf20985') in 0.00299275 seconds
Number of updated asset objects reloaded before import = 0Number of asset objects unloaded after import = 2

========================================================================
Received Import Request.
  Time since last request: 0.000034 seconds.
  path: Assets/Sprites/Village/Tileset/MainLevBuild_774.asset
  artifactKey: Guid(d2572f53784cb4c15b5c28c5c66e6172) Importer(2089858483,192608db42251d675da83286b1cce702)
Start importing Assets/Sprites/Village/Tileset/MainLevBuild_774.asset using Guid(d2572f53784cb4c15b5c28c5c66e6172) Importer(2089858483,192608db42251d675da83286b1cce702) (ScriptedImporter) -> (artifact id: 'a57228f416773e324da1c1ea72f7e6ea') in 0.002763083 seconds
Number of updated asset objects reloaded before import = 0Number of asset objects unloaded after import = 2

========================================================================
Received Import Request.
  Time since last request: 0.000048 seconds.
  path: Assets/Sprites/Village/Tileset/MainLevBuild_154.asset
  artifactKey: Guid(d8b5a7e158c9847aabce1b35a4376151) Importer(2089858483,192608db42251d675da83286b1cce702)
Start importing Assets/Sprites/Village/Tileset/MainLevBuild_154.asset using Guid(d8b5a7e158c9847aabce1b35a4376151) Importer(2089858483,192608db42251d675da83286b1cce702) (ScriptedImporter) -> (artifact id: '0a6b298a39138cb22307cf20e3dd5ac1') in 0.002873666 seconds
Number of updated asset objects reloaded before import = 0Number of asset objects unloaded after import = 2

========================================================================
Received Import Request.
  Time since last request: 0.000030 seconds.
  path: Assets/Sprites/Village/Tileset/MainLevBuild_116.asset
  artifactKey: Guid(c0cb7c6b51d3a4fd091a10c92f0a1c23) Importer(2089858483,192608db42251d675da83286b1cce702)
Start importing Assets/Sprites/Village/Tileset/MainLevBuild_116.asset using Guid(c0cb7c6b51d3a4fd091a10c92f0a1c23) Importer(2089858483,192608db42251d675da83286b1cce702) (ScriptedImporter) -> (artifact id: '0ef737f48c0bfde0f5ea6894ef13a68a') in 0.002861917 seconds
Number of updated asset objects reloaded before import = 0Number of asset objects unloaded after import = 2

========================================================================
Received Import Request.
  Time since last request: 0.000034 seconds.
  path: Assets/Sprites/Village/Tileset/MainLevBuild_131.asset
  artifactKey: Guid(f1b8f30a5a3094579bc52f442ceb783d) Importer(2089858483,192608db42251d675da83286b1cce702)
Start importing Assets/Sprites/Village/Tileset/MainLevBuild_131.asset using Guid(f1b8f30a5a3094579bc52f442ceb783d) Importer(2089858483,192608db42251d675da83286b1cce702) (ScriptedImporter) -> (artifact id: '747e36291cfd0c60f088d82ec69f9c07') in 0.002802542 seconds
Number of updated asset objects reloaded before import = 0Number of asset objects unloaded after import = 2

========================================================================
Received Import Request.
  Time since last request: 0.000032 seconds.
  path: Assets/Sprites/Village/Tileset/MainLevBuild_163.asset
  artifactKey: Guid(adaafe39904b8464a854a1458b0cb09e) Importer(2089858483,192608db42251d675da83286b1cce702)
Start importing Assets/Sprites/Village/Tileset/MainLevBuild_163.asset using Guid(adaafe39904b8464a854a1458b0cb09e) Importer(2089858483,192608db42251d675da83286b1cce702) (ScriptedImporter) -> (artifact id: '7b523b9a0c11be979967acfdec48b424') in 0.002828667 seconds
Number of updated asset objects reloaded before import = 0Number of asset objects unloaded after import = 2

========================================================================
Received Import Request.
  Time since last request: 0.000039 seconds.
  path: Assets/Sprites/Village/Tileset/MainLevBuild_364.asset
  artifactKey: Guid(d64ab3ccadcbc40388919e2a73aca658) Importer(2089858483,192608db42251d675da83286b1cce702)
Start importing Assets/Sprites/Village/Tileset/MainLevBuild_364.asset using Guid(d64ab3ccadcbc40388919e2a73aca658) Importer(2089858483,192608db42251d675da83286b1cce702) (ScriptedImporter) -> (artifact id: '0c05f9a64f16d56a75f181eab8e38c33') in 0.002787708 seconds
Number of updated asset objects reloaded before import = 0Number of asset objects unloaded after import = 2

========================================================================
Received Import Request.
  Time since last request: 0.000033 seconds.
  path: Assets/Sprites/Village/Tileset/MainLevBuild_401.asset
  artifactKey: Guid(f358ddf0b35dd4ceb85b95615f523c53) Importer(2089858483,192608db42251d675da83286b1cce702)
Start importing Assets/Sprites/Village/Tileset/MainLevBuild_401.asset using Guid(f358ddf0b35dd4ceb85b95615f523c53) Importer(2089858483,192608db42251d675da83286b1cce702) (ScriptedImporter) -> (artifact id: '7ba9928c2d1633354f3c7e78672148f9') in 0.002817166 seconds
Number of updated asset objects reloaded before import = 0Number of asset objects unloaded after import = 2

========================================================================
Received Import Request.
  Time since last request: 0.000048 seconds.
  path: Assets/Sprites/Village/Tileset/MainLevBuild_728.asset
  artifactKey: Guid(c193e0b3df7f442c5940dd37a674c532) Importer(2089858483,192608db42251d675da83286b1cce702)
Start importing Assets/Sprites/Village/Tileset/MainLevBuild_728.asset using Guid(c193e0b3df7f442c5940dd37a674c532) Importer(2089858483,192608db42251d675da83286b1cce702) (ScriptedImporter) -> (artifact id: 'd1a3fe0f53b1885ba1b30bfa9cbc0c61') in 0.002839583 seconds
Number of updated asset objects reloaded before import = 0Number of asset objects unloaded after import = 2

========================================================================
Received Import Request.
  Time since last request: 0.000036 seconds.
  path: Assets/Sprites/Village/Tileset/MainLevBuild_186.asset
  artifactKey: Guid(2cd5e3a217d55478f8c405ee4a65b507) Importer(2089858483,192608db42251d675da83286b1cce702)
Start importing Assets/Sprites/Village/Tileset/MainLevBuild_186.asset using Guid(2cd5e3a217d55478f8c405ee4a65b507) Importer(2089858483,192608db42251d675da83286b1cce702) (ScriptedImporter) -> (artifact id: 'e9083badf7e09761ada85380acb4b623') in 0.003002417 seconds
Number of updated asset objects reloaded before import = 0Number of asset objects unloaded after import = 2

========================================================================
Received Import Request.
  Time since last request: 0.000036 seconds.
  path: Assets/Sprites/Village/Tileset/MainLevBuild_320.asset
  artifactKey: Guid(e943e1e6c3fc5416cbf573ba868f7836) Importer(2089858483,192608db42251d675da83286b1cce702)
Start importing Assets/Sprites/Village/Tileset/MainLevBuild_320.asset using Guid(e943e1e6c3fc5416cbf573ba868f7836) Importer(2089858483,192608db42251d675da83286b1cce702) (ScriptedImporter) -> (artifact id: '2bdfdd5a2390a7fac0dcb283e5930261') in 0.004730208 seconds
Number of updated asset objects reloaded before import = 0Number of asset objects unloaded after import = 2

========================================================================
Received Import Request.
  Time since last request: 0.000031 seconds.
  path: Assets/Sprites/Village/Tileset/MainLevBuild_183.asset
  artifactKey: Guid(4597989944def482486b1c77ca7547fa) Importer(2089858483,192608db42251d675da83286b1cce702)
Start importing Assets/Sprites/Village/Tileset/MainLevBuild_183.asset using Guid(4597989944def482486b1c77ca7547fa) Importer(2089858483,192608db42251d675da83286b1cce702) (ScriptedImporter) -> (artifact id: 'afbea6dbade945637b002e84a9f01f6c') in 0.002674875 seconds
Number of updated asset objects reloaded before import = 0Number of asset objects unloaded after import = 2

========================================================================
Received Import Request.
  Time since last request: 0.000031 seconds.
  path: Assets/Sprites/Village/Tileset/MainLevBuild_891.asset
  artifactKey: Guid(f4101d51ece294f31ad8c0f31a2a9e99) Importer(2089858483,192608db42251d675da83286b1cce702)
Start importing Assets/Sprites/Village/Tileset/MainLevBuild_891.asset using Guid(f4101d51ece294f31ad8c0f31a2a9e99) Importer(2089858483,192608db42251d675da83286b1cce702) (ScriptedImporter) -> (artifact id: '104bddcfa365c6d6875c3323574e24f2') in 0.002744084 seconds
Number of updated asset objects reloaded before import = 0Number of asset objects unloaded after import = 2

========================================================================
Received Import Request.
  Time since last request: 0.000034 seconds.
  path: Assets/Sprites/Village/Tileset/MainLevBuild_63.asset
  artifactKey: Guid(84520a19eca684262b28be66bdd7ecf5) Importer(2089858483,192608db42251d675da83286b1cce702)
Start importing Assets/Sprites/Village/Tileset/MainLevBuild_63.asset using Guid(84520a19eca684262b28be66bdd7ecf5) Importer(2089858483,192608db42251d675da83286b1cce702) (ScriptedImporter) -> (artifact id: 'a5e890def94cb6a162f83f4eaee93cb6') in 0.002768375 seconds
Number of updated asset objects reloaded before import = 0Number of asset objects unloaded after import = 2

========================================================================
Received Import Request.
  Time since last request: 0.000029 seconds.
  path: Assets/Sprites/Village/Tileset/MainLevBuild_238.asset
  artifactKey: Guid(54cec0f8a226a4ed29235bb7c5d6a494) Importer(2089858483,192608db42251d675da83286b1cce702)
Start importing Assets/Sprites/Village/Tileset/MainLevBuild_238.asset using Guid(54cec0f8a226a4ed29235bb7c5d6a494) Importer(2089858483,192608db42251d675da83286b1cce702) (ScriptedImporter) -> (artifact id: 'a63abb06c7852158bf42d7a90c58798a') in 0.002756875 seconds
Number of updated asset objects reloaded before import = 0Number of asset objects unloaded after import = 2

========================================================================
Received Import Request.
  Time since last request: 0.000038 seconds.
  path: Assets/Sprites/Village/Tileset/MainLevBuild_952.asset
  artifactKey: Guid(3e55770a749594b6ab7693cd2a7c6d82) Importer(2089858483,192608db42251d675da83286b1cce702)
Start importing Assets/Sprites/Village/Tileset/MainLevBuild_952.asset using Guid(3e55770a749594b6ab7693cd2a7c6d82) Importer(2089858483,192608db42251d675da83286b1cce702) (ScriptedImporter) -> (artifact id: 'a2c10a2e0f172c92c9159818529b94a0') in 0.00290375 seconds
Number of updated asset objects reloaded before import = 0Number of asset objects unloaded after import = 2

========================================================================
Received Import Request.
  Time since last request: 0.000052 seconds.
  path: Assets/Sprites/Village/Tileset/MainLevBuild_916.asset
  artifactKey: Guid(1577c1404fcb347e897c5f4fe2f3647a) Importer(2089858483,192608db42251d675da83286b1cce702)
Start importing Assets/Sprites/Village/Tileset/MainLevBuild_916.asset using Guid(1577c1404fcb347e897c5f4fe2f3647a) Importer(2089858483,192608db42251d675da83286b1cce702) (ScriptedImporter) -> (artifact id: '491794ec9b84e69c030de276175848e4') in 0.002917041 seconds
Number of updated asset objects reloaded before import = 0Number of asset objects unloaded after import = 2

========================================================================
Received Import Request.
  Time since last request: 0.000039 seconds.
  path: Assets/Sprites/Village/Tileset/MainLevBuild_655.asset
  artifactKey: Guid(4ed67bfc7b05a49eb9e48ae1a579ca31) Importer(2089858483,192608db42251d675da83286b1cce702)
Start importing Assets/Sprites/Village/Tileset/MainLevBuild_655.asset using Guid(4ed67bfc7b05a49eb9e48ae1a579ca31) Importer(2089858483,192608db42251d675da83286b1cce702) (ScriptedImporter) -> (artifact id: '3a214db3b40ecfc163d685a7caf5512e') in 0.002891958 seconds
Number of updated asset objects reloaded before import = 0Number of asset objects unloaded after import = 2

========================================================================
Received Import Request.
  Time since last request: 0.000033 seconds.
  path: Assets/Sprites/Village/Tileset/MainLevBuild_716.asset
  artifactKey: Guid(d250defb46ba64a6c85433aabb8a1661) Importer(2089858483,192608db42251d675da83286b1cce702)
Start importing Assets/Sprites/Village/Tileset/MainLevBuild_716.asset using Guid(d250defb46ba64a6c85433aabb8a1661) Importer(2089858483,192608db42251d675da83286b1cce702) (ScriptedImporter) -> (artifact id: '1a915e6e96bb5efdd30b2008a9d35893') in 0.003106584 seconds
Number of updated asset objects reloaded before import = 0Number of asset objects unloaded after import = 2

========================================================================
Received Import Request.
  Time since last request: 0.000033 seconds.
  path: Assets/Sprites/Village/Tileset/MainLevBuild_844.asset
  artifactKey: Guid(f9be61d444cda433ea478999b81ab077) Importer(2089858483,192608db42251d675da83286b1cce702)
Start importing Assets/Sprites/Village/Tileset/MainLevBuild_844.asset using Guid(f9be61d444cda433ea478999b81ab077) Importer(2089858483,192608db42251d675da83286b1cce702) (ScriptedImporter) -> (artifact id: '7e2a96c15e5eaa24f011233f3ced8ef3') in 0.002754958 seconds
Number of updated asset objects reloaded before import = 0Number of asset objects unloaded after import = 2

========================================================================
Received Import Request.
  Time since last request: 0.000053 seconds.
  path: Assets/Sprites/Village/Tileset/MainLevBuild_214.asset
  artifactKey: Guid(d4eea1143aad84d9da3be88d87e425a2) Importer(2089858483,192608db42251d675da83286b1cce702)
Start importing Assets/Sprites/Village/Tileset/MainLevBuild_214.asset using Guid(d4eea1143aad84d9da3be88d87e425a2) Importer(2089858483,192608db42251d675da83286b1cce702) (ScriptedImporter) -> (artifact id: '173a16ec1819f42eac32325bfb7d22e6') in 0.002643791 seconds
Number of updated asset objects reloaded before import = 0Number of asset objects unloaded after import = 2

========================================================================
Received Import Request.
  Time since last request: 0.000039 seconds.
  path: Assets/Sprites/Village/Tileset/MainLevBuild_800.asset
  artifactKey: Guid(710e7a3b59a2749749fb2c64da942420) Importer(2089858483,192608db42251d675da83286b1cce702)
Start importing Assets/Sprites/Village/Tileset/MainLevBuild_800.asset using Guid(710e7a3b59a2749749fb2c64da942420) Importer(2089858483,192608db42251d675da83286b1cce702) (ScriptedImporter) -> (artifact id: 'd52e38f6e0949850b803db74a2e10866') in 0.002712333 seconds
Number of updated asset objects reloaded before import = 0Number of asset objects unloaded after import = 2

========================================================================
Received Import Request.
  Time since last request: 0.000093 seconds.
  path: Assets/Sprites/Village/Tileset/MainLevBuild_956.asset
  artifactKey: Guid(7922bb3c5a24445b6bb16617ef8b328a) Importer(2089858483,192608db42251d675da83286b1cce702)
Start importing Assets/Sprites/Village/Tileset/MainLevBuild_956.asset using Guid(7922bb3c5a24445b6bb16617ef8b328a) Importer(2089858483,192608db42251d675da83286b1cce702) (ScriptedImporter) -> (artifact id: '6e2e833c19dcf206350be1ac528a5778') in 0.002574708 seconds
Number of updated asset objects reloaded before import = 0Number of asset objects unloaded after import = 2

========================================================================
Received Import Request.
  Time since last request: 0.000034 seconds.
  path: Assets/Sprites/Village/Tileset/MainLevBuild_550.asset
  artifactKey: Guid(f7e9b1acc44564083a9ddeb38dc9b35a) Importer(2089858483,192608db42251d675da83286b1cce702)
Start importing Assets/Sprites/Village/Tileset/MainLevBuild_550.asset using Guid(f7e9b1acc44564083a9ddeb38dc9b35a) Importer(2089858483,192608db42251d675da83286b1cce702) (ScriptedImporter) -> (artifact id: 'b5e813b0454e61f12433281f7efc4b8f') in 0.004446042 seconds
Number of updated asset objects reloaded before import = 0Number of asset objects unloaded after import = 2

========================================================================
Received Import Request.
  Time since last request: 0.000033 seconds.
  path: Assets/Sprites/Village/Tileset/MainLevBuild_297.asset
  artifactKey: Guid(89baf708eb4664b2191ead5f332bb42d) Importer(2089858483,192608db42251d675da83286b1cce702)
Start importing Assets/Sprites/Village/Tileset/MainLevBuild_297.asset using Guid(89baf708eb4664b2191ead5f332bb42d) Importer(2089858483,192608db42251d675da83286b1cce702) (ScriptedImporter) -> (artifact id: '621ff396f7165a81b3ec0157aa8d15cd') in 0.002706083 seconds
Number of updated asset objects reloaded before import = 0Number of asset objects unloaded after import = 2

========================================================================
Received Import Request.
  Time since last request: 0.000036 seconds.
  path: Assets/Sprites/Village/Tileset/MainLevBuild_1013.asset
  artifactKey: Guid(4ba26826f9b82402aa29ffc67a368a99) Importer(2089858483,192608db42251d675da83286b1cce702)
Start importing Assets/Sprites/Village/Tileset/MainLevBuild_1013.asset using Guid(4ba26826f9b82402aa29ffc67a368a99) Importer(2089858483,192608db42251d675da83286b1cce702) (ScriptedImporter) -> (artifact id: 'ca9d111c36758d6efa414d69edd21ae7') in 0.002718084 seconds
Number of updated asset objects reloaded before import = 0Number of asset objects unloaded after import = 2

========================================================================
Received Import Request.
  Time since last request: 0.000037 seconds.
  path: Assets/Sprites/Village/Tileset/MainLevBuild_768.asset
  artifactKey: Guid(351f37316940a47c68ff37894e060f75) Importer(2089858483,192608db42251d675da83286b1cce702)
Start importing Assets/Sprites/Village/Tileset/MainLevBuild_768.asset using Guid(351f37316940a47c68ff37894e060f75) Importer(2089858483,192608db42251d675da83286b1cce702) (ScriptedImporter) -> (artifact id: 'e6f60bcb66b1f5f2428f7337611ae390') in 0.002895 seconds
Number of updated asset objects reloaded before import = 0Number of asset objects unloaded after import = 2

========================================================================
Received Import Request.
  Time since last request: 0.000034 seconds.
  path: Assets/Sprites/Village/Tileset/MainLevBuild_109.asset
  artifactKey: Guid(3be5e54199cc04d88b169837ef644e07) Importer(2089858483,192608db42251d675da83286b1cce702)
Start importing Assets/Sprites/Village/Tileset/MainLevBuild_109.asset using Guid(3be5e54199cc04d88b169837ef644e07) Importer(2089858483,192608db42251d675da83286b1cce702) (ScriptedImporter) -> (artifact id: 'c2fdd2d548cb689b1814c119f89d8085') in 0.002654708 seconds
Number of updated asset objects reloaded before import = 0Number of asset objects unloaded after import = 2

========================================================================
Received Import Request.
  Time since last request: 0.000040 seconds.
  path: Assets/Sprites/Village/Tileset/MainLevBuild_911.asset
  artifactKey: Guid(fadd88feaf2604d0bbabd103ad089b1d) Importer(2089858483,192608db42251d675da83286b1cce702)
Start importing Assets/Sprites/Village/Tileset/MainLevBuild_911.asset using Guid(fadd88feaf2604d0bbabd103ad089b1d) Importer(2089858483,192608db42251d675da83286b1cce702) (ScriptedImporter) -> (artifact id: '9cbebdd8100b7e645d1e2d39b910c685') in 0.002730875 seconds
Number of updated asset objects reloaded before import = 0Number of asset objects unloaded after import = 2

========================================================================
Received Import Request.
  Time since last request: 0.000032 seconds.
  path: Assets/Sprites/Village/Tileset/MainLevBuild_308.asset
  artifactKey: Guid(48f78c8e6bdc64482820977d760e36df) Importer(2089858483,192608db42251d675da83286b1cce702)
Start importing Assets/Sprites/Village/Tileset/MainLevBuild_308.asset using Guid(48f78c8e6bdc64482820977d760e36df) Importer(2089858483,192608db42251d675da83286b1cce702) (ScriptedImporter) -> (artifact id: '05879531c1ddb3a62a95817b2f11af6e') in 0.00251675 seconds
Number of updated asset objects reloaded before import = 0Number of asset objects unloaded after import = 2

========================================================================
Received Import Request.
  Time since last request: 0.000051 seconds.
  path: Assets/Sprites/Village/Tileset/MainLevBuild_639.asset
  artifactKey: Guid(0db834312f77045169f75397ee692a68) Importer(2089858483,192608db42251d675da83286b1cce702)
Start importing Assets/Sprites/Village/Tileset/MainLevBuild_639.asset using Guid(0db834312f77045169f75397ee692a68) Importer(2089858483,192608db42251d675da83286b1cce702) (ScriptedImporter) -> (artifact id: 'd222d3adfd171c08b033d4a4ecbb2337') in 0.002628084 seconds
Number of updated asset objects reloaded before import = 0Number of asset objects unloaded after import = 2

========================================================================
Received Import Request.
  Time since last request: 0.000054 seconds.
  path: Assets/Sprites/Village/Tileset/MainLevBuild_84.asset
  artifactKey: Guid(f58555dd814dd453a85520c59ecece3e) Importer(2089858483,192608db42251d675da83286b1cce702)
Start importing Assets/Sprites/Village/Tileset/MainLevBuild_84.asset using Guid(f58555dd814dd453a85520c59ecece3e) Importer(2089858483,192608db42251d675da83286b1cce702) (ScriptedImporter) -> (artifact id: '1de16615b5d097ba0feef761dc7db7c1') in 0.002669 seconds
Number of updated asset objects reloaded before import = 0Number of asset objects unloaded after import = 2

========================================================================
Received Import Request.
  Time since last request: 0.000037 seconds.
  path: Assets/Sprites/Village/Tileset/MainLevBuild_908.asset
  artifactKey: Guid(5c4798ccf528c4ef9909c73928965b83) Importer(2089858483,192608db42251d675da83286b1cce702)
Start importing Assets/Sprites/Village/Tileset/MainLevBuild_908.asset using Guid(5c4798ccf528c4ef9909c73928965b83) Importer(2089858483,192608db42251d675da83286b1cce702) (ScriptedImporter) -> (artifact id: '69821325c178844a2127ec7666a3c8b6') in 0.002816917 seconds
Number of updated asset objects reloaded before import = 0Number of asset objects unloaded after import = 2

========================================================================
Received Import Request.
  Time since last request: 0.000037 seconds.
  path: Assets/Sprites/Village/Tileset/MainLevBuild_895.asset
  artifactKey: Guid(c538060ef93d44e14b093e1a0cad189a) Importer(2089858483,192608db42251d675da83286b1cce702)
Start importing Assets/Sprites/Village/Tileset/MainLevBuild_895.asset using Guid(c538060ef93d44e14b093e1a0cad189a) Importer(2089858483,192608db42251d675da83286b1cce702) (ScriptedImporter) -> (artifact id: '8b7d64d51c87dbe7233fe5410e05ce92') in 0.002712666 seconds
Number of updated asset objects reloaded before import = 0Number of asset objects unloaded after import = 2

========================================================================
Received Import Request.
  Time since last request: 0.000047 seconds.
  path: Assets/Sprites/Village/Tileset/MainLevBuild_937.asset
  artifactKey: Guid(f7a420955242d4da193d5f64cafd0782) Importer(2089858483,192608db42251d675da83286b1cce702)
Start importing Assets/Sprites/Village/Tileset/MainLevBuild_937.asset using Guid(f7a420955242d4da193d5f64cafd0782) Importer(2089858483,192608db42251d675da83286b1cce702) (ScriptedImporter) -> (artifact id: 'fab5e3a3ea38ed8c3a5f09d88abba7b3') in 0.002652 seconds
Number of updated asset objects reloaded before import = 0Number of asset objects unloaded after import = 2

========================================================================
Received Import Request.
  Time since last request: 0.000051 seconds.
  path: Assets/Sprites/Village/Tileset/MainLevBuild_739.asset
  artifactKey: Guid(433cd9604c14746a28636d62f8ce3c2c) Importer(2089858483,192608db42251d675da83286b1cce702)
Start importing Assets/Sprites/Village/Tileset/MainLevBuild_739.asset using Guid(433cd9604c14746a28636d62f8ce3c2c) Importer(2089858483,192608db42251d675da83286b1cce702) (ScriptedImporter) -> (artifact id: '1f69a3ab5300e572816fcb1b785215ee') in 0.004479417 seconds
Number of updated asset objects reloaded before import = 0Number of asset objects unloaded after import = 2

========================================================================
Received Import Request.
  Time since last request: 0.000041 seconds.
  path: Assets/Sprites/Village/Tileset/MainLevBuild_894.asset
  artifactKey: Guid(ba7e8225cb53e41a5b0cde7116ecd00d) Importer(2089858483,192608db42251d675da83286b1cce702)
Start importing Assets/Sprites/Village/Tileset/MainLevBuild_894.asset using Guid(ba7e8225cb53e41a5b0cde7116ecd00d) Importer(2089858483,192608db42251d675da83286b1cce702) (ScriptedImporter) -> (artifact id: '8b0ef37dee7cedd1624d77ab0d6cd184') in 0.002705 seconds
Number of updated asset objects reloaded before import = 0Number of asset objects unloaded after import = 2

========================================================================
Received Import Request.
  Time since last request: 0.000035 seconds.
  path: Assets/Sprites/Village/Tileset/MainLevBuild_398.asset
  artifactKey: Guid(889b9ea52f6754781b4a00968fa12e98) Importer(2089858483,192608db42251d675da83286b1cce702)
Start importing Assets/Sprites/Village/Tileset/MainLevBuild_398.asset using Guid(889b9ea52f6754781b4a00968fa12e98) Importer(2089858483,192608db42251d675da83286b1cce702) (ScriptedImporter) -> (artifact id: 'a7dde8fe92ff3aa33423441f8395d772') in 0.002741875 seconds
Number of updated asset objects reloaded before import = 0Number of asset objects unloaded after import = 2

========================================================================
Received Import Request.
  Time since last request: 0.000035 seconds.
  path: Assets/Sprites/Village/Tileset/MainLevBuild_994.asset
  artifactKey: Guid(090f9b3f0e11c45eea379fcf22c79ff7) Importer(2089858483,192608db42251d675da83286b1cce702)
Start importing Assets/Sprites/Village/Tileset/MainLevBuild_994.asset using Guid(090f9b3f0e11c45eea379fcf22c79ff7) Importer(2089858483,192608db42251d675da83286b1cce702) (ScriptedImporter) -> (artifact id: 'bd187a11d5fd1c547feb54fe205a0443') in 0.002938791 seconds
Number of updated asset objects reloaded before import = 0Number of asset objects unloaded after import = 2

========================================================================
Received Import Request.
  Time since last request: 0.000033 seconds.
  path: Assets/Sprites/Village/Tileset/MainLevBuild_262.asset
  artifactKey: Guid(2b1c75fbe7ecd48e78d0b9d561ec0161) Importer(2089858483,192608db42251d675da83286b1cce702)
Start importing Assets/Sprites/Village/Tileset/MainLevBuild_262.asset using Guid(2b1c75fbe7ecd48e78d0b9d561ec0161) Importer(2089858483,192608db42251d675da83286b1cce702) (ScriptedImporter) -> (artifact id: '62a740f7998b6025d9f0294db244854e') in 0.002603083 seconds
Number of updated asset objects reloaded before import = 0Number of asset objects unloaded after import = 2

========================================================================
Received Import Request.
  Time since last request: 0.000035 seconds.
  path: Assets/Sprites/Village/Tileset/MainLevBuild_848.asset
  artifactKey: Guid(c3f416542f8e54ce384fccd0dba0c959) Importer(2089858483,192608db42251d675da83286b1cce702)
Start importing Assets/Sprites/Village/Tileset/MainLevBuild_848.asset using Guid(c3f416542f8e54ce384fccd0dba0c959) Importer(2089858483,192608db42251d675da83286b1cce702) (ScriptedImporter) -> (artifact id: '043266238995599181dad057c43b7699') in 0.002646625 seconds
Number of updated asset objects reloaded before import = 0Number of asset objects unloaded after import = 2

========================================================================
Received Import Request.
  Time since last request: 0.000041 seconds.
  path: Assets/Sprites/Village/Tileset/MainLevBuild_759.asset
  artifactKey: Guid(834df1e51f637481ca12a899a2af16e1) Importer(2089858483,192608db42251d675da83286b1cce702)
Start importing Assets/Sprites/Village/Tileset/MainLevBuild_759.asset using Guid(834df1e51f637481ca12a899a2af16e1) Importer(2089858483,192608db42251d675da83286b1cce702) (ScriptedImporter) -> (artifact id: 'b9a47cf97c7b1e59a434df811ff1a704') in 0.002619792 seconds
Number of updated asset objects reloaded before import = 0Number of asset objects unloaded after import = 2

========================================================================
Received Import Request.
  Time since last request: 0.000033 seconds.
  path: Assets/Sprites/Village/Tileset/MainLevBuild_888.asset
  artifactKey: Guid(0b6431149069e4b908c939da0a7a9192) Importer(2089858483,192608db42251d675da83286b1cce702)
Start importing Assets/Sprites/Village/Tileset/MainLevBuild_888.asset using Guid(0b6431149069e4b908c939da0a7a9192) Importer(2089858483,192608db42251d675da83286b1cce702) (ScriptedImporter) -> (artifact id: 'a33b77573d9edb1a3e5a1d79b267eb93') in 0.002741708 seconds
Number of updated asset objects reloaded before import = 0Number of asset objects unloaded after import = 2

========================================================================
Received Import Request.
  Time since last request: 0.000048 seconds.
  path: Assets/Sprites/Village/Tileset/MainLevBuild_989.asset
  artifactKey: Guid(ae1197bdc15ab4dc8abd7e4ef83b6646) Importer(2089858483,192608db42251d675da83286b1cce702)
Start importing Assets/Sprites/Village/Tileset/MainLevBuild_989.asset using Guid(ae1197bdc15ab4dc8abd7e4ef83b6646) Importer(2089858483,192608db42251d675da83286b1cce702) (ScriptedImporter) -> (artifact id: 'b349c6f16671b3f7e3ac755489ede741') in 0.0031065 seconds
Number of updated asset objects reloaded before import = 0Number of asset objects unloaded after import = 2

========================================================================
Received Import Request.
  Time since last request: 0.000044 seconds.
  path: Assets/Sprites/Village/Tileset/MainLevBuild_178.asset
  artifactKey: Guid(2428bfcee954847df97176d2a3d9a337) Importer(2089858483,192608db42251d675da83286b1cce702)
Start importing Assets/Sprites/Village/Tileset/MainLevBuild_178.asset using Guid(2428bfcee954847df97176d2a3d9a337) Importer(2089858483,192608db42251d675da83286b1cce702) (ScriptedImporter) -> (artifact id: 'f11bdcbd5da9c8e299960427962c873f') in 0.00281775 seconds
Number of updated asset objects reloaded before import = 0Number of asset objects unloaded after import = 2

========================================================================
Received Import Request.
  Time since last request: 0.000032 seconds.
  path: Assets/Sprites/Village/Tileset/MainLevBuild_769.asset
  artifactKey: Guid(4be9bd49baa8b47969731e65389deb8f) Importer(2089858483,192608db42251d675da83286b1cce702)
Start importing Assets/Sprites/Village/Tileset/MainLevBuild_769.asset using Guid(4be9bd49baa8b47969731e65389deb8f) Importer(2089858483,192608db42251d675da83286b1cce702) (ScriptedImporter) -> (artifact id: 'fd14e45fa1361c54a930861dff1614ee') in 0.002820666 seconds
Number of updated asset objects reloaded before import = 0Number of asset objects unloaded after import = 2

========================================================================
Received Import Request.
  Time since last request: 0.000070 seconds.
  path: Assets/Sprites/Village/Tileset/MainLevBuild_365.asset
  artifactKey: Guid(3ca60b3f55b6b4dc79f0410688097540) Importer(2089858483,192608db42251d675da83286b1cce702)
Start importing Assets/Sprites/Village/Tileset/MainLevBuild_365.asset using Guid(3ca60b3f55b6b4dc79f0410688097540) Importer(2089858483,192608db42251d675da83286b1cce702) (ScriptedImporter) -> (artifact id: 'c7aa853b717e9c61f9800302a49a0ed8') in 0.002997666 seconds
Number of updated asset objects reloaded before import = 0Number of asset objects unloaded after import = 2

========================================================================
Received Import Request.
  Time since last request: 0.000034 seconds.
  path: Assets/Sprites/Village/Tileset/MainLevBuild_972.asset
  artifactKey: Guid(c2a0cfeedb25845a09b495a62f892225) Importer(2089858483,192608db42251d675da83286b1cce702)
Start importing Assets/Sprites/Village/Tileset/MainLevBuild_972.asset using Guid(c2a0cfeedb25845a09b495a62f892225) Importer(2089858483,192608db42251d675da83286b1cce702) (ScriptedImporter) -> (artifact id: 'a05f769979db7449bb0b9e482df633aa') in 0.002911083 seconds
Number of updated asset objects reloaded before import = 0Number of asset objects unloaded after import = 2

========================================================================
Received Import Request.
  Time since last request: 0.000040 seconds.
  path: Assets/Sprites/Village/Tileset/MainLevBuild_247.asset
  artifactKey: Guid(54e1cc3a076464eb3a634c81793213cf) Importer(2089858483,192608db42251d675da83286b1cce702)
Start importing Assets/Sprites/Village/Tileset/MainLevBuild_247.asset using Guid(54e1cc3a076464eb3a634c81793213cf) Importer(2089858483,192608db42251d675da83286b1cce702) (ScriptedImporter) -> (artifact id: 'e60acb353a12b55a23b3817d6fd65a7b') in 0.004439875 seconds
Number of updated asset objects reloaded before import = 0Number of asset objects unloaded after import = 2

========================================================================
Received Import Request.
  Time since last request: 0.000046 seconds.
  path: Assets/Sprites/Village/Tileset/MainLevBuild_473.asset
  artifactKey: Guid(9dc446f985515477caf293c332dcd23a) Importer(2089858483,192608db42251d675da83286b1cce702)
Start importing Assets/Sprites/Village/Tileset/MainLevBuild_473.asset using Guid(9dc446f985515477caf293c332dcd23a) Importer(2089858483,192608db42251d675da83286b1cce702) (ScriptedImporter) -> (artifact id: 'a9bc8f6d448da8c428cae4aaeb58e052') in 0.002963167 seconds
Number of updated asset objects reloaded before import = 0Number of asset objects unloaded after import = 2

========================================================================
Received Import Request.
  Time since last request: 0.000046 seconds.
  path: Assets/Sprites/Village/Tileset/MainLevBuild_540.asset
  artifactKey: Guid(fdc26bb85e7f84e08abe59c8c21312ad) Importer(2089858483,192608db42251d675da83286b1cce702)
Start importing Assets/Sprites/Village/Tileset/MainLevBuild_540.asset using Guid(fdc26bb85e7f84e08abe59c8c21312ad) Importer(2089858483,192608db42251d675da83286b1cce702) (ScriptedImporter) -> (artifact id: '25948258cb6824fbc1d57eeaa9516d13') in 0.002653667 seconds
Number of updated asset objects reloaded before import = 0Number of asset objects unloaded after import = 2

========================================================================
Received Import Request.
  Time since last request: 0.000057 seconds.
  path: Assets/Sprites/Village/Tileset/MainLevBuild_66.asset
  artifactKey: Guid(c1fd376261f7f4557a95d323999e1525) Importer(2089858483,192608db42251d675da83286b1cce702)
Start importing Assets/Sprites/Village/Tileset/MainLevBuild_66.asset using Guid(c1fd376261f7f4557a95d323999e1525) Importer(2089858483,192608db42251d675da83286b1cce702) (ScriptedImporter) -> (artifact id: '49563d7e4bcbd850db27bd9ef8a424e7') in 0.002861708 seconds
Number of updated asset objects reloaded before import = 0Number of asset objects unloaded after import = 2

========================================================================
Received Import Request.
  Time since last request: 0.000034 seconds.
  path: Assets/Sprites/Village/Tileset/MainLevBuild_959.asset
  artifactKey: Guid(68016ebced497477bb8bb9ab1ed1bf64) Importer(2089858483,192608db42251d675da83286b1cce702)
Start importing Assets/Sprites/Village/Tileset/MainLevBuild_959.asset using Guid(68016ebced497477bb8bb9ab1ed1bf64) Importer(2089858483,192608db42251d675da83286b1cce702) (ScriptedImporter) -> (artifact id: '995c48b68e34c1f7291498ce92cdb661') in 0.002603417 seconds
Number of updated asset objects reloaded before import = 0Number of asset objects unloaded after import = 2

========================================================================
Received Import Request.
  Time since last request: 0.000031 seconds.
  path: Assets/Sprites/Village/Tileset/MainLevBuild_931.asset
  artifactKey: Guid(d28a4c7d6582f40168d7fcae2029442d) Importer(2089858483,192608db42251d675da83286b1cce702)
Start importing Assets/Sprites/Village/Tileset/MainLevBuild_931.asset using Guid(d28a4c7d6582f40168d7fcae2029442d) Importer(2089858483,192608db42251d675da83286b1cce702) (ScriptedImporter) -> (artifact id: '382bfef3c97e02ea8365b53fed2839fb') in 0.002459708 seconds
Number of updated asset objects reloaded before import = 0Number of asset objects unloaded after import = 2

========================================================================
Received Import Request.
  Time since last request: 0.000035 seconds.
  path: Assets/Sprites/Village/Tileset/MainLevBuild_749.asset
  artifactKey: Guid(0a1d42263646843298b332954a1cd206) Importer(2089858483,192608db42251d675da83286b1cce702)
Start importing Assets/Sprites/Village/Tileset/MainLevBuild_749.asset using Guid(0a1d42263646843298b332954a1cd206) Importer(2089858483,192608db42251d675da83286b1cce702) (ScriptedImporter) -> (artifact id: '0146fd3e7be6ab7b494d7a10260b5e78') in 0.002670083 seconds
Number of updated asset objects reloaded before import = 0Number of asset objects unloaded after import = 2

========================================================================
Received Import Request.
  Time since last request: 0.000046 seconds.
  path: Assets/Sprites/Village/Tileset/MainLevBuild_75.asset
  artifactKey: Guid(8640751e6c4ad46c88704dfa8c6ec05f) Importer(2089858483,192608db42251d675da83286b1cce702)
Start importing Assets/Sprites/Village/Tileset/MainLevBuild_75.asset using Guid(8640751e6c4ad46c88704dfa8c6ec05f) Importer(2089858483,192608db42251d675da83286b1cce702) (ScriptedImporter) -> (artifact id: '69efde7484a48895cad1a0c3c49f55e0') in 0.002585084 seconds
Number of updated asset objects reloaded before import = 0Number of asset objects unloaded after import = 2

========================================================================
Received Import Request.
  Time since last request: 0.000032 seconds.
  path: Assets/Sprites/Village/Tileset/MainLevBuild_583.asset
  artifactKey: Guid(8856ddffcccd5410da653fc9e6fc4f57) Importer(2089858483,192608db42251d675da83286b1cce702)
Start importing Assets/Sprites/Village/Tileset/MainLevBuild_583.asset using Guid(8856ddffcccd5410da653fc9e6fc4f57) Importer(2089858483,192608db42251d675da83286b1cce702) (ScriptedImporter) -> (artifact id: 'a57e394cccdbafec4d9a754374f0991d') in 0.00268925 seconds
Number of updated asset objects reloaded before import = 0Number of asset objects unloaded after import = 2

========================================================================
Received Import Request.
  Time since last request: 0.000034 seconds.
  path: Assets/Sprites/Village/Tileset/MainLevBuild_81.asset
  artifactKey: Guid(77f837a9a459444b99ecb07177bfcde5) Importer(2089858483,192608db42251d675da83286b1cce702)
Start importing Assets/Sprites/Village/Tileset/MainLevBuild_81.asset using Guid(77f837a9a459444b99ecb07177bfcde5) Importer(2089858483,192608db42251d675da83286b1cce702) (ScriptedImporter) -> (artifact id: '38836cb6fe289dc3b298349c0d6e5690') in 0.002472333 seconds
Number of updated asset objects reloaded before import = 0Number of asset objects unloaded after import = 2

========================================================================
Received Import Request.
  Time since last request: 0.000042 seconds.
  path: Assets/Sprites/Village/Tileset/MainLevBuild_410.asset
  artifactKey: Guid(4febc899045934e56bb48c65937cf04a) Importer(2089858483,192608db42251d675da83286b1cce702)
Start importing Assets/Sprites/Village/Tileset/MainLevBuild_410.asset using Guid(4febc899045934e56bb48c65937cf04a) Importer(2089858483,192608db42251d675da83286b1cce702) (ScriptedImporter) -> (artifact id: '664a464e9db8a9304f20c4dfe876c89b') in 0.002700167 seconds
Number of updated asset objects reloaded before import = 0Number of asset objects unloaded after import = 2

========================================================================
Received Import Request.
  Time since last request: 0.000033 seconds.
  path: Assets/Sprites/Village/Tileset/MainLevBuild_938.asset
  artifactKey: Guid(27211ba9d21df4067a8c43b68c93665a) Importer(2089858483,192608db42251d675da83286b1cce702)
Start importing Assets/Sprites/Village/Tileset/MainLevBuild_938.asset using Guid(27211ba9d21df4067a8c43b68c93665a) Importer(2089858483,192608db42251d675da83286b1cce702) (ScriptedImporter) -> (artifact id: 'd6a2154b3ab670e656e7789bf7363c7b') in 0.002607542 seconds
Number of updated asset objects reloaded before import = 0Number of asset objects unloaded after import = 2

========================================================================
Received Import Request.
  Time since last request: 0.000038 seconds.
  path: Assets/Sprites/Village/Tileset/MainLevBuild_340.asset
  artifactKey: Guid(7049e3a5ec50d4344a164290a95af6ee) Importer(2089858483,192608db42251d675da83286b1cce702)
Start importing Assets/Sprites/Village/Tileset/MainLevBuild_340.asset using Guid(7049e3a5ec50d4344a164290a95af6ee) Importer(2089858483,192608db42251d675da83286b1cce702) (ScriptedImporter) -> (artifact id: 'c60b44d644fcadf3d6604e321800e26a') in 0.002657416 seconds
Number of updated asset objects reloaded before import = 0Number of asset objects unloaded after import = 2

========================================================================
Received Import Request.
  Time since last request: 0.000037 seconds.
  path: Assets/Sprites/Village/Tileset/MainLevBuild_677.asset
  artifactKey: Guid(b59545fa2050844e9a427f83356c4b1e) Importer(2089858483,192608db42251d675da83286b1cce702)
Start importing Assets/Sprites/Village/Tileset/MainLevBuild_677.asset using Guid(b59545fa2050844e9a427f83356c4b1e) Importer(2089858483,192608db42251d675da83286b1cce702) (ScriptedImporter) -> (artifact id: 'c8ea20d758f10a8d434e05a66be7ba52') in 0.004315292 seconds
Number of updated asset objects reloaded before import = 0Number of asset objects unloaded after import = 2

========================================================================
Received Import Request.
  Time since last request: 0.000049 seconds.
  path: Assets/Sprites/Village/Tileset/MainLevBuild_257.asset
  artifactKey: Guid(741a66b4e5b0b413584846959665edf2) Importer(2089858483,192608db42251d675da83286b1cce702)
Start importing Assets/Sprites/Village/Tileset/MainLevBuild_257.asset using Guid(741a66b4e5b0b413584846959665edf2) Importer(2089858483,192608db42251d675da83286b1cce702) (ScriptedImporter) -> (artifact id: '088604b3ad3d692fcc64a2822f5c3a7a') in 0.002778208 seconds
Number of updated asset objects reloaded before import = 0Number of asset objects unloaded after import = 2

========================================================================
Received Import Request.
  Time since last request: 0.000038 seconds.
  path: Assets/Sprites/Village/Tileset/MainLevBuild_809.asset
  artifactKey: Guid(688e119da818e411f9534e0640a40d47) Importer(2089858483,192608db42251d675da83286b1cce702)
Start importing Assets/Sprites/Village/Tileset/MainLevBuild_809.asset using Guid(688e119da818e411f9534e0640a40d47) Importer(2089858483,192608db42251d675da83286b1cce702) (ScriptedImporter) -> (artifact id: '7edc70b7e726166b09beb54459ba974e') in 0.002631084 seconds
Number of updated asset objects reloaded before import = 0Number of asset objects unloaded after import = 2

========================================================================
Received Import Request.
  Time since last request: 0.000031 seconds.
  path: Assets/Sprites/Village/Tileset/MainLevBuild_961.asset
  artifactKey: Guid(9d7ea6512d2a84b389de313102d5577b) Importer(2089858483,192608db42251d675da83286b1cce702)
Start importing Assets/Sprites/Village/Tileset/MainLevBuild_961.asset using Guid(9d7ea6512d2a84b389de313102d5577b) Importer(2089858483,192608db42251d675da83286b1cce702) (ScriptedImporter) -> (artifact id: '6694d4d72d6c6d3e3996248228a64201') in 0.002692417 seconds
Number of updated asset objects reloaded before import = 0Number of asset objects unloaded after import = 2

========================================================================
Received Import Request.
  Time since last request: 0.000049 seconds.
  path: Assets/Sprites/Village/Tileset/MainLevBuild_683.asset
  artifactKey: Guid(acba351d4f4164857ae1bd319314d828) Importer(2089858483,192608db42251d675da83286b1cce702)
Start importing Assets/Sprites/Village/Tileset/MainLevBuild_683.asset using Guid(acba351d4f4164857ae1bd319314d828) Importer(2089858483,192608db42251d675da83286b1cce702) (ScriptedImporter) -> (artifact id: '1d95fba5f59481184154ec47680d8b66') in 0.002682375 seconds
Number of updated asset objects reloaded before import = 0Number of asset objects unloaded after import = 2

========================================================================
Received Import Request.
  Time since last request: 0.000053 seconds.
  path: Assets/Sprites/Village/Tileset/MainLevBuild_404.asset
  artifactKey: Guid(cf8da4cdc205742c68854aaa2eed2c0a) Importer(2089858483,192608db42251d675da83286b1cce702)
Start importing Assets/Sprites/Village/Tileset/MainLevBuild_404.asset using Guid(cf8da4cdc205742c68854aaa2eed2c0a) Importer(2089858483,192608db42251d675da83286b1cce702) (ScriptedImporter) -> (artifact id: '9218e5cabba7a80212dc4d4a3c4f26fd') in 0.002681458 seconds
Number of updated asset objects reloaded before import = 0Number of asset objects unloaded after import = 2

========================================================================
Received Import Request.
  Time since last request: 0.000041 seconds.
  path: Assets/Sprites/Village/Tileset/MainLevBuild_680.asset
  artifactKey: Guid(670478aeb1ebd4640805d508dd1e9f37) Importer(2089858483,192608db42251d675da83286b1cce702)
Start importing Assets/Sprites/Village/Tileset/MainLevBuild_680.asset using Guid(670478aeb1ebd4640805d508dd1e9f37) Importer(2089858483,192608db42251d675da83286b1cce702) (ScriptedImporter) -> (artifact id: '245a650e822984937f7912ac37a6e580') in 0.002583333 seconds
Number of updated asset objects reloaded before import = 0Number of asset objects unloaded after import = 2

========================================================================
Received Import Request.
  Time since last request: 0.000041 seconds.
  path: Assets/Sprites/Village/Tileset/MainLevBuild_985.asset
  artifactKey: Guid(a8a8b8090891d4be7a3eeeecc98e12d3) Importer(2089858483,192608db42251d675da83286b1cce702)
Start importing Assets/Sprites/Village/Tileset/MainLevBuild_985.asset using Guid(a8a8b8090891d4be7a3eeeecc98e12d3) Importer(2089858483,192608db42251d675da83286b1cce702) (ScriptedImporter) -> (artifact id: 'a25fc438fc67bf9d21c90e577d06df2a') in 0.002917167 seconds
Number of updated asset objects reloaded before import = 0Number of asset objects unloaded after import = 2

========================================================================
Received Import Request.
  Time since last request: 0.000041 seconds.
  path: Assets/Sprites/Village/Tileset/MainLevBuild_453.asset
  artifactKey: Guid(fd834e73618494ea59fc36ca13e301f3) Importer(2089858483,192608db42251d675da83286b1cce702)
Start importing Assets/Sprites/Village/Tileset/MainLevBuild_453.asset using Guid(fd834e73618494ea59fc36ca13e301f3) Importer(2089858483,192608db42251d675da83286b1cce702) (ScriptedImporter) -> (artifact id: 'aa73c3aff3c17a59af19cfb1ead28307') in 0.002715708 seconds
Number of updated asset objects reloaded before import = 0Number of asset objects unloaded after import = 2

========================================================================
Received Import Request.
  Time since last request: 0.000032 seconds.
  path: Assets/Sprites/Village/Tileset/MainLevBuild_121.asset
  artifactKey: Guid(64c7410382e07458b842df335287fa99) Importer(2089858483,192608db42251d675da83286b1cce702)
Start importing Assets/Sprites/Village/Tileset/MainLevBuild_121.asset using Guid(64c7410382e07458b842df335287fa99) Importer(2089858483,192608db42251d675da83286b1cce702) (ScriptedImporter) -> (artifact id: '4d7735185f58ce07faa7bf975671f66b') in 0.002712083 seconds
Number of updated asset objects reloaded before import = 0Number of asset objects unloaded after import = 2

========================================================================
Received Import Request.
  Time since last request: 0.000042 seconds.
  path: Assets/Sprites/Village/Tileset/MainLevBuild_997.asset
  artifactKey: Guid(3d423cc7828af4202b48cc32d6d52c00) Importer(2089858483,192608db42251d675da83286b1cce702)
Start importing Assets/Sprites/Village/Tileset/MainLevBuild_997.asset using Guid(3d423cc7828af4202b48cc32d6d52c00) Importer(2089858483,192608db42251d675da83286b1cce702) (ScriptedImporter) -> (artifact id: '96f86ae1d3f36f7bb1e3fae10482bb83') in 0.003103833 seconds
Number of updated asset objects reloaded before import = 0Number of asset objects unloaded after import = 2

========================================================================
Received Import Request.
  Time since last request: 0.000036 seconds.
  path: Assets/Sprites/Village/Tileset/MainLevBuild_196.asset
  artifactKey: Guid(95b2dc92b80e6495ea167fc6c5885d67) Importer(2089858483,192608db42251d675da83286b1cce702)
Start importing Assets/Sprites/Village/Tileset/MainLevBuild_196.asset using Guid(95b2dc92b80e6495ea167fc6c5885d67) Importer(2089858483,192608db42251d675da83286b1cce702) (ScriptedImporter) -> (artifact id: '79871d2e0a56bab5c42bef08fd173e54') in 0.002711708 seconds
Number of updated asset objects reloaded before import = 0Number of asset objects unloaded after import = 2

========================================================================
Received Import Request.
  Time since last request: 0.000035 seconds.
  path: Assets/Sprites/Village/Tileset/MainLevBuild_538.asset
  artifactKey: Guid(1547a989bb4d9482e85f9cf8a75e10b7) Importer(2089858483,192608db42251d675da83286b1cce702)
Start importing Assets/Sprites/Village/Tileset/MainLevBuild_538.asset using Guid(1547a989bb4d9482e85f9cf8a75e10b7) Importer(2089858483,192608db42251d675da83286b1cce702) (ScriptedImporter) -> (artifact id: '7a47a5255e1da6ea87161218f2cd45f2') in 0.002909375 seconds
Number of updated asset objects reloaded before import = 0Number of asset objects unloaded after import = 2

========================================================================
Received Import Request.
  Time since last request: 0.000030 seconds.
  path: Assets/Sprites/Village/Tileset/MainLevBuild_509.asset
  artifactKey: Guid(20e2211b3c5ec49f79df5399703bedd4) Importer(2089858483,192608db42251d675da83286b1cce702)
Start importing Assets/Sprites/Village/Tileset/MainLevBuild_509.asset using Guid(20e2211b3c5ec49f79df5399703bedd4) Importer(2089858483,192608db42251d675da83286b1cce702) (ScriptedImporter) -> (artifact id: 'b07fea26fcb03b6a9c92b7355b88a3a3') in 0.004423208 seconds
Number of updated asset objects reloaded before import = 0Number of asset objects unloaded after import = 2

========================================================================
Received Import Request.
  Time since last request: 0.000027 seconds.
  path: Assets/Sprites/Village/Tileset/MainLevBuild_913.asset
  artifactKey: Guid(3f2369e513bbc4b85a9779843e03ca60) Importer(2089858483,192608db42251d675da83286b1cce702)
Start importing Assets/Sprites/Village/Tileset/MainLevBuild_913.asset using Guid(3f2369e513bbc4b85a9779843e03ca60) Importer(2089858483,192608db42251d675da83286b1cce702) (ScriptedImporter) -> (artifact id: 'ab7d0b3bb37fcbf1d4ae1c6dd897271c') in 0.002734541 seconds
Number of updated asset objects reloaded before import = 0Number of asset objects unloaded after import = 2

========================================================================
Received Import Request.
  Time since last request: 0.000040 seconds.
  path: Assets/Sprites/Village/Tileset/MainLevBuild_467.asset
  artifactKey: Guid(01f51483aa0ea4bc2b8b5888ef108818) Importer(2089858483,192608db42251d675da83286b1cce702)
Start importing Assets/Sprites/Village/Tileset/MainLevBuild_467.asset using Guid(01f51483aa0ea4bc2b8b5888ef108818) Importer(2089858483,192608db42251d675da83286b1cce702) (ScriptedImporter) -> (artifact id: '826beb7172c3e9eace404bd98b29baec') in 0.002646333 seconds
Number of updated asset objects reloaded before import = 0Number of asset objects unloaded after import = 2

========================================================================
Received Import Request.
  Time since last request: 0.000033 seconds.
  path: Assets/Sprites/Village/Tileset/MainLevBuild_812.asset
  artifactKey: Guid(dd7bd4335e94e4ba592f247e838e73e0) Importer(2089858483,192608db42251d675da83286b1cce702)
Start importing Assets/Sprites/Village/Tileset/MainLevBuild_812.asset using Guid(dd7bd4335e94e4ba592f247e838e73e0) Importer(2089858483,192608db42251d675da83286b1cce702) (ScriptedImporter) -> (artifact id: '3dcafd712285001d7c6a42731f721e09') in 0.00272075 seconds
Number of updated asset objects reloaded before import = 0Number of asset objects unloaded after import = 2

========================================================================
Received Import Request.
  Time since last request: 0.000071 seconds.
  path: Assets/Sprites/Village/Tileset/MainLevBuild_205.asset
  artifactKey: Guid(218349d2d452642b1b06ab7c18a2e011) Importer(2089858483,192608db42251d675da83286b1cce702)
Start importing Assets/Sprites/Village/Tileset/MainLevBuild_205.asset using Guid(218349d2d452642b1b06ab7c18a2e011) Importer(2089858483,192608db42251d675da83286b1cce702) (ScriptedImporter) -> (artifact id: '652311ea8f0b95cfe5b065aa81c33dde') in 0.002968625 seconds
Number of updated asset objects reloaded before import = 0Number of asset objects unloaded after import = 2

========================================================================
Received Import Request.
  Time since last request: 0.000036 seconds.
  path: Assets/Sprites/Village/Tileset/MainLevBuild_511.asset
  artifactKey: Guid(9c97a0b8f48ae493c81bf37ba4418f3a) Importer(2089858483,192608db42251d675da83286b1cce702)
Start importing Assets/Sprites/Village/Tileset/MainLevBuild_511.asset using Guid(9c97a0b8f48ae493c81bf37ba4418f3a) Importer(2089858483,192608db42251d675da83286b1cce702) (ScriptedImporter) -> (artifact id: '4485205bacab3ff7d519048e6194aeb2') in 0.00288475 seconds
Number of updated asset objects reloaded before import = 0Number of asset objects unloaded after import = 2

========================================================================
Received Import Request.
  Time since last request: 0.000025 seconds.
  path: Assets/Sprites/Village/Tileset/MainLevBuild_864.asset
  artifactKey: Guid(5b6d701b209754a4c94556426209818e) Importer(2089858483,192608db42251d675da83286b1cce702)
Start importing Assets/Sprites/Village/Tileset/MainLevBuild_864.asset using Guid(5b6d701b209754a4c94556426209818e) Importer(2089858483,192608db42251d675da83286b1cce702) (ScriptedImporter) -> (artifact id: '5ad6ce583d9df80cbd175306705b8549') in 0.002659458 seconds
Number of updated asset objects reloaded before import = 0Number of asset objects unloaded after import = 2

========================================================================
Received Import Request.
  Time since last request: 0.000034 seconds.
  path: Assets/Sprites/Village/Tileset/MainLevBuild_884.asset
  artifactKey: Guid(0cb8d1fbb79854dce9673113fdf122dd) Importer(2089858483,192608db42251d675da83286b1cce702)
Start importing Assets/Sprites/Village/Tileset/MainLevBuild_884.asset using Guid(0cb8d1fbb79854dce9673113fdf122dd) Importer(2089858483,192608db42251d675da83286b1cce702) (ScriptedImporter) -> (artifact id: '55ffa27110801e2451813020ed874a6c') in 0.002884208 seconds
Number of updated asset objects reloaded before import = 0Number of asset objects unloaded after import = 2

========================================================================
Received Import Request.
  Time since last request: 0.000065 seconds.
  path: Assets/Sprites/Village/Tileset/MainLevBuild_123.asset
  artifactKey: Guid(d2aeb09b4df2e4542a19719318934ff7) Importer(2089858483,192608db42251d675da83286b1cce702)
Start importing Assets/Sprites/Village/Tileset/MainLevBuild_123.asset using Guid(d2aeb09b4df2e4542a19719318934ff7) Importer(2089858483,192608db42251d675da83286b1cce702) (ScriptedImporter) -> (artifact id: '50f2eff94c134bb180cdc6b6eff05cb1') in 0.002556333 seconds
Number of updated asset objects reloaded before import = 0Number of asset objects unloaded after import = 2

========================================================================
Received Import Request.
  Time since last request: 0.000041 seconds.
  path: Assets/Sprites/Village/Tileset/MainLevBuild_882.asset
  artifactKey: Guid(46e60b8328fdb47c6865be20125ee60f) Importer(2089858483,192608db42251d675da83286b1cce702)
Start importing Assets/Sprites/Village/Tileset/MainLevBuild_882.asset using Guid(46e60b8328fdb47c6865be20125ee60f) Importer(2089858483,192608db42251d675da83286b1cce702) (ScriptedImporter) -> (artifact id: '3bf06fea03e36c8dddb7c09db6b61db8') in 0.002520834 seconds
Number of updated asset objects reloaded before import = 0Number of asset objects unloaded after import = 2

========================================================================
Received Import Request.
  Time since last request: 0.000030 seconds.
  path: Assets/Sprites/Village/Tileset/MainLevBuild_957.asset
  artifactKey: Guid(9da8bb5afe88549b2b7f39808c0f363b) Importer(2089858483,192608db42251d675da83286b1cce702)
Start importing Assets/Sprites/Village/Tileset/MainLevBuild_957.asset using Guid(9da8bb5afe88549b2b7f39808c0f363b) Importer(2089858483,192608db42251d675da83286b1cce702) (ScriptedImporter) -> (artifact id: 'f6448ab3319b80df483f1f90594329e0') in 0.00294 seconds
Number of updated asset objects reloaded before import = 0Number of asset objects unloaded after import = 2

========================================================================
Received Import Request.
  Time since last request: 0.000035 seconds.
  path: Assets/Sprites/Village/Tileset/MainLevBuild_824.asset
  artifactKey: Guid(0d2d2f959749e46fbbbab4a40aebe27a) Importer(2089858483,192608db42251d675da83286b1cce702)
Start importing Assets/Sprites/Village/Tileset/MainLevBuild_824.asset using Guid(0d2d2f959749e46fbbbab4a40aebe27a) Importer(2089858483,192608db42251d675da83286b1cce702) (ScriptedImporter) -> (artifact id: '8e45162e97f838ff9fa68a500403ff2a') in 0.002769917 seconds
Number of updated asset objects reloaded before import = 0Number of asset objects unloaded after import = 2

========================================================================
Received Import Request.
  Time since last request: 0.000065 seconds.
  path: Assets/Sprites/Village/Tileset/MainLevBuild_1009.asset
  artifactKey: Guid(392ed3916aa984f7b82dc970623eb288) Importer(2089858483,192608db42251d675da83286b1cce702)
Start importing Assets/Sprites/Village/Tileset/MainLevBuild_1009.asset using Guid(392ed3916aa984f7b82dc970623eb288) Importer(2089858483,192608db42251d675da83286b1cce702) (ScriptedImporter) -> (artifact id: 'ddd78cda1e069849e5f0b712e65fe4ba') in 0.002944 seconds
Number of updated asset objects reloaded before import = 0Number of asset objects unloaded after import = 2

========================================================================
Received Import Request.
  Time since last request: 0.000086 seconds.
  path: Assets/Sprites/Village/Tileset/MainLevBuild_676.asset
  artifactKey: Guid(ba05daeaec06b4cd18cad64e09d89fc2) Importer(2089858483,192608db42251d675da83286b1cce702)
Start importing Assets/Sprites/Village/Tileset/MainLevBuild_676.asset using Guid(ba05daeaec06b4cd18cad64e09d89fc2) Importer(2089858483,192608db42251d675da83286b1cce702) (ScriptedImporter) -> (artifact id: '4c1f4633edf05b34fffcdc4a11aa564d') in 0.004603083 seconds
Number of updated asset objects reloaded before import = 0Number of asset objects unloaded after import = 2

========================================================================
Received Import Request.
  Time since last request: 0.000036 seconds.
  path: Assets/Sprites/Village/Tileset/MainLevBuild_539.asset
  artifactKey: Guid(0809800bf3adc4eb9b3e755b5ceb2d3a) Importer(2089858483,192608db42251d675da83286b1cce702)
Start importing Assets/Sprites/Village/Tileset/MainLevBuild_539.asset using Guid(0809800bf3adc4eb9b3e755b5ceb2d3a) Importer(2089858483,192608db42251d675da83286b1cce702) (ScriptedImporter) -> (artifact id: '35e09817112e6431eab1be945f6f8019') in 0.002392458 seconds
Number of updated asset objects reloaded before import = 0Number of asset objects unloaded after import = 2

========================================================================
Received Import Request.
  Time since last request: 0.000036 seconds.
  path: Assets/Sprites/Village/Tileset/MainLevBuild_582.asset
  artifactKey: Guid(495964adc0fda4fe29df4a875f4ea538) Importer(2089858483,192608db42251d675da83286b1cce702)
Start importing Assets/Sprites/Village/Tileset/MainLevBuild_582.asset using Guid(495964adc0fda4fe29df4a875f4ea538) Importer(2089858483,192608db42251d675da83286b1cce702) (ScriptedImporter) -> (artifact id: '74e84a912c6d0898629757ab22f77f8e') in 0.002589666 seconds
Number of updated asset objects reloaded before import = 0Number of asset objects unloaded after import = 2

========================================================================
Received Import Request.
  Time since last request: 0.000032 seconds.
  path: Assets/Sprites/Village/Tileset/MainLevBuild_585.asset
  artifactKey: Guid(099c0435402b043d8b3a19cc39b39c85) Importer(2089858483,192608db42251d675da83286b1cce702)
Start importing Assets/Sprites/Village/Tileset/MainLevBuild_585.asset using Guid(099c0435402b043d8b3a19cc39b39c85) Importer(2089858483,192608db42251d675da83286b1cce702) (ScriptedImporter) -> (artifact id: '5d2e06bbd86d4f0ccb89ec5b9ecba8dc') in 0.002634917 seconds
Number of updated asset objects reloaded before import = 0Number of asset objects unloaded after import = 2

========================================================================
Received Import Request.
  Time since last request: 0.000062 seconds.
  path: Assets/Sprites/Village/Tileset/MainLevBuild_559.asset
  artifactKey: Guid(8713b0a59ae9f47f981e54b51e9f8475) Importer(2089858483,192608db42251d675da83286b1cce702)
Start importing Assets/Sprites/Village/Tileset/MainLevBuild_559.asset using Guid(8713b0a59ae9f47f981e54b51e9f8475) Importer(2089858483,192608db42251d675da83286b1cce702) (ScriptedImporter) -> (artifact id: '2a01276b014b8a05eeaed640ddcceb26') in 0.002686667 seconds
Number of updated asset objects reloaded before import = 0Number of asset objects unloaded after import = 2

========================================================================
Received Import Request.
  Time since last request: 0.000035 seconds.
  path: Assets/Sprites/Village/Tileset/MainLevBuild_179.asset
  artifactKey: Guid(847b09f3c67444ef79eb32b31fcf2e86) Importer(2089858483,192608db42251d675da83286b1cce702)
Start importing Assets/Sprites/Village/Tileset/MainLevBuild_179.asset using Guid(847b09f3c67444ef79eb32b31fcf2e86) Importer(2089858483,192608db42251d675da83286b1cce702) (ScriptedImporter) -> (artifact id: 'ec0c33211ba54ac822cd4d319ed57174') in 0.00269525 seconds
Number of updated asset objects reloaded before import = 0Number of asset objects unloaded after import = 2

========================================================================
Received Import Request.
  Time since last request: 0.000033 seconds.
  path: Assets/Sprites/Village/Tileset/MainLevBuild_953.asset
  artifactKey: Guid(04d4c7b26112442879c4c0746c078b2b) Importer(2089858483,192608db42251d675da83286b1cce702)
Start importing Assets/Sprites/Village/Tileset/MainLevBuild_953.asset using Guid(04d4c7b26112442879c4c0746c078b2b) Importer(2089858483,192608db42251d675da83286b1cce702) (ScriptedImporter) -> (artifact id: '76b9bc22961b9e8c674b92c7814212e8') in 0.00286825 seconds
Number of updated asset objects reloaded before import = 0Number of asset objects unloaded after import = 2

========================================================================
Received Import Request.
  Time since last request: 0.000035 seconds.
  path: Assets/Sprites/Village/Tileset/MainLevBuild_422.asset
  artifactKey: Guid(6853fff033a0e4f3daf7d36cc092b505) Importer(2089858483,192608db42251d675da83286b1cce702)
Start importing Assets/Sprites/Village/Tileset/MainLevBuild_422.asset using Guid(6853fff033a0e4f3daf7d36cc092b505) Importer(2089858483,192608db42251d675da83286b1cce702) (ScriptedImporter) -> (artifact id: '0a205572d9d2ec1bdf6e7c50fc73fe0c') in 0.002728875 seconds
Number of updated asset objects reloaded before import = 0Number of asset objects unloaded after import = 2

========================================================================
Received Import Request.
  Time since last request: 0.000031 seconds.
  path: Assets/Sprites/Village/Tileset/MainLevBuild_600.asset
  artifactKey: Guid(3cb64eed8883e40d08e1ee145a2dd413) Importer(2089858483,192608db42251d675da83286b1cce702)
Start importing Assets/Sprites/Village/Tileset/MainLevBuild_600.asset using Guid(3cb64eed8883e40d08e1ee145a2dd413) Importer(2089858483,192608db42251d675da83286b1cce702) (ScriptedImporter) -> (artifact id: '3cc3d88144fc6ede40d575844a95f9ce') in 0.002598209 seconds
Number of updated asset objects reloaded before import = 0Number of asset objects unloaded after import = 2

========================================================================
Received Import Request.
  Time since last request: 0.000036 seconds.
  path: Assets/Sprites/Village/Tileset/MainLevBuild_338.asset
  artifactKey: Guid(200ab9139b4e849eab912a482e9c9612) Importer(2089858483,192608db42251d675da83286b1cce702)
Start importing Assets/Sprites/Village/Tileset/MainLevBuild_338.asset using Guid(200ab9139b4e849eab912a482e9c9612) Importer(2089858483,192608db42251d675da83286b1cce702) (ScriptedImporter) -> (artifact id: 'df410d092d5e8d02ec7386d11f325425') in 0.00255875 seconds
Number of updated asset objects reloaded before import = 0Number of asset objects unloaded after import = 2

========================================================================
Received Import Request.
  Time since last request: 0.000038 seconds.
  path: Assets/Sprites/Village/Tileset/MainLevBuild_575.asset
  artifactKey: Guid(694fdbb23e35040698266e5fa969994c) Importer(2089858483,192608db42251d675da83286b1cce702)
Start importing Assets/Sprites/Village/Tileset/MainLevBuild_575.asset using Guid(694fdbb23e35040698266e5fa969994c) Importer(2089858483,192608db42251d675da83286b1cce702) (ScriptedImporter) -> (artifact id: '21ef6d090301fe13cbf78bfddcb6270d') in 0.002636208 seconds
Number of updated asset objects reloaded before import = 0Number of asset objects unloaded after import = 2

========================================================================
Received Import Request.
  Time since last request: 0.000038 seconds.
  path: Assets/Sprites/Village/Tileset/MainLevBuild_504.asset
  artifactKey: Guid(4e25624d38b4b42e5bf688afa7aae0c3) Importer(2089858483,192608db42251d675da83286b1cce702)
Start importing Assets/Sprites/Village/Tileset/MainLevBuild_504.asset using Guid(4e25624d38b4b42e5bf688afa7aae0c3) Importer(2089858483,192608db42251d675da83286b1cce702) (ScriptedImporter) -> (artifact id: '090ca7fa9c0c55f26c12b6dd26eb0cdd') in 0.002727958 seconds
Number of updated asset objects reloaded before import = 0Number of asset objects unloaded after import = 2

========================================================================
Received Import Request.
  Time since last request: 0.000032 seconds.
  path: Assets/Sprites/Village/Tileset/MainLevBuild_1004.asset
  artifactKey: Guid(80e693cfe825f47f5b790cdf5667d6fd) Importer(2089858483,192608db42251d675da83286b1cce702)
Start importing Assets/Sprites/Village/Tileset/MainLevBuild_1004.asset using Guid(80e693cfe825f47f5b790cdf5667d6fd) Importer(2089858483,192608db42251d675da83286b1cce702) (ScriptedImporter) -> (artifact id: '8b62ed2a9f34c3648bf15a0e7cc1b223') in 0.002771291 seconds
Number of updated asset objects reloaded before import = 0Number of asset objects unloaded after import = 2

========================================================================
Received Import Request.
  Time since last request: 0.000029 seconds.
  path: Assets/Sprites/Village/Tileset/MainLevBuild_470.asset
  artifactKey: Guid(44e9cf51cdabd45dea3799e7a110b5e6) Importer(2089858483,192608db42251d675da83286b1cce702)
Start importing Assets/Sprites/Village/Tileset/MainLevBuild_470.asset using Guid(44e9cf51cdabd45dea3799e7a110b5e6) Importer(2089858483,192608db42251d675da83286b1cce702) (ScriptedImporter) -> (artifact id: 'f995aee4774c4964a83f36ef874adad3') in 0.00452075 seconds
Number of updated asset objects reloaded before import = 0Number of asset objects unloaded after import = 2

========================================================================
Received Import Request.
  Time since last request: 0.000039 seconds.
  path: Assets/Sprites/Village/Tileset/MainLevBuild_360.asset
  artifactKey: Guid(a68592aee73744a10abb6484ab27269e) Importer(2089858483,192608db42251d675da83286b1cce702)
Start importing Assets/Sprites/Village/Tileset/MainLevBuild_360.asset using Guid(a68592aee73744a10abb6484ab27269e) Importer(2089858483,192608db42251d675da83286b1cce702) (ScriptedImporter) -> (artifact id: '43d87db8b042d7ad06f677ff7eb6db65') in 0.002736459 seconds
Number of updated asset objects reloaded before import = 0Number of asset objects unloaded after import = 2

========================================================================
Received Import Request.
  Time since last request: 0.000038 seconds.
  path: Assets/Sprites/Village/Tileset/MainLevBuild_949.asset
  artifactKey: Guid(b2a609670fadb488eae8412d8e20f62d) Importer(2089858483,192608db42251d675da83286b1cce702)
Start importing Assets/Sprites/Village/Tileset/MainLevBuild_949.asset using Guid(b2a609670fadb488eae8412d8e20f62d) Importer(2089858483,192608db42251d675da83286b1cce702) (ScriptedImporter) -> (artifact id: 'fbfe02a2e2bc3e8b5358cca9c1f134c4') in 0.002810958 seconds
Number of updated asset objects reloaded before import = 0Number of asset objects unloaded after import = 2

========================================================================
Received Import Request.
  Time since last request: 0.000033 seconds.
  path: Assets/Sprites/Village/Tileset/MainLevBuild_920.asset
  artifactKey: Guid(c8f3703daf03c446f9a62ea8c582ebbd) Importer(2089858483,192608db42251d675da83286b1cce702)
Start importing Assets/Sprites/Village/Tileset/MainLevBuild_920.asset using Guid(c8f3703daf03c446f9a62ea8c582ebbd) Importer(2089858483,192608db42251d675da83286b1cce702) (ScriptedImporter) -> (artifact id: '0d404efeb358ea61d0ef42020e1b7faf') in 0.002872875 seconds
Number of updated asset objects reloaded before import = 0Number of asset objects unloaded after import = 2

========================================================================
Received Import Request.
  Time since last request: 0.000028 seconds.
  path: Assets/Sprites/Village/Tileset/MainLevBuild_346.asset
  artifactKey: Guid(cd511aa27b27844e4ae7064b50a53f9c) Importer(2089858483,192608db42251d675da83286b1cce702)
Start importing Assets/Sprites/Village/Tileset/MainLevBuild_346.asset using Guid(cd511aa27b27844e4ae7064b50a53f9c) Importer(2089858483,192608db42251d675da83286b1cce702) (ScriptedImporter) -> (artifact id: 'e1d022751a2f580c001a7e581e3d00ec') in 0.002700625 seconds
Number of updated asset objects reloaded before import = 0Number of asset objects unloaded after import = 2

========================================================================
Received Import Request.
  Time since last request: 0.000030 seconds.
  path: Assets/Sprites/Village/Tileset/MainLevBuild_1047.asset
  artifactKey: Guid(da6e22b4c7a9141c581ab10856d5194c) Importer(2089858483,192608db42251d675da83286b1cce702)
Start importing Assets/Sprites/Village/Tileset/MainLevBuild_1047.asset using Guid(da6e22b4c7a9141c581ab10856d5194c) Importer(2089858483,192608db42251d675da83286b1cce702) (ScriptedImporter) -> (artifact id: 'b29b013b409077140aebf6fd01127c70') in 0.002936625 seconds
Number of updated asset objects reloaded before import = 0Number of asset objects unloaded after import = 2

========================================================================
Received Import Request.
  Time since last request: 0.000029 seconds.
  path: Assets/Sprites/Village/Tileset/MainLevBuild_782.asset
  artifactKey: Guid(69498e5f5c64f46be8e10278aa3ea588) Importer(2089858483,192608db42251d675da83286b1cce702)
Start importing Assets/Sprites/Village/Tileset/MainLevBuild_782.asset using Guid(69498e5f5c64f46be8e10278aa3ea588) Importer(2089858483,192608db42251d675da83286b1cce702) (ScriptedImporter) -> (artifact id: 'd59e6d67d3bc3014af1fdfb93d469628') in 0.002658042 seconds
Number of updated asset objects reloaded before import = 0Number of asset objects unloaded after import = 2

========================================================================
Received Import Request.
  Time since last request: 0.000032 seconds.
  path: Assets/Sprites/Village/Tileset/MainLevBuild_927.asset
  artifactKey: Guid(4613ec84c57ac4ba8b8f860793f06542) Importer(2089858483,192608db42251d675da83286b1cce702)
Start importing Assets/Sprites/Village/Tileset/MainLevBuild_927.asset using Guid(4613ec84c57ac4ba8b8f860793f06542) Importer(2089858483,192608db42251d675da83286b1cce702) (ScriptedImporter) -> (artifact id: '2375ad98f01f3b644463fe2b4d7dd135') in 0.002749167 seconds
Number of updated asset objects reloaded before import = 0Number of asset objects unloaded after import = 2

========================================================================
Received Import Request.
  Time since last request: 0.000054 seconds.
  path: Assets/Sprites/Village/Tileset/MainLevBuild_208.asset
  artifactKey: Guid(3720c3ac0ed4b45728a1d8302f6bdf9c) Importer(2089858483,192608db42251d675da83286b1cce702)
Start importing Assets/Sprites/Village/Tileset/MainLevBuild_208.asset using Guid(3720c3ac0ed4b45728a1d8302f6bdf9c) Importer(2089858483,192608db42251d675da83286b1cce702) (ScriptedImporter) -> (artifact id: '3f9f694143e960c4ca8b4626b1da88b3') in 0.002767 seconds
Number of updated asset objects reloaded before import = 0Number of asset objects unloaded after import = 2

========================================================================
Received Import Request.
  Time since last request: 0.000050 seconds.
  path: Assets/Sprites/Village/Tileset/MainLevBuild_1046.asset
  artifactKey: Guid(f27f3785453fe443183b1d9e39d1f501) Importer(2089858483,192608db42251d675da83286b1cce702)
Start importing Assets/Sprites/Village/Tileset/MainLevBuild_1046.asset using Guid(f27f3785453fe443183b1d9e39d1f501) Importer(2089858483,192608db42251d675da83286b1cce702) (ScriptedImporter) -> (artifact id: '878fc750437dc6959cff21ac7fe683bc') in 0.002859083 seconds
Number of updated asset objects reloaded before import = 0Number of asset objects unloaded after import = 2

========================================================================
Received Import Request.
  Time since last request: 0.000060 seconds.
  path: Assets/Sprites/Village/Tileset/MainLevBuild_100.asset
  artifactKey: Guid(10d522c72c97f4edd896ef783f724850) Importer(2089858483,192608db42251d675da83286b1cce702)
Start importing Assets/Sprites/Village/Tileset/MainLevBuild_100.asset using Guid(10d522c72c97f4edd896ef783f724850) Importer(2089858483,192608db42251d675da83286b1cce702) (ScriptedImporter) -> (artifact id: '85c83e9345fa5ddcada1c6e1fedaade9') in 0.002761084 seconds
Number of updated asset objects reloaded before import = 0Number of asset objects unloaded after import = 2

========================================================================
Received Import Request.
  Time since last request: 0.000029 seconds.
  path: Assets/Sprites/Village/Tileset/MainLevBuild_867.asset
  artifactKey: Guid(42258633655a745dbbff6bc31731800f) Importer(2089858483,192608db42251d675da83286b1cce702)
Start importing Assets/Sprites/Village/Tileset/MainLevBuild_867.asset using Guid(42258633655a745dbbff6bc31731800f) Importer(2089858483,192608db42251d675da83286b1cce702) (ScriptedImporter) -> (artifact id: '4cd642776f934d2746ad65cad52cd013') in 0.002810792 seconds
Number of updated asset objects reloaded before import = 0Number of asset objects unloaded after import = 2

========================================================================
Received Import Request.
  Time since last request: 0.000040 seconds.
  path: Assets/Sprites/Village/Tileset/MainLevBuild_130.asset
  artifactKey: Guid(555a67585f862479e9ded0e742e6379d) Importer(2089858483,192608db42251d675da83286b1cce702)
Start importing Assets/Sprites/Village/Tileset/MainLevBuild_130.asset using Guid(555a67585f862479e9ded0e742e6379d) Importer(2089858483,192608db42251d675da83286b1cce702) (ScriptedImporter) -> (artifact id: 'c767f162405c378d193630d70cfcb508') in 0.002574917 seconds
Number of updated asset objects reloaded before import = 0Number of asset objects unloaded after import = 2

========================================================================
Received Import Request.
  Time since last request: 0.000031 seconds.
  path: Assets/Sprites/Village/Tileset/MainLevBuild_795.asset
  artifactKey: Guid(683af65985d9748df93b8417ae6c2a39) Importer(2089858483,192608db42251d675da83286b1cce702)
Start importing Assets/Sprites/Village/Tileset/MainLevBuild_795.asset using Guid(683af65985d9748df93b8417ae6c2a39) Importer(2089858483,192608db42251d675da83286b1cce702) (ScriptedImporter) -> (artifact id: '777a25ba7b6e4f1ba22803bfdea567bb') in 0.004619666 seconds
Number of updated asset objects reloaded before import = 0Number of asset objects unloaded after import = 2

========================================================================
Received Import Request.
  Time since last request: 0.000040 seconds.
  path: Assets/Sprites/Village/Tileset/MainLevBuild_878.asset
  artifactKey: Guid(2aa7496eefd3c4cf89d7eb771bb10ad1) Importer(2089858483,192608db42251d675da83286b1cce702)
Start importing Assets/Sprites/Village/Tileset/MainLevBuild_878.asset using Guid(2aa7496eefd3c4cf89d7eb771bb10ad1) Importer(2089858483,192608db42251d675da83286b1cce702) (ScriptedImporter) -> (artifact id: 'af9abb87a37750ce2f2cca192379b751') in 0.002554 seconds
Number of updated asset objects reloaded before import = 0Number of asset objects unloaded after import = 2

========================================================================
Received Import Request.
  Time since last request: 0.000032 seconds.
  path: Assets/Sprites/Village/Tileset/MainLevBuild_737.asset
  artifactKey: Guid(cf251f86cd7c74df69dbe07c721db5ce) Importer(2089858483,192608db42251d675da83286b1cce702)
Start importing Assets/Sprites/Village/Tileset/MainLevBuild_737.asset using Guid(cf251f86cd7c74df69dbe07c721db5ce) Importer(2089858483,192608db42251d675da83286b1cce702) (ScriptedImporter) -> (artifact id: 'fee8ed0bdd4c404085b673cd9fa7c6ed') in 0.002472042 seconds
Number of updated asset objects reloaded before import = 0Number of asset objects unloaded after import = 2

========================================================================
Received Import Request.
  Time since last request: 0.000041 seconds.
  path: Assets/Sprites/Village/Tileset/MainLevBuild_689.asset
  artifactKey: Guid(fac0c4d14ea254f709336e068c8a3a97) Importer(2089858483,192608db42251d675da83286b1cce702)
Start importing Assets/Sprites/Village/Tileset/MainLevBuild_689.asset using Guid(fac0c4d14ea254f709336e068c8a3a97) Importer(2089858483,192608db42251d675da83286b1cce702) (ScriptedImporter) -> (artifact id: '94f26395dfbad2dcc08dcbf62f71a21f') in 0.002715834 seconds
Number of updated asset objects reloaded before import = 0Number of asset objects unloaded after import = 2

========================================================================
Received Import Request.
  Time since last request: 0.000038 seconds.
  path: Assets/Sprites/Village/Tileset/MainLevBuild_831.asset
  artifactKey: Guid(7250ddd0bf214405d878704f88941f09) Importer(2089858483,192608db42251d675da83286b1cce702)
Start importing Assets/Sprites/Village/Tileset/MainLevBuild_831.asset using Guid(7250ddd0bf214405d878704f88941f09) Importer(2089858483,192608db42251d675da83286b1cce702) (ScriptedImporter) -> (artifact id: '96b9a3b12e93c07e9bf007497a1c4e5b') in 0.002615083 seconds
Number of updated asset objects reloaded before import = 0Number of asset objects unloaded after import = 2

========================================================================
Received Import Request.
  Time since last request: 0.000045 seconds.
  path: Assets/Sprites/Village/Tileset/MainLevBuild_258.asset
  artifactKey: Guid(7e3cfea77ab6f4f57bff860457b844cb) Importer(2089858483,192608db42251d675da83286b1cce702)
Start importing Assets/Sprites/Village/Tileset/MainLevBuild_258.asset using Guid(7e3cfea77ab6f4f57bff860457b844cb) Importer(2089858483,192608db42251d675da83286b1cce702) (ScriptedImporter) -> (artifact id: 'e27576f2048c5db9697c76d39015b308') in 0.002577917 seconds
Number of updated asset objects reloaded before import = 0Number of asset objects unloaded after import = 2

========================================================================
Received Import Request.
  Time since last request: 0.000031 seconds.
  path: Assets/Sprites/Village/Tileset/MainLevBuild_309.asset
  artifactKey: Guid(2303f95566d8940ff9c00629025742b8) Importer(2089858483,192608db42251d675da83286b1cce702)
Start importing Assets/Sprites/Village/Tileset/MainLevBuild_309.asset using Guid(2303f95566d8940ff9c00629025742b8) Importer(2089858483,192608db42251d675da83286b1cce702) (ScriptedImporter) -> (artifact id: '3f6524cf05478551263ade56601a8dbc') in 0.002644167 seconds
Number of updated asset objects reloaded before import = 0Number of asset objects unloaded after import = 2

========================================================================
Received Import Request.
  Time since last request: 0.000036 seconds.
  path: Assets/Sprites/Village/Tileset/MainLevBuild_220.asset
  artifactKey: Guid(8bf9761335f154660829724bf1849f95) Importer(2089858483,192608db42251d675da83286b1cce702)
Start importing Assets/Sprites/Village/Tileset/MainLevBuild_220.asset using Guid(8bf9761335f154660829724bf1849f95) Importer(2089858483,192608db42251d675da83286b1cce702) (ScriptedImporter) -> (artifact id: '89136119070bf38ecdc5b982b288037e') in 0.002648708 seconds
Number of updated asset objects reloaded before import = 0Number of asset objects unloaded after import = 2

========================================================================
Received Import Request.
  Time since last request: 0.000041 seconds.
  path: Assets/Sprites/Village/Tileset/MainLevBuild_1034.asset
  artifactKey: Guid(685a1f24945414683859ff6080f5ddb2) Importer(2089858483,192608db42251d675da83286b1cce702)
Start importing Assets/Sprites/Village/Tileset/MainLevBuild_1034.asset using Guid(685a1f24945414683859ff6080f5ddb2) Importer(2089858483,192608db42251d675da83286b1cce702) (ScriptedImporter) -> (artifact id: 'f8792632753bd1d11f37f6fdfc754c31') in 0.002893417 seconds
Number of updated asset objects reloaded before import = 0Number of asset objects unloaded after import = 2

========================================================================
Received Import Request.
  Time since last request: 0.000049 seconds.
  path: Assets/Sprites/Village/Tileset/MainLevBuild_778.asset
  artifactKey: Guid(ed8e82a9330604f049b3dfef174c47f2) Importer(2089858483,192608db42251d675da83286b1cce702)
Start importing Assets/Sprites/Village/Tileset/MainLevBuild_778.asset using Guid(ed8e82a9330604f049b3dfef174c47f2) Importer(2089858483,192608db42251d675da83286b1cce702) (ScriptedImporter) -> (artifact id: '2335dabf4e703ac4e02d038788bedeb8') in 0.002774041 seconds
Number of updated asset objects reloaded before import = 0Number of asset objects unloaded after import = 2

========================================================================
Received Import Request.
  Time since last request: 0.000032 seconds.
  path: Assets/Sprites/Village/Tileset/MainLevBuild_240.asset
  artifactKey: Guid(14ee14c945abd49069a2ddbb742d0b9f) Importer(2089858483,192608db42251d675da83286b1cce702)
Start importing Assets/Sprites/Village/Tileset/MainLevBuild_240.asset using Guid(14ee14c945abd49069a2ddbb742d0b9f) Importer(2089858483,192608db42251d675da83286b1cce702) (ScriptedImporter) -> (artifact id: 'ba6041e288ed1cfc2bc46488948550c6') in 0.002740875 seconds
Number of updated asset objects reloaded before import = 0Number of asset objects unloaded after import = 2

========================================================================
Received Import Request.
  Time since last request: 0.000034 seconds.
  path: Assets/Sprites/Village/Tileset/MainLevBuild_964.asset
  artifactKey: Guid(1dd4052a11cf7461c91e2e41e3fb461f) Importer(2089858483,192608db42251d675da83286b1cce702)
Start importing Assets/Sprites/Village/Tileset/MainLevBuild_964.asset using Guid(1dd4052a11cf7461c91e2e41e3fb461f) Importer(2089858483,192608db42251d675da83286b1cce702) (ScriptedImporter) -> (artifact id: 'bea47f90b2d1e39e2e39545269bd4f0b') in 0.002665667 seconds
Number of updated asset objects reloaded before import = 0Number of asset objects unloaded after import = 2

========================================================================
Received Import Request.
  Time since last request: 0.000040 seconds.
  path: Assets/Sprites/Village/Tileset/MainLevBuild_426.asset
  artifactKey: Guid(26f4fbba4dbf64845b0a99e98b9a26b4) Importer(2089858483,192608db42251d675da83286b1cce702)
Start importing Assets/Sprites/Village/Tileset/MainLevBuild_426.asset using Guid(26f4fbba4dbf64845b0a99e98b9a26b4) Importer(2089858483,192608db42251d675da83286b1cce702) (ScriptedImporter) -> (artifact id: '41fafac17b15d071d30f72ba5e260be5') in 0.002647959 seconds
Number of updated asset objects reloaded before import = 0Number of asset objects unloaded after import = 2

========================================================================
Received Import Request.
  Time since last request: 0.000040 seconds.
  path: Assets/Sprites/Village/Tileset/MainLevBuild_599.asset
  artifactKey: Guid(79dc506a1ebb74457b42c98526dbe53c) Importer(2089858483,192608db42251d675da83286b1cce702)
Start importing Assets/Sprites/Village/Tileset/MainLevBuild_599.asset using Guid(79dc506a1ebb74457b42c98526dbe53c) Importer(2089858483,192608db42251d675da83286b1cce702) (ScriptedImporter) -> (artifact id: '395ed0a5fcb1b0ff35384131b36cf753') in 0.004762125 seconds
Number of updated asset objects reloaded before import = 0Number of asset objects unloaded after import = 2

========================================================================
Received Import Request.
  Time since last request: 0.000029 seconds.
  path: Assets/Sprites/Village/Tileset/MainLevBuild_832.asset
  artifactKey: Guid(ba3af5edd4d4649f6ae719b759617d77) Importer(2089858483,192608db42251d675da83286b1cce702)
Start importing Assets/Sprites/Village/Tileset/MainLevBuild_832.asset using Guid(ba3af5edd4d4649f6ae719b759617d77) Importer(2089858483,192608db42251d675da83286b1cce702) (ScriptedImporter) -> (artifact id: '356f2f14c275ddeaf402f24275120526') in 0.0025275 seconds
Number of updated asset objects reloaded before import = 0Number of asset objects unloaded after import = 2

========================================================================
Received Import Request.
  Time since last request: 0.000035 seconds.
  path: Assets/Sprites/Village/Tileset/MainLevBuild_1011.asset
  artifactKey: Guid(7d4d43c2f1d4646cd9f90cdd96664b20) Importer(2089858483,192608db42251d675da83286b1cce702)
Start importing Assets/Sprites/Village/Tileset/MainLevBuild_1011.asset using Guid(7d4d43c2f1d4646cd9f90cdd96664b20) Importer(2089858483,192608db42251d675da83286b1cce702) (ScriptedImporter) -> (artifact id: 'aed288f8a23dc6280d90d872742126ff') in 0.002901792 seconds
Number of updated asset objects reloaded before import = 0Number of asset objects unloaded after import = 2

========================================================================
Received Import Request.
  Time since last request: 0.000035 seconds.
  path: Assets/Sprites/Village/Tileset/MainLevBuild_745.asset
  artifactKey: Guid(a970b6839aab64e829911f0e6410a870) Importer(2089858483,192608db42251d675da83286b1cce702)
Start importing Assets/Sprites/Village/Tileset/MainLevBuild_745.asset using Guid(a970b6839aab64e829911f0e6410a870) Importer(2089858483,192608db42251d675da83286b1cce702) (ScriptedImporter) -> (artifact id: 'da87ff595663d0c2c0a6f824d5f92f91') in 0.00293975 seconds
Number of updated asset objects reloaded before import = 0Number of asset objects unloaded after import = 2

========================================================================
Received Import Request.
  Time since last request: 0.000036 seconds.
  path: Assets/Sprites/Village/Tileset/MainLevBuild_362.asset
  artifactKey: Guid(93370b1eba01b4a95b14b3cfc5b7c26d) Importer(2089858483,192608db42251d675da83286b1cce702)
Start importing Assets/Sprites/Village/Tileset/MainLevBuild_362.asset using Guid(93370b1eba01b4a95b14b3cfc5b7c26d) Importer(2089858483,192608db42251d675da83286b1cce702) (ScriptedImporter) -> (artifact id: 'a6d13f19640c4a665120544570ef2b96') in 0.002916291 seconds
Number of updated asset objects reloaded before import = 0Number of asset objects unloaded after import = 2

========================================================================
Received Import Request.
  Time since last request: 0.000036 seconds.
  path: Assets/Sprites/Village/Tileset/MainLevBuild_713.asset
  artifactKey: Guid(d2ad0dc9e689a446da3ea2d29c8eb5d0) Importer(2089858483,192608db42251d675da83286b1cce702)
Start importing Assets/Sprites/Village/Tileset/MainLevBuild_713.asset using Guid(d2ad0dc9e689a446da3ea2d29c8eb5d0) Importer(2089858483,192608db42251d675da83286b1cce702) (ScriptedImporter) -> (artifact id: 'f1fff86d6bfd2174213f8dde759f1ab2') in 0.002670875 seconds
Number of updated asset objects reloaded before import = 0Number of asset objects unloaded after import = 2

========================================================================
Received Import Request.
  Time since last request: 0.000034 seconds.
  path: Assets/Sprites/Village/Tileset/MainLevBuild_88.asset
  artifactKey: Guid(df15090f046f6434a901466c4dc2fcae) Importer(2089858483,192608db42251d675da83286b1cce702)
Start importing Assets/Sprites/Village/Tileset/MainLevBuild_88.asset using Guid(df15090f046f6434a901466c4dc2fcae) Importer(2089858483,192608db42251d675da83286b1cce702) (ScriptedImporter) -> (artifact id: '55f489b20199d682448fa4119c4c2f14') in 0.003051125 seconds
Number of updated asset objects reloaded before import = 0Number of asset objects unloaded after import = 2

========================================================================
Received Import Request.
  Time since last request: 0.000030 seconds.
  path: Assets/Sprites/Village/Tileset/MainLevBuild_578.asset
  artifactKey: Guid(382e928cb11a04387bd8c8ca8c885ee9) Importer(2089858483,192608db42251d675da83286b1cce702)
Start importing Assets/Sprites/Village/Tileset/MainLevBuild_578.asset using Guid(382e928cb11a04387bd8c8ca8c885ee9) Importer(2089858483,192608db42251d675da83286b1cce702) (ScriptedImporter) -> (artifact id: 'bdf5dbf0fac4185c37becb3c30ea03c1') in 0.002713166 seconds
Number of updated asset objects reloaded before import = 0Number of asset objects unloaded after import = 2

========================================================================
Received Import Request.
  Time since last request: 0.000045 seconds.
  path: Assets/Sprites/Village/Tileset/MainLevBuild_698.asset
  artifactKey: Guid(f8a687e3dd5dc4cc4a542da9b43faea5) Importer(2089858483,192608db42251d675da83286b1cce702)
Start importing Assets/Sprites/Village/Tileset/MainLevBuild_698.asset using Guid(f8a687e3dd5dc4cc4a542da9b43faea5) Importer(2089858483,192608db42251d675da83286b1cce702) (ScriptedImporter) -> (artifact id: '812d3299e0c2c6f8989f1ac6238f96ca') in 0.002786875 seconds
Number of updated asset objects reloaded before import = 0Number of asset objects unloaded after import = 2

========================================================================
Received Import Request.
  Time since last request: 0.000034 seconds.
  path: Assets/Sprites/Village/Tileset/MainLevBuild_697.asset
  artifactKey: Guid(9f7792fbf07dd43e8a6339622a89752a) Importer(2089858483,192608db42251d675da83286b1cce702)
Start importing Assets/Sprites/Village/Tileset/MainLevBuild_697.asset using Guid(9f7792fbf07dd43e8a6339622a89752a) Importer(2089858483,192608db42251d675da83286b1cce702) (ScriptedImporter) -> (artifact id: '54abc4efa4ed727b45edde5b358ddf1c') in 0.002822709 seconds
Number of updated asset objects reloaded before import = 0Number of asset objects unloaded after import = 2

========================================================================
Received Import Request.
  Time since last request: 0.000051 seconds.
  path: Assets/Sprites/Village/Tileset/MainLevBuild_1001.asset
  artifactKey: Guid(e4fbe77d6385245ff94e1b8b6e809908) Importer(2089858483,192608db42251d675da83286b1cce702)
Start importing Assets/Sprites/Village/Tileset/MainLevBuild_1001.asset using Guid(e4fbe77d6385245ff94e1b8b6e809908) Importer(2089858483,192608db42251d675da83286b1cce702) (ScriptedImporter) -> (artifact id: '321ecbe0ac3b43f245514e6bcd429d17') in 0.002957417 seconds
Number of updated asset objects reloaded before import = 0Number of asset objects unloaded after import = 2

========================================================================
Received Import Request.
  Time since last request: 0.000033 seconds.
  path: Assets/Sprites/Village/Tileset/MainLevBuild_887.asset
  artifactKey: Guid(85f555b0ae8034c698a06bb03de9b69a) Importer(2089858483,192608db42251d675da83286b1cce702)
Start importing Assets/Sprites/Village/Tileset/MainLevBuild_887.asset using Guid(85f555b0ae8034c698a06bb03de9b69a) Importer(2089858483,192608db42251d675da83286b1cce702) (ScriptedImporter) -> (artifact id: 'f6bed65d5684f923fa5561ba82c09ca0') in 0.002695208 seconds
Number of updated asset objects reloaded before import = 0Number of asset objects unloaded after import = 2

========================================================================
Received Import Request.
  Time since last request: 0.000033 seconds.
  path: Assets/Sprites/Village/Tileset/MainLevBuild_341.asset
  artifactKey: Guid(7539ced9e8c5c4e1b83588416a7f6ebf) Importer(2089858483,192608db42251d675da83286b1cce702)
Start importing Assets/Sprites/Village/Tileset/MainLevBuild_341.asset using Guid(7539ced9e8c5c4e1b83588416a7f6ebf) Importer(2089858483,192608db42251d675da83286b1cce702) (ScriptedImporter) -> (artifact id: 'a20fbf463fae384b5366f7d248e28d10') in 0.002701125 seconds
Number of updated asset objects reloaded before import = 0Number of asset objects unloaded after import = 2

========================================================================
Received Import Request.
  Time since last request: 0.000029 seconds.
  path: Assets/Sprites/Village/Tileset/MainLevBuild_392.asset
  artifactKey: Guid(b0fa482af91eb41be9870566ec517cef) Importer(2089858483,192608db42251d675da83286b1cce702)
Start importing Assets/Sprites/Village/Tileset/MainLevBuild_392.asset using Guid(b0fa482af91eb41be9870566ec517cef) Importer(2089858483,192608db42251d675da83286b1cce702) (ScriptedImporter) -> (artifact id: '294132496744f852f533f87621b5ca85') in 0.004763167 seconds
Number of updated asset objects reloaded before import = 0Number of asset objects unloaded after import = 2

========================================================================
Received Import Request.
  Time since last request: 0.000039 seconds.
  path: Assets/Sprites/Village/Tileset/MainLevBuild_776.asset
  artifactKey: Guid(719a2b0e9ed4b4e8fb58182621c5cbfe) Importer(2089858483,192608db42251d675da83286b1cce702)
Start importing Assets/Sprites/Village/Tileset/MainLevBuild_776.asset using Guid(719a2b0e9ed4b4e8fb58182621c5cbfe) Importer(2089858483,192608db42251d675da83286b1cce702) (ScriptedImporter) -> (artifact id: 'b405e3e1d57f9fdee6873074ef691a5f') in 0.002731917 seconds
Number of updated asset objects reloaded before import = 0Number of asset objects unloaded after import = 2

========================================================================
Received Import Request.
  Time since last request: 0.000033 seconds.
  path: Assets/Sprites/Village/Tileset/MainLevBuild_1041.asset
  artifactKey: Guid(9127bc3e6526546f98850b611f6e4de7) Importer(2089858483,192608db42251d675da83286b1cce702)
Start importing Assets/Sprites/Village/Tileset/MainLevBuild_1041.asset using Guid(9127bc3e6526546f98850b611f6e4de7) Importer(2089858483,192608db42251d675da83286b1cce702) (ScriptedImporter) -> (artifact id: '192db10ad805adf89d868741c7817a67') in 0.002929334 seconds
Number of updated asset objects reloaded before import = 0Number of asset objects unloaded after import = 2

========================================================================
Received Import Request.
  Time since last request: 0.000036 seconds.
  path: Assets/Sprites/Village/Tileset/MainLevBuild_628.asset
  artifactKey: Guid(bef603f70cec840679d0f4d4038b2382) Importer(2089858483,192608db42251d675da83286b1cce702)
Start importing Assets/Sprites/Village/Tileset/MainLevBuild_628.asset using Guid(bef603f70cec840679d0f4d4038b2382) Importer(2089858483,192608db42251d675da83286b1cce702) (ScriptedImporter) -> (artifact id: '840b36a9b6d084d8794529c71eef0680') in 0.002789125 seconds
Number of updated asset objects reloaded before import = 0Number of asset objects unloaded after import = 2

========================================================================
Received Import Request.
  Time since last request: 0.000035 seconds.
  path: Assets/Sprites/Village/Tileset/MainLevBuild_237.asset
  artifactKey: Guid(14168a0097e774fb0973011aa124587a) Importer(2089858483,192608db42251d675da83286b1cce702)
Start importing Assets/Sprites/Village/Tileset/MainLevBuild_237.asset using Guid(14168a0097e774fb0973011aa124587a) Importer(2089858483,192608db42251d675da83286b1cce702) (ScriptedImporter) -> (artifact id: '922ad8ddfa028edef11684fdf4a3f27f') in 0.002598917 seconds
Number of updated asset objects reloaded before import = 0Number of asset objects unloaded after import = 2

========================================================================
Received Import Request.
  Time since last request: 0.000030 seconds.
  path: Assets/Sprites/Village/Tileset/MainLevBuild_603.asset
  artifactKey: Guid(33d9b990648f645f1a679c0432c55a27) Importer(2089858483,192608db42251d675da83286b1cce702)
Start importing Assets/Sprites/Village/Tileset/MainLevBuild_603.asset using Guid(33d9b990648f645f1a679c0432c55a27) Importer(2089858483,192608db42251d675da83286b1cce702) (ScriptedImporter) -> (artifact id: '0129a593bb440e1f693682b7990e0d57') in 0.002608042 seconds
Number of updated asset objects reloaded before import = 0Number of asset objects unloaded after import = 2

========================================================================
Received Import Request.
  Time since last request: 0.000057 seconds.
  path: Assets/Sprites/Village/Tileset/MainLevBuild_576.asset
  artifactKey: Guid(2ef402137e93d47138b72aa9a813c951) Importer(2089858483,192608db42251d675da83286b1cce702)
Start importing Assets/Sprites/Village/Tileset/MainLevBuild_576.asset using Guid(2ef402137e93d47138b72aa9a813c951) Importer(2089858483,192608db42251d675da83286b1cce702) (ScriptedImporter) -> (artifact id: 'e524d27c15c6eb40568b8af09af44b51') in 0.00270025 seconds
Number of updated asset objects reloaded before import = 0Number of asset objects unloaded after import = 2

========================================================================
Received Import Request.
  Time since last request: 0.000035 seconds.
  path: Assets/Sprites/Village/Tileset/MainLevBuild_970.asset
  artifactKey: Guid(be8c1ae3e16374a33b1aea559998debc) Importer(2089858483,192608db42251d675da83286b1cce702)
Start importing Assets/Sprites/Village/Tileset/MainLevBuild_970.asset using Guid(be8c1ae3e16374a33b1aea559998debc) Importer(2089858483,192608db42251d675da83286b1cce702) (ScriptedImporter) -> (artifact id: '20af43b75dbb76185d71762892de9255') in 0.002612166 seconds
Number of updated asset objects reloaded before import = 0Number of asset objects unloaded after import = 2

========================================================================
Received Import Request.
  Time since last request: 0.000030 seconds.
  path: Assets/Sprites/Village/Tileset/MainLevBuild_515.asset
  artifactKey: Guid(404385c19c8a44651a0b3fc081e9bad7) Importer(2089858483,192608db42251d675da83286b1cce702)
Start importing Assets/Sprites/Village/Tileset/MainLevBuild_515.asset using Guid(404385c19c8a44651a0b3fc081e9bad7) Importer(2089858483,192608db42251d675da83286b1cce702) (ScriptedImporter) -> (artifact id: 'e3cb58697e11ef3f64cb9c833acfe709') in 0.0027175 seconds
Number of updated asset objects reloaded before import = 0Number of asset objects unloaded after import = 2

========================================================================
Received Import Request.
  Time since last request: 0.000046 seconds.
  path: Assets/Sprites/Village/Tileset/MainLevBuild_764.asset
  artifactKey: Guid(39f10ff12ada7451b9d2353bc39716eb) Importer(2089858483,192608db42251d675da83286b1cce702)
Start importing Assets/Sprites/Village/Tileset/MainLevBuild_764.asset using Guid(39f10ff12ada7451b9d2353bc39716eb) Importer(2089858483,192608db42251d675da83286b1cce702) (ScriptedImporter) -> (artifact id: 'f0a99cbf4653c5aebd4a139a4bce2971') in 0.00266275 seconds
Number of updated asset objects reloaded before import = 0Number of asset objects unloaded after import = 2

========================================================================
Received Import Request.
  Time since last request: 0.000068 seconds.
  path: Assets/Sprites/Village/Tileset/MainLevBuild_690.asset
  artifactKey: Guid(d2dfdd4fdf8054dd4bec3f33bfc86635) Importer(2089858483,192608db42251d675da83286b1cce702)
Start importing Assets/Sprites/Village/Tileset/MainLevBuild_690.asset using Guid(d2dfdd4fdf8054dd4bec3f33bfc86635) Importer(2089858483,192608db42251d675da83286b1cce702) (ScriptedImporter) -> (artifact id: 'bc8e09d63dc6af4e6dcfab8b5b8ff4a4') in 0.002689833 seconds
Number of updated asset objects reloaded before import = 0Number of asset objects unloaded after import = 2

========================================================================
Received Import Request.
  Time since last request: 0.000036 seconds.
  path: Assets/Sprites/Village/Tileset/MainLevBuild_657.asset
  artifactKey: Guid(a33c2f367a3a9416aa5aa37bc9118d73) Importer(2089858483,192608db42251d675da83286b1cce702)
Start importing Assets/Sprites/Village/Tileset/MainLevBuild_657.asset using Guid(a33c2f367a3a9416aa5aa37bc9118d73) Importer(2089858483,192608db42251d675da83286b1cce702) (ScriptedImporter) -> (artifact id: '8082996cf754f4910489e02122bbfbcd') in 0.002457 seconds
Number of updated asset objects reloaded before import = 0Number of asset objects unloaded after import = 2

========================================================================
Received Import Request.
  Time since last request: 0.000031 seconds.
  path: Assets/Sprites/Village/Tileset/MainLevBuild_926.asset
  artifactKey: Guid(9360e161b87694683b95bdb8ba40e830) Importer(2089858483,192608db42251d675da83286b1cce702)
Start importing Assets/Sprites/Village/Tileset/MainLevBuild_926.asset using Guid(9360e161b87694683b95bdb8ba40e830) Importer(2089858483,192608db42251d675da83286b1cce702) (ScriptedImporter) -> (artifact id: 'd51f5d6d5bb1801dd5109226b15d3dc6') in 0.002624167 seconds
Number of updated asset objects reloaded before import = 0Number of asset objects unloaded after import = 2

========================================================================
Received Import Request.
  Time since last request: 0.000052 seconds.
  path: Assets/Sprites/Village/Tileset/MainLevBuild_1015.asset
  artifactKey: Guid(2e26233fb11e44b2f8db7337c14e9687) Importer(2089858483,192608db42251d675da83286b1cce702)
Start importing Assets/Sprites/Village/Tileset/MainLevBuild_1015.asset using Guid(2e26233fb11e44b2f8db7337c14e9687) Importer(2089858483,192608db42251d675da83286b1cce702) (ScriptedImporter) -> (artifact id: 'eba5ea20f8ea8e13bd538d6f789f4669') in 0.002757042 seconds
Number of updated asset objects reloaded before import = 0Number of asset objects unloaded after import = 2

========================================================================
Received Import Request.
  Time since last request: 0.000038 seconds.
  path: Assets/Sprites/Village/Tileset/MainLevBuild_897.asset
  artifactKey: Guid(ac28641540d10462a8ceddf4b082e760) Importer(2089858483,192608db42251d675da83286b1cce702)
Start importing Assets/Sprites/Village/Tileset/MainLevBuild_897.asset using Guid(ac28641540d10462a8ceddf4b082e760) Importer(2089858483,192608db42251d675da83286b1cce702) (ScriptedImporter) -> (artifact id: '860e392d017aca4bc34cdafc572b3261') in 0.004503916 seconds
Number of updated asset objects reloaded before import = 0Number of asset objects unloaded after import = 2

========================================================================
Received Import Request.
  Time since last request: 0.000043 seconds.
  path: Assets/Sprites/Village/Tileset/MainLevBuild_615.asset
  artifactKey: Guid(0c68010647ea045fdaf1694c63cf05bd) Importer(2089858483,192608db42251d675da83286b1cce702)
Start importing Assets/Sprites/Village/Tileset/MainLevBuild_615.asset using Guid(0c68010647ea045fdaf1694c63cf05bd) Importer(2089858483,192608db42251d675da83286b1cce702) (ScriptedImporter) -> (artifact id: '66d1dc1148e5ba7db02b058716b328fc') in 0.002552583 seconds
Number of updated asset objects reloaded before import = 0Number of asset objects unloaded after import = 2

========================================================================
Received Import Request.
  Time since last request: 0.000029 seconds.
  path: Assets/Sprites/Village/Tileset/MainLevBuild_569.asset
  artifactKey: Guid(0b499f3b0c0a7429caceeca007ad32dc) Importer(2089858483,192608db42251d675da83286b1cce702)
Start importing Assets/Sprites/Village/Tileset/MainLevBuild_569.asset using Guid(0b499f3b0c0a7429caceeca007ad32dc) Importer(2089858483,192608db42251d675da83286b1cce702) (ScriptedImporter) -> (artifact id: '762c510e6ae1f98065b5955678231081') in 0.002577292 seconds
Number of updated asset objects reloaded before import = 0Number of asset objects unloaded after import = 2

========================================================================
Received Import Request.
  Time since last request: 0.000056 seconds.
  path: Assets/Sprites/Village/Tileset/MainLevBuild_842.asset
  artifactKey: Guid(e10f5c124e25c4e87b53e474e3e44c0c) Importer(2089858483,192608db42251d675da83286b1cce702)
Start importing Assets/Sprites/Village/Tileset/MainLevBuild_842.asset using Guid(e10f5c124e25c4e87b53e474e3e44c0c) Importer(2089858483,192608db42251d675da83286b1cce702) (ScriptedImporter) -> (artifact id: '13155fcbf76917d88522627cf6af5b96') in 0.002704625 seconds
Number of updated asset objects reloaded before import = 0Number of asset objects unloaded after import = 2

========================================================================
Received Import Request.
  Time since last request: 0.000050 seconds.
  path: Assets/Sprites/Village/Tileset/MainLevBuild_318.asset
  artifactKey: Guid(c813b45bbbfad428ea4079fa38ca5633) Importer(2089858483,192608db42251d675da83286b1cce702)
Start importing Assets/Sprites/Village/Tileset/MainLevBuild_318.asset using Guid(c813b45bbbfad428ea4079fa38ca5633) Importer(2089858483,192608db42251d675da83286b1cce702) (ScriptedImporter) -> (artifact id: '72f502a5d60509da9e913643ce62af3d') in 0.002680125 seconds
Number of updated asset objects reloaded before import = 0Number of asset objects unloaded after import = 2

========================================================================
Received Import Request.
  Time since last request: 0.000038 seconds.
  path: Assets/Sprites/Village/Tileset/MainLevBuild_224.asset
  artifactKey: Guid(c6b192736f5d04756a4debdc5d0452d5) Importer(2089858483,192608db42251d675da83286b1cce702)
Start importing Assets/Sprites/Village/Tileset/MainLevBuild_224.asset using Guid(c6b192736f5d04756a4debdc5d0452d5) Importer(2089858483,192608db42251d675da83286b1cce702) (ScriptedImporter) -> (artifact id: 'b7b8e402c9544e3e8dd64cde997402af') in 0.00274325 seconds
Number of updated asset objects reloaded before import = 0Number of asset objects unloaded after import = 2

========================================================================
Received Import Request.
  Time since last request: 0.000031 seconds.
  path: Assets/Sprites/Village/Tileset/MainLevBuild_875.asset
  artifactKey: Guid(128806433659c4b74b109467f1196828) Importer(2089858483,192608db42251d675da83286b1cce702)
Start importing Assets/Sprites/Village/Tileset/MainLevBuild_875.asset using Guid(128806433659c4b74b109467f1196828) Importer(2089858483,192608db42251d675da83286b1cce702) (ScriptedImporter) -> (artifact id: '3946321339462ffa561b4c1c56e0cd2a') in 0.002655375 seconds
Number of updated asset objects reloaded before import = 0Number of asset objects unloaded after import = 2

========================================================================
Received Import Request.
  Time since last request: 0.000046 seconds.
  path: Assets/Sprites/Village/Tileset/MainLevBuild_222.asset
  artifactKey: Guid(8e081bfd60e304eb6a99779af32a76ea) Importer(2089858483,192608db42251d675da83286b1cce702)
Start importing Assets/Sprites/Village/Tileset/MainLevBuild_222.asset using Guid(8e081bfd60e304eb6a99779af32a76ea) Importer(2089858483,192608db42251d675da83286b1cce702) (ScriptedImporter) -> (artifact id: '43873350fa73a836a9a1f7ff50bec83f') in 0.002673125 seconds
Number of updated asset objects reloaded before import = 0Number of asset objects unloaded after import = 2

========================================================================
Received Import Request.
  Time since last request: 0.000034 seconds.
  path: Assets/Sprites/Village/Tileset/MainLevBuild_202.asset
  artifactKey: Guid(aaafb4b28ab5f4c60848ac3ca612b840) Importer(2089858483,192608db42251d675da83286b1cce702)
Start importing Assets/Sprites/Village/Tileset/MainLevBuild_202.asset using Guid(aaafb4b28ab5f4c60848ac3ca612b840) Importer(2089858483,192608db42251d675da83286b1cce702) (ScriptedImporter) -> (artifact id: '75cec67573c6e66b58d600d9c702bfe7') in 0.002888542 seconds
Number of updated asset objects reloaded before import = 0Number of asset objects unloaded after import = 2

========================================================================
Received Import Request.
  Time since last request: 0.000030 seconds.
  path: Assets/Sprites/Village/Tileset/MainLevBuild_298.asset
  artifactKey: Guid(5a0a4e309306b464c95423ffc01479f0) Importer(2089858483,192608db42251d675da83286b1cce702)
Start importing Assets/Sprites/Village/Tileset/MainLevBuild_298.asset using Guid(5a0a4e309306b464c95423ffc01479f0) Importer(2089858483,192608db42251d675da83286b1cce702) (ScriptedImporter) -> (artifact id: '4a39e1e2791b7f1b34d5fafc10a78dc1') in 0.002641541 seconds
Number of updated asset objects reloaded before import = 0Number of asset objects unloaded after import = 2

========================================================================
Received Import Request.
  Time since last request: 0.000039 seconds.
  path: Assets/Sprites/Village/Tileset/MainLevBuild_209.asset
  artifactKey: Guid(11dd77877b0cb40219eb0df220a08413) Importer(2089858483,192608db42251d675da83286b1cce702)
Start importing Assets/Sprites/Village/Tileset/MainLevBuild_209.asset using Guid(11dd77877b0cb40219eb0df220a08413) Importer(2089858483,192608db42251d675da83286b1cce702) (ScriptedImporter) -> (artifact id: 'c1bd89ae8fbd08e132668474c7be2c2a') in 0.002695708 seconds
Number of updated asset objects reloaded before import = 0Number of asset objects unloaded after import = 2

========================================================================
Received Import Request.
  Time since last request: 0.000034 seconds.
  path: Assets/Sprites/Village/Tileset/MainLevBuild_156.asset
  artifactKey: Guid(84d11193e081441ee8dd8bf29c464845) Importer(2089858483,192608db42251d675da83286b1cce702)
Start importing Assets/Sprites/Village/Tileset/MainLevBuild_156.asset using Guid(84d11193e081441ee8dd8bf29c464845) Importer(2089858483,192608db42251d675da83286b1cce702) (ScriptedImporter) -> (artifact id: '30f4afa408160fc3e56359164fbc26c3') in 0.00273525 seconds
Number of updated asset objects reloaded before import = 0Number of asset objects unloaded after import = 2

========================================================================
Received Import Request.
  Time since last request: 0.000033 seconds.
  path: Assets/Sprites/Village/Tileset/MainLevBuild_287.asset
  artifactKey: Guid(da48551051e6145d298f3e7219e7c32a) Importer(2089858483,192608db42251d675da83286b1cce702)
Start importing Assets/Sprites/Village/Tileset/MainLevBuild_287.asset using Guid(da48551051e6145d298f3e7219e7c32a) Importer(2089858483,192608db42251d675da83286b1cce702) (ScriptedImporter) -> (artifact id: '7d5f4fb271cdf4db482db6d9e993832d') in 0.00454475 seconds
Number of updated asset objects reloaded before import = 0Number of asset objects unloaded after import = 2

========================================================================
Received Import Request.
  Time since last request: 0.000033 seconds.
  path: Assets/Sprites/Village/Tileset/MainLevBuild_425.asset
  artifactKey: Guid(6f90e07bfab754a219623558373fc7e0) Importer(2089858483,192608db42251d675da83286b1cce702)
Start importing Assets/Sprites/Village/Tileset/MainLevBuild_425.asset using Guid(6f90e07bfab754a219623558373fc7e0) Importer(2089858483,192608db42251d675da83286b1cce702) (ScriptedImporter) -> (artifact id: '11d5ffd3bba082df3c75f92662ecf5ee') in 0.002497083 seconds
Number of updated asset objects reloaded before import = 0Number of asset objects unloaded after import = 2

========================================================================
Received Import Request.
  Time since last request: 0.000050 seconds.
  path: Assets/Sprites/Village/Tileset/MainLevBuild_270.asset
  artifactKey: Guid(4bda8dd74e0224fd7acd6087e1193d51) Importer(2089858483,192608db42251d675da83286b1cce702)
Start importing Assets/Sprites/Village/Tileset/MainLevBuild_270.asset using Guid(4bda8dd74e0224fd7acd6087e1193d51) Importer(2089858483,192608db42251d675da83286b1cce702) (ScriptedImporter) -> (artifact id: 'b78bd2504493c4e3c51d61f95d53ffb5') in 0.002490959 seconds
Number of updated asset objects reloaded before import = 0Number of asset objects unloaded after import = 2

========================================================================
Received Import Request.
  Time since last request: 0.000032 seconds.
  path: Assets/Sprites/Village/Tileset/MainLevBuild_495.asset
  artifactKey: Guid(64c7e41dd513d4856a70b1bfdb7f6c67) Importer(2089858483,192608db42251d675da83286b1cce702)
Start importing Assets/Sprites/Village/Tileset/MainLevBuild_495.asset using Guid(64c7e41dd513d4856a70b1bfdb7f6c67) Importer(2089858483,192608db42251d675da83286b1cce702) (ScriptedImporter) -> (artifact id: 'b51d92617ac41cb7a0d1292f9f34fe70') in 0.002419542 seconds
Number of updated asset objects reloaded before import = 0Number of asset objects unloaded after import = 2

========================================================================
Received Import Request.
  Time since last request: 0.000056 seconds.
  path: Assets/Sprites/Village/Tileset/MainLevBuild_497.asset
  artifactKey: Guid(312a88ab3d52044dfa62c4417295601b) Importer(2089858483,192608db42251d675da83286b1cce702)
Start importing Assets/Sprites/Village/Tileset/MainLevBuild_497.asset using Guid(312a88ab3d52044dfa62c4417295601b) Importer(2089858483,192608db42251d675da83286b1cce702) (ScriptedImporter) -> (artifact id: '49e2e5bd9d5d39a915b7ecb4c45c1806') in 0.002631709 seconds
Number of updated asset objects reloaded before import = 0Number of asset objects unloaded after import = 2

========================================================================
Received Import Request.
  Time since last request: 0.000046 seconds.
  path: Assets/Sprites/Village/Tileset/MainLevBuild_443.asset
  artifactKey: Guid(cb2aa4854988e4b84a97dd849a31c66f) Importer(2089858483,192608db42251d675da83286b1cce702)
Start importing Assets/Sprites/Village/Tileset/MainLevBuild_443.asset using Guid(cb2aa4854988e4b84a97dd849a31c66f) Importer(2089858483,192608db42251d675da83286b1cce702) (ScriptedImporter) -> (artifact id: '00cda62026f2b0a59b6477428ea37fd9') in 0.002633833 seconds
Number of updated asset objects reloaded before import = 0Number of asset objects unloaded after import = 2

========================================================================
Received Import Request.
  Time since last request: 0.000036 seconds.
  path: Assets/Sprites/Village/Tileset/MainLevBuild_229.asset
  artifactKey: Guid(534d474eff93642e98e321cffba82611) Importer(2089858483,192608db42251d675da83286b1cce702)
Start importing Assets/Sprites/Village/Tileset/MainLevBuild_229.asset using Guid(534d474eff93642e98e321cffba82611) Importer(2089858483,192608db42251d675da83286b1cce702) (ScriptedImporter) -> (artifact id: '763158b63e81568f579963d6967c077e') in 0.002560958 seconds
Number of updated asset objects reloaded before import = 0Number of asset objects unloaded after import = 2

========================================================================
Received Import Request.
  Time since last request: 0.000038 seconds.
  path: Assets/Sprites/Village/Tileset/MainLevBuild_449.asset
  artifactKey: Guid(0d9fe5450615748e785f7bc2422a6781) Importer(2089858483,192608db42251d675da83286b1cce702)
Start importing Assets/Sprites/Village/Tileset/MainLevBuild_449.asset using Guid(0d9fe5450615748e785f7bc2422a6781) Importer(2089858483,192608db42251d675da83286b1cce702) (ScriptedImporter) -> (artifact id: '9fcf07a8cdc51cf2aacfded4ce6b740c') in 0.002606667 seconds
Number of updated asset objects reloaded before import = 0Number of asset objects unloaded after import = 2

========================================================================
Received Import Request.
  Time since last request: 0.000037 seconds.
  path: Assets/Sprites/Village/Tileset/MainLevBuild_868.asset
  artifactKey: Guid(57f85849691754584bd9908b2082fd15) Importer(2089858483,192608db42251d675da83286b1cce702)
Start importing Assets/Sprites/Village/Tileset/MainLevBuild_868.asset using Guid(57f85849691754584bd9908b2082fd15) Importer(2089858483,192608db42251d675da83286b1cce702) (ScriptedImporter) -> (artifact id: '9a213ab63259b5217555298eed621a16') in 0.0025605 seconds
Number of updated asset objects reloaded before import = 0Number of asset objects unloaded after import = 2

========================================================================
Received Import Request.
  Time since last request: 0.000040 seconds.
  path: Assets/Sprites/Village/Tileset/MainLevBuild_263.asset
  artifactKey: Guid(acf2e2345e3474f019a3ace6c65c150d) Importer(2089858483,192608db42251d675da83286b1cce702)
Start importing Assets/Sprites/Village/Tileset/MainLevBuild_263.asset using Guid(acf2e2345e3474f019a3ace6c65c150d) Importer(2089858483,192608db42251d675da83286b1cce702) (ScriptedImporter) -> (artifact id: 'cd9df024e1069237796ae85afb00f1d5') in 0.002593208 seconds
Number of updated asset objects reloaded before import = 0Number of asset objects unloaded after import = 2

========================================================================
Received Import Request.
  Time since last request: 0.000042 seconds.
  path: Assets/Sprites/Village/Tileset/MainLevBuild_310.asset
  artifactKey: Guid(0aa8c390c91e84ca6a70e7c953dc5fad) Importer(2089858483,192608db42251d675da83286b1cce702)
Start importing Assets/Sprites/Village/Tileset/MainLevBuild_310.asset using Guid(0aa8c390c91e84ca6a70e7c953dc5fad) Importer(2089858483,192608db42251d675da83286b1cce702) (ScriptedImporter) -> (artifact id: 'b6e7a45ee02f608c90426cfd9829e14c') in 0.002685375 seconds
Number of updated asset objects reloaded before import = 0Number of asset objects unloaded after import = 2

========================================================================
Received Import Request.
  Time since last request: 0.000041 seconds.
  path: Assets/Sprites/Village/Tileset/MainLevBuild_532.asset
  artifactKey: Guid(445c2e76763594238bdb10e136ff63c8) Importer(2089858483,192608db42251d675da83286b1cce702)
Start importing Assets/Sprites/Village/Tileset/MainLevBuild_532.asset using Guid(445c2e76763594238bdb10e136ff63c8) Importer(2089858483,192608db42251d675da83286b1cce702) (ScriptedImporter) -> (artifact id: 'bede7886d03d7d6fdd7e0941f30b2bc8') in 0.002918125 seconds
Number of updated asset objects reloaded before import = 0Number of asset objects unloaded after import = 2

========================================================================
Received Import Request.
  Time since last request: 0.000087 seconds.
  path: Assets/Sprites/Village/Tileset/MainLevBuild_944.asset
  artifactKey: Guid(f6c3675cade024bbaaa6fab0a2fd5be5) Importer(2089858483,192608db42251d675da83286b1cce702)
Start importing Assets/Sprites/Village/Tileset/MainLevBuild_944.asset using Guid(f6c3675cade024bbaaa6fab0a2fd5be5) Importer(2089858483,192608db42251d675da83286b1cce702) (ScriptedImporter) -> (artifact id: '0d6947b4ff8ba9cd13600060ee76825d') in 0.0027445 seconds
Number of updated asset objects reloaded before import = 0Number of asset objects unloaded after import = 2

========================================================================
Received Import Request.
  Time since last request: 0.000039 seconds.
  path: Assets/Sprites/Village/Tileset/MainLevBuild_169.asset
  artifactKey: Guid(6da49580024c94bf5b59f5b16f82ec7e) Importer(2089858483,192608db42251d675da83286b1cce702)
Start importing Assets/Sprites/Village/Tileset/MainLevBuild_169.asset using Guid(6da49580024c94bf5b59f5b16f82ec7e) Importer(2089858483,192608db42251d675da83286b1cce702) (ScriptedImporter) -> (artifact id: '21f0ccc729c4d392055b0d0b3aa6bf13') in 0.004758917 seconds
Number of updated asset objects reloaded before import = 0Number of asset objects unloaded after import = 2

========================================================================
Received Import Request.
  Time since last request: 0.000042 seconds.
  path: Assets/Sprites/Village/Tileset/MainLevBuild_460.asset
  artifactKey: Guid(54f1cd8b8c3a14d0e97941b028296c03) Importer(2089858483,192608db42251d675da83286b1cce702)
Start importing Assets/Sprites/Village/Tileset/MainLevBuild_460.asset using Guid(54f1cd8b8c3a14d0e97941b028296c03) Importer(2089858483,192608db42251d675da83286b1cce702) (ScriptedImporter) -> (artifact id: '0e2d06e04e5dd8c82862332bcfdd721b') in 0.002339417 seconds
Number of updated asset objects reloaded before import = 0Number of asset objects unloaded after import = 2

========================================================================
Received Import Request.
  Time since last request: 0.000033 seconds.
  path: Assets/Sprites/Village/Tileset/MainLevBuild_638.asset
  artifactKey: Guid(4bae7324d51a341528d928b8c717d15e) Importer(2089858483,192608db42251d675da83286b1cce702)
Start importing Assets/Sprites/Village/Tileset/MainLevBuild_638.asset using Guid(4bae7324d51a341528d928b8c717d15e) Importer(2089858483,192608db42251d675da83286b1cce702) (ScriptedImporter) -> (artifact id: 'ea82187da61f89255ec7181ffa54c90b') in 0.002445291 seconds
Number of updated asset objects reloaded before import = 0Number of asset objects unloaded after import = 2

========================================================================
Received Import Request.
  Time since last request: 0.000041 seconds.
  path: Assets/Sprites/Village/Tileset/MainLevBuild_86.asset
  artifactKey: Guid(5cd99d8442f3747ecb47f9fc4e9fe1d5) Importer(2089858483,192608db42251d675da83286b1cce702)
Start importing Assets/Sprites/Village/Tileset/MainLevBuild_86.asset using Guid(5cd99d8442f3747ecb47f9fc4e9fe1d5) Importer(2089858483,192608db42251d675da83286b1cce702) (ScriptedImporter) -> (artifact id: 'be4492e7682f49de79e3e2edfd0d447f') in 0.002824333 seconds
Number of updated asset objects reloaded before import = 0Number of asset objects unloaded after import = 2

========================================================================
Received Import Request.
  Time since last request: 0.000036 seconds.
  path: Assets/Sprites/Village/Tileset/MainLevBuild_57.asset
  artifactKey: Guid(9efe714f6db7043509e5b6f6f591a8ea) Importer(2089858483,192608db42251d675da83286b1cce702)
Start importing Assets/Sprites/Village/Tileset/MainLevBuild_57.asset using Guid(9efe714f6db7043509e5b6f6f591a8ea) Importer(2089858483,192608db42251d675da83286b1cce702) (ScriptedImporter) -> (artifact id: '6b0014118c0f858e64d56bc5a420f477') in 0.002573958 seconds
Number of updated asset objects reloaded before import = 0Number of asset objects unloaded after import = 2

========================================================================
Received Import Request.
  Time since last request: 0.000065 seconds.
  path: Assets/Sprites/Village/Tileset/MainLevBuild_1008.asset
  artifactKey: Guid(e0741074d90fe4009a5e92d3040092be) Importer(2089858483,192608db42251d675da83286b1cce702)
Start importing Assets/Sprites/Village/Tileset/MainLevBuild_1008.asset using Guid(e0741074d90fe4009a5e92d3040092be) Importer(2089858483,192608db42251d675da83286b1cce702) (ScriptedImporter) -> (artifact id: '3e338f4dd1f234b574f7b0e17fb2dcff') in 0.002761166 seconds
Number of updated asset objects reloaded before import = 0Number of asset objects unloaded after import = 2

========================================================================
Received Import Request.
  Time since last request: 0.000034 seconds.
  path: Assets/Sprites/Village/Tileset/MainLevBuild_471.asset
  artifactKey: Guid(dc00a8715189544d58bf065488ea38de) Importer(2089858483,192608db42251d675da83286b1cce702)
Start importing Assets/Sprites/Village/Tileset/MainLevBuild_471.asset using Guid(dc00a8715189544d58bf065488ea38de) Importer(2089858483,192608db42251d675da83286b1cce702) (ScriptedImporter) -> (artifact id: 'a65f3373cebaf5fb738dad6df9308447') in 0.002579709 seconds
Number of updated asset objects reloaded before import = 0Number of asset objects unloaded after import = 2

========================================================================
Received Import Request.
  Time since last request: 0.000031 seconds.
  path: Assets/Sprites/Village/Tileset/MainLevBuild_128.asset
  artifactKey: Guid(9419584fa690248f285d0dccb80d0a9c) Importer(2089858483,192608db42251d675da83286b1cce702)
Start importing Assets/Sprites/Village/Tileset/MainLevBuild_128.asset using Guid(9419584fa690248f285d0dccb80d0a9c) Importer(2089858483,192608db42251d675da83286b1cce702) (ScriptedImporter) -> (artifact id: 'b57e36ba6e616ad0537182e877b9de5d') in 0.002608416 seconds
Number of updated asset objects reloaded before import = 0Number of asset objects unloaded after import = 2

========================================================================
Received Import Request.
  Time since last request: 0.000030 seconds.
  path: Assets/Sprites/Village/Tileset/MainLevBuild_476.asset
  artifactKey: Guid(796a11878d8124d3cb10ec6a377a7ce8) Importer(2089858483,192608db42251d675da83286b1cce702)
Start importing Assets/Sprites/Village/Tileset/MainLevBuild_476.asset using Guid(796a11878d8124d3cb10ec6a377a7ce8) Importer(2089858483,192608db42251d675da83286b1cce702) (ScriptedImporter) -> (artifact id: '5717f62e407399fa761d2e71e112c1ae') in 0.002629708 seconds
Number of updated asset objects reloaded before import = 0Number of asset objects unloaded after import = 2

========================================================================
Received Import Request.
  Time since last request: 0.000037 seconds.
  path: Assets/Sprites/Village/Tileset/MainLevBuild_634.asset
  artifactKey: Guid(5c34414a777094d7288331ac975fa34c) Importer(2089858483,192608db42251d675da83286b1cce702)
Start importing Assets/Sprites/Village/Tileset/MainLevBuild_634.asset using Guid(5c34414a777094d7288331ac975fa34c) Importer(2089858483,192608db42251d675da83286b1cce702) (ScriptedImporter) -> (artifact id: '2f783ddfa60bb3e3aba9c32764641d5e') in 0.002653792 seconds
Number of updated asset objects reloaded before import = 0Number of asset objects unloaded after import = 2

========================================================================
Received Import Request.
  Time since last request: 0.000039 seconds.
  path: Assets/Sprites/Village/Tileset/MainLevBuild_366.asset
  artifactKey: Guid(7a53261afe8b54ecf85c43d2035548be) Importer(2089858483,192608db42251d675da83286b1cce702)
Start importing Assets/Sprites/Village/Tileset/MainLevBuild_366.asset using Guid(7a53261afe8b54ecf85c43d2035548be) Importer(2089858483,192608db42251d675da83286b1cce702) (ScriptedImporter) -> (artifact id: 'ea1d8452aafb6a77ef9d72116a1337df') in 0.002625083 seconds
Number of updated asset objects reloaded before import = 0Number of asset objects unloaded after import = 2

========================================================================
Received Import Request.
  Time since last request: 0.000035 seconds.
  path: Assets/Sprites/Village/Tileset/MainLevBuild_400.asset
  artifactKey: Guid(f54aa86fc4e724262bd28302e0f2de51) Importer(2089858483,192608db42251d675da83286b1cce702)
Start importing Assets/Sprites/Village/Tileset/MainLevBuild_400.asset using Guid(f54aa86fc4e724262bd28302e0f2de51) Importer(2089858483,192608db42251d675da83286b1cce702) (ScriptedImporter) -> (artifact id: 'e07a49c3741d89075792eb2784b0d01f') in 0.002632208 seconds
Number of updated asset objects reloaded before import = 0Number of asset objects unloaded after import = 2

========================================================================
Received Import Request.
  Time since last request: 0.000037 seconds.
  path: Assets/Sprites/Village/Tileset/MainLevBuild_1040.asset
  artifactKey: Guid(c963876a3268d48d3a69a141a1af1500) Importer(2089858483,192608db42251d675da83286b1cce702)
Start importing Assets/Sprites/Village/Tileset/MainLevBuild_1040.asset using Guid(c963876a3268d48d3a69a141a1af1500) Importer(2089858483,192608db42251d675da83286b1cce702) (ScriptedImporter) -> (artifact id: 'eb7b863d34f9fade5465a00e3cdb99e1') in 0.002797791 seconds
Number of updated asset objects reloaded before import = 0Number of asset objects unloaded after import = 2

========================================================================
Received Import Request.
  Time since last request: 0.000034 seconds.
  path: Assets/Sprites/Village/Tileset/MainLevBuild_451.asset
  artifactKey: Guid(914d59889e8024c968fa4dcc5827ffcc) Importer(2089858483,192608db42251d675da83286b1cce702)
Start importing Assets/Sprites/Village/Tileset/MainLevBuild_451.asset using Guid(914d59889e8024c968fa4dcc5827ffcc) Importer(2089858483,192608db42251d675da83286b1cce702) (ScriptedImporter) -> (artifact id: 'e78b426a3a814668917a2ac80c9d0007') in 0.002979125 seconds
Number of updated asset objects reloaded before import = 0Number of asset objects unloaded after import = 2

========================================================================
Received Import Request.
  Time since last request: 0.000036 seconds.
  path: Assets/Sprites/Village/Tileset/MainLevBuild_535.asset
  artifactKey: Guid(6f9e7bf4c2a9742b8b64467aa155a729) Importer(2089858483,192608db42251d675da83286b1cce702)
Start importing Assets/Sprites/Village/Tileset/MainLevBuild_535.asset using Guid(6f9e7bf4c2a9742b8b64467aa155a729) Importer(2089858483,192608db42251d675da83286b1cce702) (ScriptedImporter) -> (artifact id: 'a86f0263c9f8ac24cc7bbddfb33ebaa1') in 0.004726041 seconds
Number of updated asset objects reloaded before import = 0Number of asset objects unloaded after import = 2

========================================================================
Received Import Request.
  Time since last request: 0.000028 seconds.
  path: Assets/Sprites/Village/Tileset/MainLevBuild_834.asset
  artifactKey: Guid(7799060166b704abc99970597b287dd2) Importer(2089858483,192608db42251d675da83286b1cce702)
Start importing Assets/Sprites/Village/Tileset/MainLevBuild_834.asset using Guid(7799060166b704abc99970597b287dd2) Importer(2089858483,192608db42251d675da83286b1cce702) (ScriptedImporter) -> (artifact id: 'bc9a362c8439bcc2854feeebbb426f22') in 0.002543958 seconds
Number of updated asset objects reloaded before import = 0Number of asset objects unloaded after import = 2

========================================================================
Received Import Request.
  Time since last request: 0.000043 seconds.
  path: Assets/Sprites/Village/Tileset/MainLevBuild_328.asset
  artifactKey: Guid(0bb167355610d4383bcc31d8368dc24b) Importer(2089858483,192608db42251d675da83286b1cce702)
Start importing Assets/Sprites/Village/Tileset/MainLevBuild_328.asset using Guid(0bb167355610d4383bcc31d8368dc24b) Importer(2089858483,192608db42251d675da83286b1cce702) (ScriptedImporter) -> (artifact id: '1c98c8cc476b1ee04f8d4d7711627ccf') in 0.002778459 seconds
Number of updated asset objects reloaded before import = 0Number of asset objects unloaded after import = 2

========================================================================
Received Import Request.
  Time since last request: 0.000037 seconds.
  path: Assets/Sprites/Village/Tileset/MainLevBuild_826.asset
  artifactKey: Guid(8d78f537eb50544318cb60e55c221a31) Importer(2089858483,192608db42251d675da83286b1cce702)
Start importing Assets/Sprites/Village/Tileset/MainLevBuild_826.asset using Guid(8d78f537eb50544318cb60e55c221a31) Importer(2089858483,192608db42251d675da83286b1cce702) (ScriptedImporter) -> (artifact id: '3f91e26825abf57aa22f4b0946c3a5a2') in 0.002699375 seconds
Number of updated asset objects reloaded before import = 0Number of asset objects unloaded after import = 2

========================================================================
Received Import Request.
  Time since last request: 0.000045 seconds.
  path: Assets/Sprites/Village/Tileset/MainLevBuild_772.asset
  artifactKey: Guid(ac6f9d7cf02414aaf905a474018700ed) Importer(2089858483,192608db42251d675da83286b1cce702)
Start importing Assets/Sprites/Village/Tileset/MainLevBuild_772.asset using Guid(ac6f9d7cf02414aaf905a474018700ed) Importer(2089858483,192608db42251d675da83286b1cce702) (ScriptedImporter) -> (artifact id: '4470879dea9ce3e678dda175282b99c3') in 0.002745 seconds
Number of updated asset objects reloaded before import = 0Number of asset objects unloaded after import = 2

========================================================================
Received Import Request.
  Time since last request: 0.000034 seconds.
  path: Assets/Sprites/Village/Tileset/MainLevBuild_748.asset
  artifactKey: Guid(edba83207d5f748239c8ae4fd199b60b) Importer(2089858483,192608db42251d675da83286b1cce702)
Start importing Assets/Sprites/Village/Tileset/MainLevBuild_748.asset using Guid(edba83207d5f748239c8ae4fd199b60b) Importer(2089858483,192608db42251d675da83286b1cce702) (ScriptedImporter) -> (artifact id: '009eb3688078b03639d78804e1b95ab5') in 0.0028025 seconds
Number of updated asset objects reloaded before import = 0Number of asset objects unloaded after import = 2

========================================================================
Received Import Request.
  Time since last request: 0.000031 seconds.
  path: Assets/Sprites/Village/Tileset/MainLevBuild_526.asset
  artifactKey: Guid(51cd50cf470cf42c6b4d56a36e66c061) Importer(2089858483,192608db42251d675da83286b1cce702)
Start importing Assets/Sprites/Village/Tileset/MainLevBuild_526.asset using Guid(51cd50cf470cf42c6b4d56a36e66c061) Importer(2089858483,192608db42251d675da83286b1cce702) (ScriptedImporter) -> (artifact id: '6c78c94068b5f1c367210228299aa505') in 0.002606792 seconds
Number of updated asset objects reloaded before import = 0Number of asset objects unloaded after import = 2

========================================================================
Received Import Request.
  Time since last request: 0.000030 seconds.
  path: Assets/Sprites/Village/Tileset/MainLevBuild_797.asset
  artifactKey: Guid(d255c050919a54738b865a5cb6bcd14b) Importer(2089858483,192608db42251d675da83286b1cce702)
Start importing Assets/Sprites/Village/Tileset/MainLevBuild_797.asset using Guid(d255c050919a54738b865a5cb6bcd14b) Importer(2089858483,192608db42251d675da83286b1cce702) (ScriptedImporter) -> (artifact id: 'f8b3cf8d306fdb01c92d1fae7ef29152') in 0.002794083 seconds
Number of updated asset objects reloaded before import = 0Number of asset objects unloaded after import = 2

========================================================================
Received Import Request.
  Time since last request: 0.000032 seconds.
  path: Assets/Sprites/Village/Tileset/MainLevBuild_94.asset
  artifactKey: Guid(0d90341bc54f34dc895f61da4a6d2a3c) Importer(2089858483,192608db42251d675da83286b1cce702)
Start importing Assets/Sprites/Village/Tileset/MainLevBuild_94.asset using Guid(0d90341bc54f34dc895f61da4a6d2a3c) Importer(2089858483,192608db42251d675da83286b1cce702) (ScriptedImporter) -> (artifact id: '355aeb2069d3ec2b665aed540cea040a') in 0.002592167 seconds
Number of updated asset objects reloaded before import = 0Number of asset objects unloaded after import = 2

========================================================================
Received Import Request.
  Time since last request: 0.000068 seconds.
  path: Assets/Sprites/Village/Tileset/MainLevBuild_675.asset
  artifactKey: Guid(811375fc7c2c145c88b2dc3cc8e9211a) Importer(2089858483,192608db42251d675da83286b1cce702)
Start importing Assets/Sprites/Village/Tileset/MainLevBuild_675.asset using Guid(811375fc7c2c145c88b2dc3cc8e9211a) Importer(2089858483,192608db42251d675da83286b1cce702) (ScriptedImporter) -> (artifact id: 'f30382416ae2d4513bd5067217ec05d9') in 0.002665916 seconds
Number of updated asset objects reloaded before import = 0Number of asset objects unloaded after import = 2

========================================================================
Received Import Request.
  Time since last request: 0.000032 seconds.
  path: Assets/Sprites/Village/Tileset/Village Tileset.prefab
  artifactKey: Guid(a2ad13162027440c1aeb0616138501a2) Importer(2089858483,192608db42251d675da83286b1cce702)
Start importing Assets/Sprites/Village/Tileset/Village Tileset.prefab using Guid(a2ad13162027440c1aeb0616138501a2) Importer(2089858483,192608db42251d675da83286b1cce702) (ScriptedImporter) -> (artifact id: '9586486bcebf5d78037df0f13f94d223') in 0.086965958 seconds
Number of updated asset objects reloaded before import = 0Number of asset objects unloaded after import = 10

========================================================================
Received Import Request.
  Time since last request: 0.000034 seconds.
  path: Assets/Sprites/Village/Tileset/MainLevBuild_773.asset
  artifactKey: Guid(66ae2a58c08d34c43b04b84636e0f0e5) Importer(2089858483,192608db42251d675da83286b1cce702)
Start importing Assets/Sprites/Village/Tileset/MainLevBuild_773.asset using Guid(66ae2a58c08d34c43b04b84636e0f0e5) Importer(2089858483,192608db42251d675da83286b1cce702) (ScriptedImporter) -> (artifact id: 'bf1eab3144a78767cdc1bd2e12721f6d') in 0.002493667 seconds
Number of updated asset objects reloaded before import = 0Number of asset objects unloaded after import = 2

========================================================================
Received Import Request.
  Time since last request: 0.000045 seconds.
  path: Assets/Sprites/Village/Tileset/MainLevBuild_1020.asset
  artifactKey: Guid(b33a45607f92c40dca1eb25c2b8ebad4) Importer(2089858483,192608db42251d675da83286b1cce702)
Start importing Assets/Sprites/Village/Tileset/MainLevBuild_1020.asset using Guid(b33a45607f92c40dca1eb25c2b8ebad4) Importer(2089858483,192608db42251d675da83286b1cce702) (ScriptedImporter) -> (artifact id: 'ee0fc6c39c6d41a67c2582f879661206') in 0.0024505 seconds
Number of updated asset objects reloaded before import = 0Number of asset objects unloaded after import = 2

========================================================================
Received Import Request.
  Time since last request: 0.000036 seconds.
  path: Assets/Sprites/Village/Tileset/MainLevBuild_446.asset
  artifactKey: Guid(45f8bdef1a5744cea90354611bd74345) Importer(2089858483,192608db42251d675da83286b1cce702)
Start importing Assets/Sprites/Village/Tileset/MainLevBuild_446.asset using Guid(45f8bdef1a5744cea90354611bd74345) Importer(2089858483,192608db42251d675da83286b1cce702) (ScriptedImporter) -> (artifact id: 'be49384814f63fb1260bd99e7db5b448') in 0.002603333 seconds
Number of updated asset objects reloaded before import = 0Number of asset objects unloaded after import = 2

========================================================================
Received Import Request.
  Time since last request: 0.000033 seconds.
  path: Assets/Sprites/Village/Tileset/MainLevBuild_790.asset
  artifactKey: Guid(ac8dc8cdf0ddb4a8cb304b0f3a524f85) Importer(2089858483,192608db42251d675da83286b1cce702)
Start importing Assets/Sprites/Village/Tileset/MainLevBuild_790.asset using Guid(ac8dc8cdf0ddb4a8cb304b0f3a524f85) Importer(2089858483,192608db42251d675da83286b1cce702) (ScriptedImporter) -> (artifact id: 'c44112309186267b2383d331cf6b15d8') in 0.002394625 seconds
Number of updated asset objects reloaded before import = 0Number of asset objects unloaded after import = 2

========================================================================
Received Import Request.
  Time since last request: 0.000030 seconds.
  path: Assets/Sprites/Village/Tileset/MainLevBuild_889.asset
  artifactKey: Guid(fc2325120315e4386b484f385327705d) Importer(2089858483,192608db42251d675da83286b1cce702)
Start importing Assets/Sprites/Village/Tileset/MainLevBuild_889.asset using Guid(fc2325120315e4386b484f385327705d) Importer(2089858483,192608db42251d675da83286b1cce702) (ScriptedImporter) -> (artifact id: '84bf66b68fb8101bc9f688634319f3cd') in 0.002832541 seconds
Number of updated asset objects reloaded before import = 0Number of asset objects unloaded after import = 2

========================================================================
Received Import Request.
  Time since last request: 0.000043 seconds.
  path: Assets/Sprites/Village/Tileset/MainLevBuild_516.asset
  artifactKey: Guid(18b10666edba14370a034faf2fe05448) Importer(2089858483,192608db42251d675da83286b1cce702)
Start importing Assets/Sprites/Village/Tileset/MainLevBuild_516.asset using Guid(18b10666edba14370a034faf2fe05448) Importer(2089858483,192608db42251d675da83286b1cce702) (ScriptedImporter) -> (artifact id: 'f97892854b099f271bb1e30f81878864') in 0.002698417 seconds
Number of updated asset objects reloaded before import = 0Number of asset objects unloaded after import = 2

========================================================================
Received Import Request.
  Time since last request: 0.000034 seconds.
  path: Assets/Sprites/Village/Tileset/MainLevBuild_565.asset
  artifactKey: Guid(e21fb74d8db7042468b03b11d331f6db) Importer(2089858483,192608db42251d675da83286b1cce702)
Start importing Assets/Sprites/Village/Tileset/MainLevBuild_565.asset using Guid(e21fb74d8db7042468b03b11d331f6db) Importer(2089858483,192608db42251d675da83286b1cce702) (ScriptedImporter) -> (artifact id: '65bd2e38ed5ef7213800c4bb97e9e069') in 0.002782958 seconds
Number of updated asset objects reloaded before import = 0Number of asset objects unloaded after import = 2

========================================================================
Received Import Request.
  Time since last request: 0.000051 seconds.
  path: Assets/Sprites/Village/Tileset/MainLevBuild_679.asset
  artifactKey: Guid(6ad874fc786894ef193822089b82f7bf) Importer(2089858483,192608db42251d675da83286b1cce702)
Start importing Assets/Sprites/Village/Tileset/MainLevBuild_679.asset using Guid(6ad874fc786894ef193822089b82f7bf) Importer(2089858483,192608db42251d675da83286b1cce702) (ScriptedImporter) -> (artifact id: 'b113e55ef699bbb49813f26cd7350c8e') in 0.002642708 seconds
Number of updated asset objects reloaded before import = 0Number of asset objects unloaded after import = 2

========================================================================
Received Import Request.
  Time since last request: 0.000038 seconds.
  path: Assets/Sprites/Village/Tileset/MainLevBuild_909.asset
  artifactKey: Guid(b2727c01aebdd439b9a48e8049edafa0) Importer(2089858483,192608db42251d675da83286b1cce702)
Start importing Assets/Sprites/Village/Tileset/MainLevBuild_909.asset using Guid(b2727c01aebdd439b9a48e8049edafa0) Importer(2089858483,192608db42251d675da83286b1cce702) (ScriptedImporter) -> (artifact id: '22bf6a24b71c375a74b9a1d307a6c8e7') in 0.00284775 seconds
Number of updated asset objects reloaded before import = 0Number of asset objects unloaded after import = 2

========================================================================
Received Import Request.
  Time since last request: 0.000037 seconds.
  path: Assets/Sprites/Village/Tileset/MainLevBuild_119.asset
  artifactKey: Guid(3ae168d75098c443b856a5d4b0a26783) Importer(2089858483,192608db42251d675da83286b1cce702)
Start importing Assets/Sprites/Village/Tileset/MainLevBuild_119.asset using Guid(3ae168d75098c443b856a5d4b0a26783) Importer(2089858483,192608db42251d675da83286b1cce702) (ScriptedImporter) -> (artifact id: '351dbc1d900868b6d3df88ca3b8f77c1') in 0.002650166 seconds
Number of updated asset objects reloaded before import = 0Number of asset objects unloaded after import = 2

========================================================================
Received Import Request.
  Time since last request: 0.000051 seconds.
  path: Assets/Sprites/Village/Tileset/MainLevBuild_300.asset
  artifactKey: Guid(cd241c1fec6d446ecb991c138a000fc3) Importer(2089858483,192608db42251d675da83286b1cce702)
Start importing Assets/Sprites/Village/Tileset/MainLevBuild_300.asset using Guid(cd241c1fec6d446ecb991c138a000fc3) Importer(2089858483,192608db42251d675da83286b1cce702) (ScriptedImporter) -> (artifact id: '5ddf4cd0ef048cd3c4a302e652ebdcb7') in 0.002710042 seconds
Number of updated asset objects reloaded before import = 0Number of asset objects unloaded after import = 2

========================================================================
Received Import Request.
  Time since last request: 0.000037 seconds.
  path: Assets/Sprites/Village/Tileset/MainLevBuild_552.asset
  artifactKey: Guid(b92aa649b48ba468e87ae03ea2ccad0e) Importer(2089858483,192608db42251d675da83286b1cce702)
Start importing Assets/Sprites/Village/Tileset/MainLevBuild_552.asset using Guid(b92aa649b48ba468e87ae03ea2ccad0e) Importer(2089858483,192608db42251d675da83286b1cce702) (ScriptedImporter) -> (artifact id: 'ba5382f188d239f11b905a8bc370e7c6') in 0.002650209 seconds
Number of updated asset objects reloaded before import = 0Number of asset objects unloaded after import = 2

========================================================================
Received Import Request.
  Time since last request: 0.000049 seconds.
  path: Assets/Sprites/Village/Tileset/MainLevBuild_242.asset
  artifactKey: Guid(5b05e8df92c5343d69c7b0edabe9a1b1) Importer(2089858483,192608db42251d675da83286b1cce702)
Start importing Assets/Sprites/Village/Tileset/MainLevBuild_242.asset using Guid(5b05e8df92c5343d69c7b0edabe9a1b1) Importer(2089858483,192608db42251d675da83286b1cce702) (ScriptedImporter) -> (artifact id: '7eec1c870eeb9ce0ca915d21bb0d34f4') in 0.003973625 seconds
Number of updated asset objects reloaded before import = 0Number of asset objects unloaded after import = 2

========================================================================
Received Import Request.
  Time since last request: 0.000031 seconds.
  path: Assets/Sprites/Village/Tileset/MainLevBuild_1050.asset
  artifactKey: Guid(f3c10a308f0744b60af1d755609f1c61) Importer(2089858483,192608db42251d675da83286b1cce702)
Start importing Assets/Sprites/Village/Tileset/MainLevBuild_1050.asset using Guid(f3c10a308f0744b60af1d755609f1c61) Importer(2089858483,192608db42251d675da83286b1cce702) (ScriptedImporter) -> (artifact id: '50e7b73452b94a8665184ea10f0e6a2f') in 0.002725416 seconds
Number of updated asset objects reloaded before import = 0Number of asset objects unloaded after import = 2

========================================================================
Received Import Request.
  Time since last request: 0.000033 seconds.
  path: Assets/Sprites/Village/Tileset/MainLevBuild_858.asset
  artifactKey: Guid(b7c4384557b8641d89e5544ae8940dc3) Importer(2089858483,192608db42251d675da83286b1cce702)
Start importing Assets/Sprites/Village/Tileset/MainLevBuild_858.asset using Guid(b7c4384557b8641d89e5544ae8940dc3) Importer(2089858483,192608db42251d675da83286b1cce702) (ScriptedImporter) -> (artifact id: '6fbeb9002af87781a15ce4df274b6276') in 0.002667167 seconds
Number of updated asset objects reloaded before import = 0Number of asset objects unloaded after import = 2

========================================================================
Received Import Request.
  Time since last request: 0.000046 seconds.
  path: Assets/Sprites/Village/Tileset/MainLevBuild_191.asset
  artifactKey: Guid(7e0fc4d2973cc43fb81a631fbc9d5b9a) Importer(2089858483,192608db42251d675da83286b1cce702)
Start importing Assets/Sprites/Village/Tileset/MainLevBuild_191.asset using Guid(7e0fc4d2973cc43fb81a631fbc9d5b9a) Importer(2089858483,192608db42251d675da83286b1cce702) (ScriptedImporter) -> (artifact id: '51b63ece8805fb561586d7b32558bf9f') in 0.002462416 seconds
Number of updated asset objects reloaded before import = 0Number of asset objects unloaded after import = 2

========================================================================
Received Import Request.
  Time since last request: 0.000030 seconds.
  path: Assets/Sprites/Village/Tileset/MainLevBuild_668.asset
  artifactKey: Guid(487df0dc1902148ae882476be1e6cef8) Importer(2089858483,192608db42251d675da83286b1cce702)
Start importing Assets/Sprites/Village/Tileset/MainLevBuild_668.asset using Guid(487df0dc1902148ae882476be1e6cef8) Importer(2089858483,192608db42251d675da83286b1cce702) (ScriptedImporter) -> (artifact id: 'd8a49b6e1bcc05394ba41316eb036d90') in 0.002672417 seconds
Number of updated asset objects reloaded before import = 0Number of asset objects unloaded after import = 2

========================================================================
Received Import Request.
  Time since last request: 0.000039 seconds.
  path: Assets/Sprites/Village/Tileset/MainLevBuild_562.asset
  artifactKey: Guid(c2f97fd9c3f1f462bb0b9302a5ec1851) Importer(2089858483,192608db42251d675da83286b1cce702)
Start importing Assets/Sprites/Village/Tileset/MainLevBuild_562.asset using Guid(c2f97fd9c3f1f462bb0b9302a5ec1851) Importer(2089858483,192608db42251d675da83286b1cce702) (ScriptedImporter) -> (artifact id: 'e99bd10cc7de2fc63f1370d7cd9c1fc8') in 0.002504833 seconds
Number of updated asset objects reloaded before import = 0Number of asset objects unloaded after import = 2

========================================================================
Received Import Request.
  Time since last request: 693.669318 seconds.
  path: Assets/Sprites/Village/Tileset.png
  artifactKey: Guid(b10d0bbe12bf44fc29c765ea60a2a492) Importer(2089858483,192608db42251d675da83286b1cce702)
Start importing Assets/Sprites/Village/Tileset.png using Guid(b10d0bbe12bf44fc29c765ea60a2a492) Importer(2089858483,192608db42251d675da83286b1cce702) (ScriptedImporter) -> (artifact id: '9d03925f7e57b072f131a49ecffbcc29') in 0.029828708 seconds
Number of updated asset objects reloaded before import = 0Number of asset objects unloaded after import = 3

========================================================================
Received Import Request.
  Time since last request: 84.699815 seconds.
  path: Assets/Sprites/Village/Tileset/Tileset_102.asset
  artifactKey: Guid(e12129f314de642a4a7ae95bf05082ba) Importer(2089858483,192608db42251d675da83286b1cce702)
Start importing Assets/Sprites/Village/Tileset/Tileset_102.asset using Guid(e12129f314de642a4a7ae95bf05082ba) Importer(2089858483,192608db42251d675da83286b1cce702) (ScriptedImporter) -> (artifact id: '1ee0f76d3dabc78f0bcf9047f4a4de40') in 0.004311417 seconds
Number of updated asset objects reloaded before import = 0Number of asset objects unloaded after import = 2

========================================================================
Received Import Request.
  Time since last request: 0.000033 seconds.
  path: Assets/Sprites/Village/Tileset/Tileset_40.asset
  artifactKey: Guid(8f878e9cdffc641fab64ebe908b164d5) Importer(2089858483,192608db42251d675da83286b1cce702)
Start importing Assets/Sprites/Village/Tileset/Tileset_40.asset using Guid(8f878e9cdffc641fab64ebe908b164d5) Importer(2089858483,192608db42251d675da83286b1cce702) (ScriptedImporter) -> (artifact id: 'e2dc4c14fc61d0f21642f7dbc8b9ff5c') in 0.003002584 seconds
Number of updated asset objects reloaded before import = 0Number of asset objects unloaded after import = 2

========================================================================
Received Import Request.
  Time since last request: 0.000039 seconds.
  path: Assets/Sprites/Village/Tileset/Tileset_89.asset
  artifactKey: Guid(8195214929a2746e3a2f23e7d80ecb77) Importer(2089858483,192608db42251d675da83286b1cce702)
Start importing Assets/Sprites/Village/Tileset/Tileset_89.asset using Guid(8195214929a2746e3a2f23e7d80ecb77) Importer(2089858483,192608db42251d675da83286b1cce702) (ScriptedImporter) -> (artifact id: 'd7f7901ce488463915a6c64cf6d588ba') in 0.003381541 seconds
Number of updated asset objects reloaded before import = 0Number of asset objects unloaded after import = 2

========================================================================
Received Import Request.
  Time since last request: 0.000034 seconds.
  path: Assets/Sprites/Village/Tileset/Tileset_35.asset
  artifactKey: Guid(ec0497a8102e84d429ea2266d11dbcd9) Importer(2089858483,192608db42251d675da83286b1cce702)
Start importing Assets/Sprites/Village/Tileset/Tileset_35.asset using Guid(ec0497a8102e84d429ea2266d11dbcd9) Importer(2089858483,192608db42251d675da83286b1cce702) (ScriptedImporter) -> (artifact id: '010c7d5832cdf9f7a03de8fdbd0790ae') in 0.003210542 seconds
Number of updated asset objects reloaded before import = 0Number of asset objects unloaded after import = 2

========================================================================
Received Import Request.
  Time since last request: 0.000036 seconds.
  path: Assets/Sprites/Village/Tileset/Tileset_66.asset
  artifactKey: Guid(3095dd91fd00e42ee92bb09c2f8dafa0) Importer(2089858483,192608db42251d675da83286b1cce702)
Start importing Assets/Sprites/Village/Tileset/Tileset_66.asset using Guid(3095dd91fd00e42ee92bb09c2f8dafa0) Importer(2089858483,192608db42251d675da83286b1cce702) (ScriptedImporter) -> (artifact id: 'cbfd3ffccce54458f7a6f058d1786e57') in 0.004311959 seconds
Number of updated asset objects reloaded before import = 0Number of asset objects unloaded after import = 2

========================================================================
Received Import Request.
  Time since last request: 0.000069 seconds.
  path: Assets/Sprites/Village/Tileset/Tileset_116.asset
  artifactKey: Guid(ceebb17b3844a478bb8f179b918f7e91) Importer(2089858483,192608db42251d675da83286b1cce702)
Start importing Assets/Sprites/Village/Tileset/Tileset_116.asset using Guid(ceebb17b3844a478bb8f179b918f7e91) Importer(2089858483,192608db42251d675da83286b1cce702) (ScriptedImporter) -> (artifact id: '9ea5459f316f79cb25b1b3365e5a1b85') in 0.003741958 seconds
Number of updated asset objects reloaded before import = 0Number of asset objects unloaded after import = 2

========================================================================
Received Import Request.
  Time since last request: 0.000033 seconds.
  path: Assets/Sprites/Village/Tileset/Tileset_112.asset
  artifactKey: Guid(d6b48b5433b1e4d6eb629d6157bd1c80) Importer(2089858483,192608db42251d675da83286b1cce702)
Start importing Assets/Sprites/Village/Tileset/Tileset_112.asset using Guid(d6b48b5433b1e4d6eb629d6157bd1c80) Importer(2089858483,192608db42251d675da83286b1cce702) (ScriptedImporter) -> (artifact id: '3a3e3f551b57b3e6a22c75665b9f17a7') in 0.003402667 seconds
Number of updated asset objects reloaded before import = 0Number of asset objects unloaded after import = 2

========================================================================
Received Import Request.
  Time since last request: 0.000040 seconds.
  path: Assets/Sprites/Village/Tileset/Tileset_88.asset
  artifactKey: Guid(dd6f3e2c4a9be49f7bcee2fbe3a39e1a) Importer(2089858483,192608db42251d675da83286b1cce702)
Start importing Assets/Sprites/Village/Tileset/Tileset_88.asset using Guid(dd6f3e2c4a9be49f7bcee2fbe3a39e1a) Importer(2089858483,192608db42251d675da83286b1cce702) (ScriptedImporter) -> (artifact id: '46a3451ea58158e4861650cf053121e5') in 0.004859667 seconds
Number of updated asset objects reloaded before import = 0Number of asset objects unloaded after import = 2

========================================================================
Received Import Request.
  Time since last request: 0.000062 seconds.
  path: Assets/Sprites/Village/Tileset/Tileset_103.asset
  artifactKey: Guid(f241eac1715f245f588a04dd2fed516d) Importer(2089858483,192608db42251d675da83286b1cce702)
Start importing Assets/Sprites/Village/Tileset/Tileset_103.asset using Guid(f241eac1715f245f588a04dd2fed516d) Importer(2089858483,192608db42251d675da83286b1cce702) (ScriptedImporter) -> (artifact id: 'ff0d3636d87d6e4a8c7070d024c16046') in 0.002777209 seconds
Number of updated asset objects reloaded before import = 0Number of asset objects unloaded after import = 2

========================================================================
Received Import Request.
  Time since last request: 0.000032 seconds.
  path: Assets/Sprites/Village/Tileset/Tileset_41.asset
  artifactKey: Guid(60d153d742382431a83acd25eac21947) Importer(2089858483,192608db42251d675da83286b1cce702)
Start importing Assets/Sprites/Village/Tileset/Tileset_41.asset using Guid(60d153d742382431a83acd25eac21947) Importer(2089858483,192608db42251d675da83286b1cce702) (ScriptedImporter) -> (artifact id: '1b934d8a49aad0bd861d06f0708feb91') in 0.003045917 seconds
Number of updated asset objects reloaded before import = 0Number of asset objects unloaded after import = 2

========================================================================
Received Import Request.
  Time since last request: 0.000034 seconds.
  path: Assets/Sprites/Village/Tileset/Tileset_128.asset
  artifactKey: Guid(cb89f40a702024d448154be491970fac) Importer(2089858483,192608db42251d675da83286b1cce702)
Start importing Assets/Sprites/Village/Tileset/Tileset_128.asset using Guid(cb89f40a702024d448154be491970fac) Importer(2089858483,192608db42251d675da83286b1cce702) (ScriptedImporter) -> (artifact id: '15d06a76e78f9aa0b7efad79e2d8dec7') in 0.005303334 seconds
Number of updated asset objects reloaded before import = 0Number of asset objects unloaded after import = 2

========================================================================
Received Import Request.
  Time since last request: 0.000053 seconds.
  path: Assets/Sprites/Village/Tileset/Tileset_17.asset
  artifactKey: Guid(58fee68c6723345a2b2bc4ee35b14ee9) Importer(2089858483,192608db42251d675da83286b1cce702)
Start importing Assets/Sprites/Village/Tileset/Tileset_17.asset using Guid(58fee68c6723345a2b2bc4ee35b14ee9) Importer(2089858483,192608db42251d675da83286b1cce702) (ScriptedImporter) -> (artifact id: '429e35c916362e5fd49e4c7b5a13b51f') in 0.002815667 seconds
Number of updated asset objects reloaded before import = 0Number of asset objects unloaded after import = 2

========================================================================
Received Import Request.
  Time since last request: 0.000041 seconds.
  path: Assets/Sprites/Village/Tileset/Tileset_126.asset
  artifactKey: Guid(d3d30fe7910d5472d8c9cfa9851da03e) Importer(2089858483,192608db42251d675da83286b1cce702)
Start importing Assets/Sprites/Village/Tileset/Tileset_126.asset using Guid(d3d30fe7910d5472d8c9cfa9851da03e) Importer(2089858483,192608db42251d675da83286b1cce702) (ScriptedImporter) -> (artifact id: '17566d9402d3b37a3e1359614527ae6f') in 0.002730333 seconds
Number of updated asset objects reloaded before import = 0Number of asset objects unloaded after import = 2

========================================================================
Received Import Request.
  Time since last request: 0.000029 seconds.
  path: Assets/Sprites/Village/Tileset/Tileset_13.asset
  artifactKey: Guid(6ab0d10b914b448c6ae5215a4192379e) Importer(2089858483,192608db42251d675da83286b1cce702)
Start importing Assets/Sprites/Village/Tileset/Tileset_13.asset using Guid(6ab0d10b914b448c6ae5215a4192379e) Importer(2089858483,192608db42251d675da83286b1cce702) (ScriptedImporter) -> (artifact id: 'd1b2f257e60bde88f5110f319d0e6fc2') in 0.003129459 seconds
Number of updated asset objects reloaded before import = 0Number of asset objects unloaded after import = 2

========================================================================
Received Import Request.
  Time since last request: 0.000035 seconds.
  path: Assets/Sprites/Village/Tileset/Tileset_86.asset
  artifactKey: Guid(6505aa4fefae5451f9a7ae6e2e8d2c96) Importer(2089858483,192608db42251d675da83286b1cce702)
Start importing Assets/Sprites/Village/Tileset/Tileset_86.asset using Guid(6505aa4fefae5451f9a7ae6e2e8d2c96) Importer(2089858483,192608db42251d675da83286b1cce702) (ScriptedImporter) -> (artifact id: '9b91290a75cd15ca91a1df5ed66175ea') in 0.0025375 seconds
Number of updated asset objects reloaded before import = 0Number of asset objects unloaded after import = 2

========================================================================
Received Import Request.
  Time since last request: 0.000034 seconds.
  path: Assets/Sprites/Village/Tileset/Tileset_107.asset
  artifactKey: Guid(c6846864a3b444df8b9fd797880adbaf) Importer(2089858483,192608db42251d675da83286b1cce702)
Start importing Assets/Sprites/Village/Tileset/Tileset_107.asset using Guid(c6846864a3b444df8b9fd797880adbaf) Importer(2089858483,192608db42251d675da83286b1cce702) (ScriptedImporter) -> (artifact id: 'a7034c6251f51484e6a13643b8b1bfdb') in 0.0026635 seconds
Number of updated asset objects reloaded before import = 0Number of asset objects unloaded after import = 2

========================================================================
Received Import Request.
  Time since last request: 0.000036 seconds.
  path: Assets/Sprites/Village/Tileset/Tileset_117.asset
  artifactKey: Guid(4caf6724d26b148439dac5c3e2ae0ec4) Importer(2089858483,192608db42251d675da83286b1cce702)
Start importing Assets/Sprites/Village/Tileset/Tileset_117.asset using Guid(4caf6724d26b148439dac5c3e2ae0ec4) Importer(2089858483,192608db42251d675da83286b1cce702) (ScriptedImporter) -> (artifact id: 'c2fe326d91e2503166b99e262510ac77') in 0.003594417 seconds
Number of updated asset objects reloaded before import = 0Number of asset objects unloaded after import = 2

========================================================================
Received Import Request.
  Time since last request: 0.000029 seconds.
  path: Assets/Sprites/Village/Tileset/Tileset_50.asset
  artifactKey: Guid(84d1a7c5eec2943a689bc6a00a07403b) Importer(2089858483,192608db42251d675da83286b1cce702)
Start importing Assets/Sprites/Village/Tileset/Tileset_50.asset using Guid(84d1a7c5eec2943a689bc6a00a07403b) Importer(2089858483,192608db42251d675da83286b1cce702) (ScriptedImporter) -> (artifact id: '1d23810bb80f1f1d121f7fcb92e5c0a7') in 0.002790125 seconds
Number of updated asset objects reloaded before import = 0Number of asset objects unloaded after import = 2

========================================================================
Received Import Request.
  Time since last request: 0.000033 seconds.
  path: Assets/Sprites/Village/Tileset/Tileset_114.asset
  artifactKey: Guid(02bc13152021d4741856da25e3f62339) Importer(2089858483,192608db42251d675da83286b1cce702)
Start importing Assets/Sprites/Village/Tileset/Tileset_114.asset using Guid(02bc13152021d4741856da25e3f62339) Importer(2089858483,192608db42251d675da83286b1cce702) (ScriptedImporter) -> (artifact id: '2b3a70ff470d695ef17eaffd0a689af0') in 0.002567917 seconds
Number of updated asset objects reloaded before import = 0Number of asset objects unloaded after import = 2

========================================================================
Received Import Request.
  Time since last request: 0.000036 seconds.
  path: Assets/Sprites/Village/Tileset/Tileset_5.asset
  artifactKey: Guid(8f8713a4c4f5748c3b75597eb49bc2cb) Importer(2089858483,192608db42251d675da83286b1cce702)
Start importing Assets/Sprites/Village/Tileset/Tileset_5.asset using Guid(8f8713a4c4f5748c3b75597eb49bc2cb) Importer(2089858483,192608db42251d675da83286b1cce702) (ScriptedImporter) -> (artifact id: 'ab7b91bd7b894b85b42c4bbfc70af641') in 0.002979542 seconds
Number of updated asset objects reloaded before import = 0Number of asset objects unloaded after import = 2

========================================================================
Received Import Request.
  Time since last request: 0.000032 seconds.
  path: Assets/Sprites/Village/Tileset/Tileset_64.asset
  artifactKey: Guid(82fe9e1f8f1de4daa86a91ae97dec406) Importer(2089858483,192608db42251d675da83286b1cce702)
Start importing Assets/Sprites/Village/Tileset/Tileset_64.asset using Guid(82fe9e1f8f1de4daa86a91ae97dec406) Importer(2089858483,192608db42251d675da83286b1cce702) (ScriptedImporter) -> (artifact id: 'a4671c4b147657f3e1ba955dcbcee936') in 0.003050208 seconds
Number of updated asset objects reloaded before import = 0Number of asset objects unloaded after import = 2

========================================================================
Received Import Request.
  Time since last request: 0.000035 seconds.
  path: Assets/Sprites/Village/Tileset/Tileset_46.asset
  artifactKey: Guid(81d26c24994af4805af10e6188966a75) Importer(2089858483,192608db42251d675da83286b1cce702)
Start importing Assets/Sprites/Village/Tileset/Tileset_46.asset using Guid(81d26c24994af4805af10e6188966a75) Importer(2089858483,192608db42251d675da83286b1cce702) (ScriptedImporter) -> (artifact id: 'dfd9c3afc1b321cef1172ca62f7f4f59') in 0.003137416 seconds
Number of updated asset objects reloaded before import = 0Number of asset objects unloaded after import = 2

========================================================================
Received Import Request.
  Time since last request: 0.000038 seconds.
  path: Assets/Sprites/Village/Tileset/Tileset_23.asset
  artifactKey: Guid(cbe4c6da3f3dc4428b852272e8b1ac1d) Importer(2089858483,192608db42251d675da83286b1cce702)
Start importing Assets/Sprites/Village/Tileset/Tileset_23.asset using Guid(cbe4c6da3f3dc4428b852272e8b1ac1d) Importer(2089858483,192608db42251d675da83286b1cce702) (ScriptedImporter) -> (artifact id: '54200b7e862876fb9ef5ed2bc6f36c15') in 0.002904 seconds
Number of updated asset objects reloaded before import = 0Number of asset objects unloaded after import = 2

========================================================================
Received Import Request.
  Time since last request: 0.000038 seconds.
  path: Assets/Sprites/Village/Tileset/Tileset_95.asset
  artifactKey: Guid(ef9675c1447744735b2d45b4fe6309aa) Importer(2089858483,192608db42251d675da83286b1cce702)
Start importing Assets/Sprites/Village/Tileset/Tileset_95.asset using Guid(ef9675c1447744735b2d45b4fe6309aa) Importer(2089858483,192608db42251d675da83286b1cce702) (ScriptedImporter) -> (artifact id: 'ae1344d71dfa2c21736e33b73f706dfd') in 0.002958833 seconds
Number of updated asset objects reloaded before import = 0Number of asset objects unloaded after import = 2

========================================================================
Received Import Request.
  Time since last request: 0.000034 seconds.
  path: Assets/Sprites/Village/Tileset/Tileset_32.asset
  artifactKey: Guid(139ab73a500a6408893487d5747abb27) Importer(2089858483,192608db42251d675da83286b1cce702)
Start importing Assets/Sprites/Village/Tileset/Tileset_32.asset using Guid(139ab73a500a6408893487d5747abb27) Importer(2089858483,192608db42251d675da83286b1cce702) (ScriptedImporter) -> (artifact id: '561ababfab549e8a8b7f3e48cc0dcd1d') in 0.002817625 seconds
Number of updated asset objects reloaded before import = 0Number of asset objects unloaded after import = 2

========================================================================
Received Import Request.
  Time since last request: 0.000035 seconds.
  path: Assets/Sprites/Village/Tileset/Tileset_0.asset
  artifactKey: Guid(259a37b81768d44d09b369bc18825024) Importer(2089858483,192608db42251d675da83286b1cce702)
Start importing Assets/Sprites/Village/Tileset/Tileset_0.asset using Guid(259a37b81768d44d09b369bc18825024) Importer(2089858483,192608db42251d675da83286b1cce702) (ScriptedImporter) -> (artifact id: 'f7bf0f7eeadce7131a84344b0e12fdbf') in 0.0048265 seconds
Number of updated asset objects reloaded before import = 0Number of asset objects unloaded after import = 2

========================================================================
Received Import Request.
  Time since last request: 0.000030 seconds.
  path: Assets/Sprites/Village/Tileset/Tileset_6.asset
  artifactKey: Guid(0f0681794dc84432595e140959bd5290) Importer(2089858483,192608db42251d675da83286b1cce702)
Start importing Assets/Sprites/Village/Tileset/Tileset_6.asset using Guid(0f0681794dc84432595e140959bd5290) Importer(2089858483,192608db42251d675da83286b1cce702) (ScriptedImporter) -> (artifact id: 'c66f5473eb32872d5758fb9611921e75') in 0.003283041 seconds
Number of updated asset objects reloaded before import = 0Number of asset objects unloaded after import = 2

========================================================================
Received Import Request.
  Time since last request: 0.000037 seconds.
  path: Assets/Sprites/Village/Tileset/Tileset_109.asset
  artifactKey: Guid(439453d693c524738a4aaef09fb69203) Importer(2089858483,192608db42251d675da83286b1cce702)
Start importing Assets/Sprites/Village/Tileset/Tileset_109.asset using Guid(439453d693c524738a4aaef09fb69203) Importer(2089858483,192608db42251d675da83286b1cce702) (ScriptedImporter) -> (artifact id: 'd5dbf1a5cebda4ae2c00896aae2bcb0e') in 0.003258 seconds
Number of updated asset objects reloaded before import = 0Number of asset objects unloaded after import = 2

========================================================================
Received Import Request.
  Time since last request: 0.000043 seconds.
  path: Assets/Sprites/Village/Tileset/Tileset_69.asset
  artifactKey: Guid(6c95adb87029a492b8b3d362ffbc8310) Importer(2089858483,192608db42251d675da83286b1cce702)
Start importing Assets/Sprites/Village/Tileset/Tileset_69.asset using Guid(6c95adb87029a492b8b3d362ffbc8310) Importer(2089858483,192608db42251d675da83286b1cce702) (ScriptedImporter) -> (artifact id: 'ce59e1f8c1b4add2354d9ee05562fdcb') in 0.002898625 seconds
Number of updated asset objects reloaded before import = 0Number of asset objects unloaded after import = 2

========================================================================
Received Import Request.
  Time since last request: 0.000033 seconds.
  path: Assets/Sprites/Village/Tileset/Tileset_84.asset
  artifactKey: Guid(ccc2eb47fea414dffb8584ba5062dee6) Importer(2089858483,192608db42251d675da83286b1cce702)
Start importing Assets/Sprites/Village/Tileset/Tileset_84.asset using Guid(ccc2eb47fea414dffb8584ba5062dee6) Importer(2089858483,192608db42251d675da83286b1cce702) (ScriptedImporter) -> (artifact id: 'e8f6bd8f4b38403dd6701e6f4c4c345a') in 0.003349708 seconds
Number of updated asset objects reloaded before import = 0Number of asset objects unloaded after import = 2

========================================================================
Received Import Request.
  Time since last request: 0.000054 seconds.
  path: Assets/Sprites/Village/Tileset/Tileset_74.asset
  artifactKey: Guid(a0befad861a7643f8846e18b3adc106c) Importer(2089858483,192608db42251d675da83286b1cce702)
Start importing Assets/Sprites/Village/Tileset/Tileset_74.asset using Guid(a0befad861a7643f8846e18b3adc106c) Importer(2089858483,192608db42251d675da83286b1cce702) (ScriptedImporter) -> (artifact id: '4c99803a27fe0b27decf7056e787f1e4') in 0.003203791 seconds
Number of updated asset objects reloaded before import = 0Number of asset objects unloaded after import = 2

========================================================================
Received Import Request.
  Time since last request: 0.000035 seconds.
  path: Assets/Sprites/Village/Tileset/Tileset_72.asset
  artifactKey: Guid(ce276570b59e94ebea552759ce854585) Importer(2089858483,192608db42251d675da83286b1cce702)
Start importing Assets/Sprites/Village/Tileset/Tileset_72.asset using Guid(ce276570b59e94ebea552759ce854585) Importer(2089858483,192608db42251d675da83286b1cce702) (ScriptedImporter) -> (artifact id: '085569637fdbb25a4970cbfee2186b71') in 0.003037958 seconds
Number of updated asset objects reloaded before import = 0Number of asset objects unloaded after import = 2

========================================================================
Received Import Request.
  Time since last request: 0.000048 seconds.
  path: Assets/Sprites/Village/Tileset/Tileset_44.asset
  artifactKey: Guid(1f203a292d6724bf0b5c91d1b0a8d1b5) Importer(2089858483,192608db42251d675da83286b1cce702)
Start importing Assets/Sprites/Village/Tileset/Tileset_44.asset using Guid(1f203a292d6724bf0b5c91d1b0a8d1b5) Importer(2089858483,192608db42251d675da83286b1cce702) (ScriptedImporter) -> (artifact id: '819d0af7e919e91ece41f82b1501a5aa') in 0.003079 seconds
Number of updated asset objects reloaded before import = 0Number of asset objects unloaded after import = 2

========================================================================
Received Import Request.
  Time since last request: 0.000073 seconds.
  path: Assets/Sprites/Village/Tileset/Tileset_38.asset
  artifactKey: Guid(67543f614c8374074b9a02a8f2b354f3) Importer(2089858483,192608db42251d675da83286b1cce702)
Start importing Assets/Sprites/Village/Tileset/Tileset_38.asset using Guid(67543f614c8374074b9a02a8f2b354f3) Importer(2089858483,192608db42251d675da83286b1cce702) (ScriptedImporter) -> (artifact id: '435fe5ad44fbc66743ef2ab42eae9799') in 0.003007042 seconds
Number of updated asset objects reloaded before import = 0Number of asset objects unloaded after import = 2

========================================================================
Received Import Request.
  Time since last request: 0.000032 seconds.
  path: Assets/Sprites/Village/Tileset/Tileset_25.asset
  artifactKey: Guid(84e2a1c2aa27c4717b3601521ea12ab3) Importer(2089858483,192608db42251d675da83286b1cce702)
Start importing Assets/Sprites/Village/Tileset/Tileset_25.asset using Guid(84e2a1c2aa27c4717b3601521ea12ab3) Importer(2089858483,192608db42251d675da83286b1cce702) (ScriptedImporter) -> (artifact id: '21d67bfbff61a7a1c4bfff8caee952af') in 0.002998625 seconds
Number of updated asset objects reloaded before import = 0Number of asset objects unloaded after import = 2

========================================================================
Received Import Request.
  Time since last request: 0.000033 seconds.
  path: Assets/Sprites/Village/Tileset/Tileset_58.asset
  artifactKey: Guid(f7d9ed57c4e654d4ebb99b8814af6529) Importer(2089858483,192608db42251d675da83286b1cce702)
Start importing Assets/Sprites/Village/Tileset/Tileset_58.asset using Guid(f7d9ed57c4e654d4ebb99b8814af6529) Importer(2089858483,192608db42251d675da83286b1cce702) (ScriptedImporter) -> (artifact id: 'b70215f1be9949d72845ea8726646f2a') in 0.002891083 seconds
Number of updated asset objects reloaded before import = 0Number of asset objects unloaded after import = 2

========================================================================
Received Import Request.
  Time since last request: 0.000038 seconds.
  path: Assets/Sprites/Village/Tileset/Tileset_120.asset
  artifactKey: Guid(c513584acc17247b9a733a8c77df2b3a) Importer(2089858483,192608db42251d675da83286b1cce702)
Start importing Assets/Sprites/Village/Tileset/Tileset_120.asset using Guid(c513584acc17247b9a733a8c77df2b3a) Importer(2089858483,192608db42251d675da83286b1cce702) (ScriptedImporter) -> (artifact id: 'ad089f65ce041200e10a3d732e8d9d44') in 0.002986792 seconds
Number of updated asset objects reloaded before import = 0Number of asset objects unloaded after import = 2

========================================================================
Received Import Request.
  Time since last request: 0.000036 seconds.
  path: Assets/Sprites/Village/Tileset/Tileset_76.asset
  artifactKey: Guid(412ab640869dd497ea155b18b9cc0d86) Importer(2089858483,192608db42251d675da83286b1cce702)
Start importing Assets/Sprites/Village/Tileset/Tileset_76.asset using Guid(412ab640869dd497ea155b18b9cc0d86) Importer(2089858483,192608db42251d675da83286b1cce702) (ScriptedImporter) -> (artifact id: 'f281c83d47005c90ae442e2d8ee3ace3') in 0.002952125 seconds
Number of updated asset objects reloaded before import = 0Number of asset objects unloaded after import = 2

========================================================================
Received Import Request.
  Time since last request: 0.000030 seconds.
  path: Assets/Sprites/Village/Tileset/Tileset_93.asset
  artifactKey: Guid(092470f1352a249918848b343f873845) Importer(2089858483,192608db42251d675da83286b1cce702)
Start importing Assets/Sprites/Village/Tileset/Tileset_93.asset using Guid(092470f1352a249918848b343f873845) Importer(2089858483,192608db42251d675da83286b1cce702) (ScriptedImporter) -> (artifact id: '2be89547525612282bf79c4903a59759') in 0.0029325 seconds
Number of updated asset objects reloaded before import = 0Number of asset objects unloaded after import = 2

========================================================================
Received Import Request.
  Time since last request: 0.000043 seconds.
  path: Assets/Sprites/Village/Tileset/Tileset_21.asset
  artifactKey: Guid(0a39d82b1f43c45cbabe142223d49c19) Importer(2089858483,192608db42251d675da83286b1cce702)
Start importing Assets/Sprites/Village/Tileset/Tileset_21.asset using Guid(0a39d82b1f43c45cbabe142223d49c19) Importer(2089858483,192608db42251d675da83286b1cce702) (ScriptedImporter) -> (artifact id: '62499ca6ba489d0f249be6f6b86cd28c') in 0.002675708 seconds
Number of updated asset objects reloaded before import = 0Number of asset objects unloaded after import = 2

========================================================================
Received Import Request.
  Time since last request: 0.000043 seconds.
  path: Assets/Sprites/Village/Tileset/Tileset_105.asset
  artifactKey: Guid(7296ea8c0619845eaadd3706bf03829a) Importer(2089858483,192608db42251d675da83286b1cce702)
Start importing Assets/Sprites/Village/Tileset/Tileset_105.asset using Guid(7296ea8c0619845eaadd3706bf03829a) Importer(2089858483,192608db42251d675da83286b1cce702) (ScriptedImporter) -> (artifact id: 'e9fbe83a1febb476e1c22f1c7a460c5e') in 0.002687125 seconds
Number of updated asset objects reloaded before import = 0Number of asset objects unloaded after import = 2

========================================================================
Received Import Request.
  Time since last request: 0.000034 seconds.
  path: Assets/Sprites/Village/Tileset/Main Tileset.prefab
  artifactKey: Guid(6f543102994d0455682cebe6cf3828c9) Importer(2089858483,192608db42251d675da83286b1cce702)
Start importing Assets/Sprites/Village/Tileset/Main Tileset.prefab using Guid(6f543102994d0455682cebe6cf3828c9) Importer(2089858483,192608db42251d675da83286b1cce702) (ScriptedImporter) -> (artifact id: 'c00381d04a934597520e733c0c5fa26d') in 0.010231 seconds
Number of updated asset objects reloaded before import = 0Number of asset objects unloaded after import = 10

========================================================================
Received Import Request.
  Time since last request: 0.000034 seconds.
  path: Assets/Sprites/Village/Tileset/Tileset_97.asset
  artifactKey: Guid(3d4a7af47102f42a589b205057dffe7b) Importer(2089858483,192608db42251d675da83286b1cce702)
Start importing Assets/Sprites/Village/Tileset/Tileset_97.asset using Guid(3d4a7af47102f42a589b205057dffe7b) Importer(2089858483,192608db42251d675da83286b1cce702) (ScriptedImporter) -> (artifact id: '688c74245914d18f108ebb1ee17fd44c') in 0.002779333 seconds
Number of updated asset objects reloaded before import = 0Number of asset objects unloaded after import = 2

========================================================================
Received Import Request.
  Time since last request: 0.000031 seconds.
  path: Assets/Sprites/Village/Tileset/Tileset_22.asset
  artifactKey: Guid(f99f766ea042641368c90079f7e7754a) Importer(2089858483,192608db42251d675da83286b1cce702)
Start importing Assets/Sprites/Village/Tileset/Tileset_22.asset using Guid(f99f766ea042641368c90079f7e7754a) Importer(2089858483,192608db42251d675da83286b1cce702) (ScriptedImporter) -> (artifact id: 'b398f235e895ce177a8c1a00c0004c40') in 0.002726792 seconds
Number of updated asset objects reloaded before import = 0Number of asset objects unloaded after import = 2

========================================================================
Received Import Request.
  Time since last request: 0.000031 seconds.
  path: Assets/Sprites/Village/Tileset/Tileset_47.asset
  artifactKey: Guid(6e865dc5683694f46b735d185fe61dbc) Importer(2089858483,192608db42251d675da83286b1cce702)
Start importing Assets/Sprites/Village/Tileset/Tileset_47.asset using Guid(6e865dc5683694f46b735d185fe61dbc) Importer(2089858483,192608db42251d675da83286b1cce702) (ScriptedImporter) -> (artifact id: '9cda6ac031e7a0173980a3f94848cee9') in 0.003082458 seconds
Number of updated asset objects reloaded before import = 0Number of asset objects unloaded after import = 2

========================================================================
Received Import Request.
  Time since last request: 0.000040 seconds.
  path: Assets/Sprites/Village/Tileset/Tileset_71.asset
  artifactKey: Guid(8720705e2d7e74f7e8410706b8c9f1fc) Importer(2089858483,192608db42251d675da83286b1cce702)
Start importing Assets/Sprites/Village/Tileset/Tileset_71.asset using Guid(8720705e2d7e74f7e8410706b8c9f1fc) Importer(2089858483,192608db42251d675da83286b1cce702) (ScriptedImporter) -> (artifact id: '89c8c0e68868432be8a8eb02be0e9553') in 0.002866542 seconds
Number of updated asset objects reloaded before import = 0Number of asset objects unloaded after import = 2

========================================================================
Received Import Request.
  Time since last request: 0.000035 seconds.
  path: Assets/Sprites/Village/Tileset/Tileset_7.asset
  artifactKey: Guid(e57825890c66e43fda133273b46074ac) Importer(2089858483,192608db42251d675da83286b1cce702)
Start importing Assets/Sprites/Village/Tileset/Tileset_7.asset using Guid(e57825890c66e43fda133273b46074ac) Importer(2089858483,192608db42251d675da83286b1cce702) (ScriptedImporter) -> (artifact id: 'd80fb6b382b251bb94ed6ae74457d331') in 0.003237459 seconds
Number of updated asset objects reloaded before import = 0Number of asset objects unloaded after import = 2

========================================================================
Received Import Request.
  Time since last request: 0.000041 seconds.
  path: Assets/Sprites/Village/Tileset/Tileset_85.asset
  artifactKey: Guid(8ac818d328d234ceb863f73db776043b) Importer(2089858483,192608db42251d675da83286b1cce702)
Start importing Assets/Sprites/Village/Tileset/Tileset_85.asset using Guid(8ac818d328d234ceb863f73db776043b) Importer(2089858483,192608db42251d675da83286b1cce702) (ScriptedImporter) -> (artifact id: '51cc11a673ed03cd1aadfd187fcbd06a') in 0.003140792 seconds
Number of updated asset objects reloaded before import = 0Number of asset objects unloaded after import = 2

========================================================================
Received Import Request.
  Time since last request: 0.000041 seconds.
  path: Assets/Sprites/Village/Tileset/Tileset_101.asset
  artifactKey: Guid(9ebfcf8ec0ea44e3eb09fbc9d62ae2ad) Importer(2089858483,192608db42251d675da83286b1cce702)
Start importing Assets/Sprites/Village/Tileset/Tileset_101.asset using Guid(9ebfcf8ec0ea44e3eb09fbc9d62ae2ad) Importer(2089858483,192608db42251d675da83286b1cce702) (ScriptedImporter) -> (artifact id: '17b26e87d76ddd117b9db6e206ec35d1') in 0.002983708 seconds
Number of updated asset objects reloaded before import = 0Number of asset objects unloaded after import = 2

========================================================================
Received Import Request.
  Time since last request: 0.000052 seconds.
  path: Assets/Sprites/Village/Tileset/Tileset_19.asset
  artifactKey: Guid(a3f2cedca55cf48dea3ee1c9f4514bdd) Importer(2089858483,192608db42251d675da83286b1cce702)
Start importing Assets/Sprites/Village/Tileset/Tileset_19.asset using Guid(a3f2cedca55cf48dea3ee1c9f4514bdd) Importer(2089858483,192608db42251d675da83286b1cce702) (ScriptedImporter) -> (artifact id: '543fba709e56130d7e46e5ff8cc5597f') in 0.00300225 seconds
Number of updated asset objects reloaded before import = 0Number of asset objects unloaded after import = 2

========================================================================
Received Import Request.
  Time since last request: 0.000032 seconds.
  path: Assets/Sprites/Village/Tileset/Tileset_14.asset
  artifactKey: Guid(95e167b4e1f6c4f31a481b93b692e50c) Importer(2089858483,192608db42251d675da83286b1cce702)
Start importing Assets/Sprites/Village/Tileset/Tileset_14.asset using Guid(95e167b4e1f6c4f31a481b93b692e50c) Importer(2089858483,192608db42251d675da83286b1cce702) (ScriptedImporter) -> (artifact id: 'ec4e2d4dc1f69d62b229c3b81f165269') in 0.00387775 seconds
Number of updated asset objects reloaded before import = 0Number of asset objects unloaded after import = 2

========================================================================
Received Import Request.
  Time since last request: 0.000035 seconds.
  path: Assets/Sprites/Village/Tileset/Tileset_92.asset
  artifactKey: Guid(982933591b72c4835a88ec901122abe2) Importer(2089858483,192608db42251d675da83286b1cce702)
Start importing Assets/Sprites/Village/Tileset/Tileset_92.asset using Guid(982933591b72c4835a88ec901122abe2) Importer(2089858483,192608db42251d675da83286b1cce702) (ScriptedImporter) -> (artifact id: '06b1d5237b3be9e715c1984d8539186d') in 0.002919334 seconds
Number of updated asset objects reloaded before import = 0Number of asset objects unloaded after import = 2

========================================================================
Received Import Request.
  Time since last request: 0.000040 seconds.
  path: Assets/Sprites/Village/Tileset/Tileset_99.asset
  artifactKey: Guid(e903ac42aa6504e40ac0c5757e5a4163) Importer(2089858483,192608db42251d675da83286b1cce702)
Start importing Assets/Sprites/Village/Tileset/Tileset_99.asset using Guid(e903ac42aa6504e40ac0c5757e5a4163) Importer(2089858483,192608db42251d675da83286b1cce702) (ScriptedImporter) -> (artifact id: '78ef1362df09994ba518509b2bc6d55c') in 0.00327775 seconds
Number of updated asset objects reloaded before import = 0Number of asset objects unloaded after import = 2

========================================================================
Received Import Request.
  Time since last request: 0.000039 seconds.
  path: Assets/Sprites/Village/Tileset/Tileset_59.asset
  artifactKey: Guid(db5dee37eaef34bbc8f4bf793df79c77) Importer(2089858483,192608db42251d675da83286b1cce702)
Start importing Assets/Sprites/Village/Tileset/Tileset_59.asset using Guid(db5dee37eaef34bbc8f4bf793df79c77) Importer(2089858483,192608db42251d675da83286b1cce702) (ScriptedImporter) -> (artifact id: 'dda121c8698d94cf231c1fd0ec3473ff') in 0.003008541 seconds
Number of updated asset objects reloaded before import = 0Number of asset objects unloaded after import = 2

========================================================================
Received Import Request.
  Time since last request: 0.000056 seconds.
  path: Assets/Sprites/Village/Tileset/Tileset_121.asset
  artifactKey: Guid(422e2a44758c149ff9b1f2286167fddd) Importer(2089858483,192608db42251d675da83286b1cce702)
Start importing Assets/Sprites/Village/Tileset/Tileset_121.asset using Guid(422e2a44758c149ff9b1f2286167fddd) Importer(2089858483,192608db42251d675da83286b1cce702) (ScriptedImporter) -> (artifact id: 'e68c5fce6ec7031445aad268d251e3f9') in 0.004515584 seconds
Number of updated asset objects reloaded before import = 0Number of asset objects unloaded after import = 2

========================================================================
Received Import Request.
  Time since last request: 0.000033 seconds.
  path: Assets/Sprites/Village/Tileset/Tileset_49.asset
  artifactKey: Guid(29c9bc483c7f04f59b69f4e7f1686197) Importer(2089858483,192608db42251d675da83286b1cce702)
Start importing Assets/Sprites/Village/Tileset/Tileset_49.asset using Guid(29c9bc483c7f04f59b69f4e7f1686197) Importer(2089858483,192608db42251d675da83286b1cce702) (ScriptedImporter) -> (artifact id: '93d3f70d4fc5814c5d3e91e76729ebe9') in 0.002834959 seconds
Number of updated asset objects reloaded before import = 0Number of asset objects unloaded after import = 2

========================================================================
Received Import Request.
  Time since last request: 0.000037 seconds.
  path: Assets/Sprites/Village/Tileset/Tileset_78.asset
  artifactKey: Guid(02f0343fb467e4d438ff974a3db6ca33) Importer(2089858483,192608db42251d675da83286b1cce702)
Start importing Assets/Sprites/Village/Tileset/Tileset_78.asset using Guid(02f0343fb467e4d438ff974a3db6ca33) Importer(2089858483,192608db42251d675da83286b1cce702) (ScriptedImporter) -> (artifact id: '823b9fdbdd1be19fae92df6b32bcd76a') in 0.002945667 seconds
Number of updated asset objects reloaded before import = 0Number of asset objects unloaded after import = 2

========================================================================
Received Import Request.
  Time since last request: 0.000034 seconds.
  path: Assets/Sprites/Village/Tileset/Tileset_56.asset
  artifactKey: Guid(80a782bf8a53d4b1cace38ba13a4ec75) Importer(2089858483,192608db42251d675da83286b1cce702)
Start importing Assets/Sprites/Village/Tileset/Tileset_56.asset using Guid(80a782bf8a53d4b1cace38ba13a4ec75) Importer(2089858483,192608db42251d675da83286b1cce702) (ScriptedImporter) -> (artifact id: '9a8b90149c2e8ac9b9ae66acc51fe2f2') in 0.002612958 seconds
Number of updated asset objects reloaded before import = 0Number of asset objects unloaded after import = 2

========================================================================
Received Import Request.
  Time since last request: 0.000036 seconds.
  path: Assets/Sprites/Village/Tileset/Tileset_77.asset
  artifactKey: Guid(1e5e9bee181e14d3ca5c79cf329d2959) Importer(2089858483,192608db42251d675da83286b1cce702)
Start importing Assets/Sprites/Village/Tileset/Tileset_77.asset using Guid(1e5e9bee181e14d3ca5c79cf329d2959) Importer(2089858483,192608db42251d675da83286b1cce702) (ScriptedImporter) -> (artifact id: 'a44e9daa59dc45a8e0ce7fa57d8e7323') in 0.002695583 seconds
Number of updated asset objects reloaded before import = 0Number of asset objects unloaded after import = 2

========================================================================
Received Import Request.
  Time since last request: 0.000041 seconds.
  path: Assets/Sprites/Village/Tileset/Tileset_130.asset
  artifactKey: Guid(7e4c1be6797c7455f8a4d56c9c25d258) Importer(2089858483,192608db42251d675da83286b1cce702)
Start importing Assets/Sprites/Village/Tileset/Tileset_130.asset using Guid(7e4c1be6797c7455f8a4d56c9c25d258) Importer(2089858483,192608db42251d675da83286b1cce702) (ScriptedImporter) -> (artifact id: 'f06bb9715287abbe9b3fd5bb3a26b10c') in 0.00480875 seconds
Number of updated asset objects reloaded before import = 0Number of asset objects unloaded after import = 2

========================================================================
Received Import Request.
  Time since last request: 0.000028 seconds.
  path: Assets/Sprites/Village/Tileset/Tileset_30.asset
  artifactKey: Guid(6b6224c3f6bdb4b84a2c4f4ae63aeb3a) Importer(2089858483,192608db42251d675da83286b1cce702)
Start importing Assets/Sprites/Village/Tileset/Tileset_30.asset using Guid(6b6224c3f6bdb4b84a2c4f4ae63aeb3a) Importer(2089858483,192608db42251d675da83286b1cce702) (ScriptedImporter) -> (artifact id: 'be51ae5e87b208856775f0772d38e3ae') in 0.002849167 seconds
Number of updated asset objects reloaded before import = 0Number of asset objects unloaded after import = 2

========================================================================
Received Import Request.
  Time since last request: 0.000031 seconds.
  path: Assets/Sprites/Village/Tileset/Tileset_26.asset
  artifactKey: Guid(e39ec0f8fd3774c039b35abe4734c898) Importer(2089858483,192608db42251d675da83286b1cce702)
Start importing Assets/Sprites/Village/Tileset/Tileset_26.asset using Guid(e39ec0f8fd3774c039b35abe4734c898) Importer(2089858483,192608db42251d675da83286b1cce702) (ScriptedImporter) -> (artifact id: '67d4a8fcb42aec51d5057be26fc0beb3') in 0.002939167 seconds
Number of updated asset objects reloaded before import = 0Number of asset objects unloaded after import = 2

========================================================================
Received Import Request.
  Time since last request: 0.000034 seconds.
  path: Assets/Sprites/Village/Tileset/Tileset_8.asset
  artifactKey: Guid(06541280516764384a12b5027dc286db) Importer(2089858483,192608db42251d675da83286b1cce702)
Start importing Assets/Sprites/Village/Tileset/Tileset_8.asset using Guid(06541280516764384a12b5027dc286db) Importer(2089858483,192608db42251d675da83286b1cce702) (ScriptedImporter) -> (artifact id: '6cfd53b47b25505ee6e749d0b57cd688') in 0.0029095 seconds
Number of updated asset objects reloaded before import = 0Number of asset objects unloaded after import = 2

========================================================================
Received Import Request.
  Time since last request: 0.000037 seconds.
  path: Assets/Sprites/Village/Tileset/Tileset_3.asset
  artifactKey: Guid(d033431d2023a4637abefdcba10fcd88) Importer(2089858483,192608db42251d675da83286b1cce702)
Start importing Assets/Sprites/Village/Tileset/Tileset_3.asset using Guid(d033431d2023a4637abefdcba10fcd88) Importer(2089858483,192608db42251d675da83286b1cce702) (ScriptedImporter) -> (artifact id: '46be54c098c38925c3f82bb4bde4dd1b') in 0.002765833 seconds
Number of updated asset objects reloaded before import = 0Number of asset objects unloaded after import = 2

========================================================================
Received Import Request.
  Time since last request: 0.000100 seconds.
  path: Assets/Sprites/Village/Tileset/Tileset_127.asset
  artifactKey: Guid(377b1efbaf7fc43e1ad58e1a1c7278be) Importer(2089858483,192608db42251d675da83286b1cce702)
Start importing Assets/Sprites/Village/Tileset/Tileset_127.asset using Guid(377b1efbaf7fc43e1ad58e1a1c7278be) Importer(2089858483,192608db42251d675da83286b1cce702) (ScriptedImporter) -> (artifact id: '0a3b8d892e35b86dc2ef75838c9dc78c') in 0.003204917 seconds
Number of updated asset objects reloaded before import = 0Number of asset objects unloaded after import = 2

========================================================================
Received Import Request.
  Time since last request: 0.000053 seconds.
  path: Assets/Sprites/Village/Tileset/Tileset_94.asset
  artifactKey: Guid(d43e25b59233c4ee0899f36b3d314104) Importer(2089858483,192608db42251d675da83286b1cce702)
Start importing Assets/Sprites/Village/Tileset/Tileset_94.asset using Guid(d43e25b59233c4ee0899f36b3d314104) Importer(2089858483,192608db42251d675da83286b1cce702) (ScriptedImporter) -> (artifact id: '21e00a31184a64d0b8260be0a6f16f40') in 0.003403541 seconds
Number of updated asset objects reloaded before import = 0Number of asset objects unloaded after import = 2

========================================================================
Received Prepare
Begin MonoManager ReloadAssembly
[Licensing::Client] Successfully resolved entitlement details
Thread 0x2b7857000 may have been prematurely finalized
- Loaded All Assemblies, in  0.457 seconds
Refreshing native plugins compatible for Editor in 0.41 ms, found 3 plugins.
Native extension for WindowsStandalone target not found
Native extension for OSXStandalone target not found
[Package Manager] Failed to launch server process. Reason: Unity was launched with the -noUpm command-line argument
[Package Manager] Unable to send message (not connected to server process).
[Package Manager] Cannot connect to Unity Package Manager local server
Mono: successfully reloaded assembly
- Finished resetting the current domain, in  0.499 seconds
Domain Reload Profiling: 958ms
	BeginReloadAssembly (150ms)
		ExecutionOrderSort (0ms)
		DisableScriptedObjects (11ms)
		BackupInstance (0ms)
		ReleaseScriptingObjects (0ms)
		CreateAndSetChildDomain (68ms)
	RebuildCommonClasses (23ms)
	RebuildNativeTypeToScriptingClass (9ms)
	initialDomainReloadingComplete (13ms)
	LoadAllAssembliesAndSetupDomain (265ms)
		LoadAssemblies (160ms)
		RebuildTransferFunctionScriptingTraits (0ms)
		AnalyzeDomain (133ms)
			TypeCache.Refresh (7ms)
				TypeCache.ScanAssembly (0ms)
			BuildScriptInfoCaches (116ms)
			ResolveRequiredComponents (7ms)
	FinalizeReload (500ms)
		ReleaseScriptCaches (0ms)
		RebuildScriptCaches (0ms)
		SetupLoadedEditorAssemblies (418ms)
			LogAssemblyErrors (0ms)
			InitializePlatformSupportModulesInManaged (1ms)
			SetLoadedEditorAssemblies (4ms)
			BeforeProcessingInitializeOnLoad (86ms)
			ProcessInitializeOnLoadAttributes (293ms)
			ProcessInitializeOnLoadMethodAttributes (34ms)
			AfterProcessingInitializeOnLoad (1ms)
			EditorAssembliesLoaded (0ms)
		ExecutionOrderSort2 (0ms)
		AwakeInstancesAfterBackupRestoration (7ms)
WARNING: Shader Unsupported: 'Universal Render Pipeline/VR/SpatialMapping/Wireframe' - All subshaders removed
WARNING: Shader Did you use #pragma only_renderers and omit this platform?
WARNING: Shader If subshaders removal was intentional, you may have forgotten turning Fallback off?
WARNING: Shader Unsupported: 'Universal Render Pipeline/VR/SpatialMapping/Wireframe' - All subshaders removed
WARNING: Shader Did you use #pragma only_renderers and omit this platform?
WARNING: Shader If subshaders removal was intentional, you may have forgotten turning Fallback off?
Refreshing native plugins compatible for Editor in 0.55 ms, found 3 plugins.
Preloading 0 native plugins for Editor in 0.00 ms.
Unloading 15 Unused Serialized files (Serialized files now loaded: 0)
Unloading 6882 unused Assets / (3.7 MB). Loaded Objects now: 7618.
Memory consumption went from 161.7 MB to 157.9 MB.
Total: 6.589625 ms (FindLiveObjects: 0.399875 ms CreateObjectMapping: 0.163750 ms MarkObjects: 4.658250 ms  DeleteObjects: 1.367375 ms)

Prepare: number of updated asset objects reloaded= 0
========================================================================
Received Prepare
Begin MonoManager ReloadAssembly
[Licensing::Client] Successfully resolved entitlement details
Thread 0x16d9c7000 may have been prematurely finalized
- Loaded All Assemblies, in  0.392 seconds
Refreshing native plugins compatible for Editor in 0.39 ms, found 3 plugins.
Native extension for WindowsStandalone target not found
Native extension for OSXStandalone target not found
[Package Manager] Failed to launch server process. Reason: Unity was launched with the -noUpm command-line argument
[Package Manager] Unable to send message (not connected to server process).
[Package Manager] Cannot connect to Unity Package Manager local server
Mono: successfully reloaded assembly
- Finished resetting the current domain, in  0.502 seconds
Domain Reload Profiling: 896ms
	BeginReloadAssembly (107ms)
		ExecutionOrderSort (0ms)
		DisableScriptedObjects (7ms)
		BackupInstance (0ms)
		ReleaseScriptingObjects (0ms)
		CreateAndSetChildDomain (42ms)
	RebuildCommonClasses (23ms)
	RebuildNativeTypeToScriptingClass (9ms)
	initialDomainReloadingComplete (12ms)
	LoadAllAssembliesAndSetupDomain (245ms)
		LoadAssemblies (152ms)
		RebuildTransferFunctionScriptingTraits (0ms)
		AnalyzeDomain (116ms)
			TypeCache.Refresh (5ms)
				TypeCache.ScanAssembly (0ms)
			BuildScriptInfoCaches (102ms)
			ResolveRequiredComponents (7ms)
	FinalizeReload (502ms)
		ReleaseScriptCaches (0ms)
		RebuildScriptCaches (0ms)
		SetupLoadedEditorAssemblies (418ms)
			LogAssemblyErrors (0ms)
			InitializePlatformSupportModulesInManaged (1ms)
			SetLoadedEditorAssemblies (2ms)
			BeforeProcessingInitializeOnLoad (85ms)
			ProcessInitializeOnLoadAttributes (295ms)
			ProcessInitializeOnLoadMethodAttributes (33ms)
			AfterProcessingInitializeOnLoad (1ms)
			EditorAssembliesLoaded (0ms)
		ExecutionOrderSort2 (0ms)
		AwakeInstancesAfterBackupRestoration (7ms)
WARNING: Shader Unsupported: 'Universal Render Pipeline/VR/SpatialMapping/Wireframe' - All subshaders removed
WARNING: Shader Did you use #pragma only_renderers and omit this platform?
WARNING: Shader If subshaders removal was intentional, you may have forgotten turning Fallback off?
WARNING: Shader Unsupported: 'Universal Render Pipeline/VR/SpatialMapping/Wireframe' - All subshaders removed
WARNING: Shader Did you use #pragma only_renderers and omit this platform?
WARNING: Shader If subshaders removal was intentional, you may have forgotten turning Fallback off?
Refreshing native plugins compatible for Editor in 0.52 ms, found 3 plugins.
Preloading 0 native plugins for Editor in 0.00 ms.
Unloading 15 Unused Serialized files (Serialized files now loaded: 0)
Unloading 6882 unused Assets / (4.1 MB). Loaded Objects now: 7620.
Memory consumption went from 154.9 MB to 150.8 MB.
Total: 6.429625 ms (FindLiveObjects: 0.353875 ms CreateObjectMapping: 0.150459 ms MarkObjects: 4.564041 ms  DeleteObjects: 1.361042 ms)

Prepare: number of updated asset objects reloaded= 0
========================================================================
Received Prepare
Begin MonoManager ReloadAssembly
Thread 0x16d9c7000 may have been prematurely finalized
- Loaded All Assemblies, in  0.392 seconds
Refreshing native plugins compatible for Editor in 0.38 ms, found 3 plugins.
Native extension for WindowsStandalone target not found
Native extension for OSXStandalone target not found
[Package Manager] Failed to launch server process. Reason: Unity was launched with the -noUpm command-line argument
[Package Manager] Unable to send message (not connected to server process).
[Package Manager] Cannot connect to Unity Package Manager local server
Mono: successfully reloaded assembly
- Finished resetting the current domain, in  0.485 seconds
Domain Reload Profiling: 879ms
	BeginReloadAssembly (108ms)
		ExecutionOrderSort (0ms)
		DisableScriptedObjects (7ms)
		BackupInstance (0ms)
		ReleaseScriptingObjects (0ms)
		CreateAndSetChildDomain (43ms)
	RebuildCommonClasses (23ms)
	RebuildNativeTypeToScriptingClass (9ms)
	initialDomainReloadingComplete (11ms)
	LoadAllAssembliesAndSetupDomain (243ms)
		LoadAssemblies (150ms)
		RebuildTransferFunctionScriptingTraits (0ms)
		AnalyzeDomain (115ms)
			TypeCache.Refresh (5ms)
				TypeCache.ScanAssembly (0ms)
			BuildScriptInfoCaches (102ms)
			ResolveRequiredComponents (7ms)
	FinalizeReload (485ms)
		ReleaseScriptCaches (0ms)
		RebuildScriptCaches (0ms)
		SetupLoadedEditorAssemblies (400ms)
			LogAssemblyErrors (0ms)
			InitializePlatformSupportModulesInManaged (1ms)
			SetLoadedEditorAssemblies (2ms)
			BeforeProcessingInitializeOnLoad (84ms)
			ProcessInitializeOnLoadAttributes (280ms)
			ProcessInitializeOnLoadMethodAttributes (31ms)
			AfterProcessingInitializeOnLoad (1ms)
			EditorAssembliesLoaded (0ms)
		ExecutionOrderSort2 (0ms)
		AwakeInstancesAfterBackupRestoration (6ms)
WARNING: Shader Unsupported: 'Universal Render Pipeline/VR/SpatialMapping/Wireframe' - All subshaders removed
WARNING: Shader Did you use #pragma only_renderers and omit this platform?
WARNING: Shader If subshaders removal was intentional, you may have forgotten turning Fallback off?
WARNING: Shader Unsupported: 'Universal Render Pipeline/VR/SpatialMapping/Wireframe' - All subshaders removed
WARNING: Shader Did you use #pragma only_renderers and omit this platform?
WARNING: Shader If subshaders removal was intentional, you may have forgotten turning Fallback off?
Refreshing native plugins compatible for Editor in 0.54 ms, found 3 plugins.
Preloading 0 native plugins for Editor in 0.00 ms.
Unloading 15 Unused Serialized files (Serialized files now loaded: 0)
Unloading 6882 unused Assets / (3.9 MB). Loaded Objects now: 7622.
Memory consumption went from 154.9 MB to 151.0 MB.
Total: 6.243084 ms (FindLiveObjects: 0.363750 ms CreateObjectMapping: 0.145084 ms MarkObjects: 4.476375 ms  DeleteObjects: 1.257667 ms)

Prepare: number of updated asset objects reloaded= 0
========================================================================
Received Prepare
Begin MonoManager ReloadAssembly
[Licensing::Client] Successfully resolved entitlement details
Thread 0x16d473000 may have been prematurely finalized
- Loaded All Assemblies, in  0.411 seconds
Refreshing native plugins compatible for Editor in 0.38 ms, found 3 plugins.
Native extension for WindowsStandalone target not found
Native extension for OSXStandalone target not found
[Package Manager] Failed to launch server process. Reason: Unity was launched with the -noUpm command-line argument
[Package Manager] Unable to send message (not connected to server process).
[Package Manager] Cannot connect to Unity Package Manager local server
Mono: successfully reloaded assembly
- Finished resetting the current domain, in  0.486 seconds
Domain Reload Profiling: 899ms
	BeginReloadAssembly (108ms)
		ExecutionOrderSort (0ms)
		DisableScriptedObjects (7ms)
		BackupInstance (0ms)
		ReleaseScriptingObjects (0ms)
		CreateAndSetChildDomain (43ms)
	RebuildCommonClasses (23ms)
	RebuildNativeTypeToScriptingClass (8ms)
	initialDomainReloadingComplete (12ms)
	LoadAllAssembliesAndSetupDomain (261ms)
		LoadAssemblies (166ms)
		RebuildTransferFunctionScriptingTraits (0ms)
		AnalyzeDomain (118ms)
			TypeCache.Refresh (7ms)
				TypeCache.ScanAssembly (0ms)
			BuildScriptInfoCaches (103ms)
			ResolveRequiredComponents (7ms)
	FinalizeReload (486ms)
		ReleaseScriptCaches (0ms)
		RebuildScriptCaches (0ms)
		SetupLoadedEditorAssemblies (403ms)
			LogAssemblyErrors (0ms)
			InitializePlatformSupportModulesInManaged (1ms)
			SetLoadedEditorAssemblies (2ms)
			BeforeProcessingInitializeOnLoad (85ms)
			ProcessInitializeOnLoadAttributes (278ms)
			ProcessInitializeOnLoadMethodAttributes (35ms)
			AfterProcessingInitializeOnLoad (1ms)
			EditorAssembliesLoaded (0ms)
		ExecutionOrderSort2 (0ms)
		AwakeInstancesAfterBackupRestoration (7ms)
WARNING: Shader Unsupported: 'Universal Render Pipeline/VR/SpatialMapping/Wireframe' - All subshaders removed
WARNING: Shader Did you use #pragma only_renderers and omit this platform?
WARNING: Shader If subshaders removal was intentional, you may have forgotten turning Fallback off?
WARNING: Shader Unsupported: 'Universal Render Pipeline/VR/SpatialMapping/Wireframe' - All subshaders removed
WARNING: Shader Did you use #pragma only_renderers and omit this platform?
WARNING: Shader If subshaders removal was intentional, you may have forgotten turning Fallback off?
Refreshing native plugins compatible for Editor in 0.52 ms, found 3 plugins.
Preloading 0 native plugins for Editor in 0.00 ms.
Unloading 15 Unused Serialized files (Serialized files now loaded: 0)
Unloading 6882 unused Assets / (3.9 MB). Loaded Objects now: 7624.
Memory consumption went from 155.0 MB to 151.1 MB.
Total: 6.148625 ms (FindLiveObjects: 0.348333 ms CreateObjectMapping: 0.147750 ms MarkObjects: 4.371958 ms  DeleteObjects: 1.279916 ms)

Prepare: number of updated asset objects reloaded= 0
========================================================================
Received Prepare
Begin MonoManager ReloadAssembly
[Licensing::Client] Successfully resolved entitlement details
Thread 0x16d473000 may have been prematurely finalized
- Loaded All Assemblies, in  0.407 seconds
Refreshing native plugins compatible for Editor in 0.41 ms, found 3 plugins.
Native extension for WindowsStandalone target not found
Native extension for OSXStandalone target not found
[Package Manager] Failed to launch server process. Reason: Unity was launched with the -noUpm command-line argument
[Package Manager] Unable to send message (not connected to server process).
[Package Manager] Cannot connect to Unity Package Manager local server
Mono: successfully reloaded assembly
- Finished resetting the current domain, in  0.489 seconds
Domain Reload Profiling: 898ms
	BeginReloadAssembly (107ms)
		ExecutionOrderSort (0ms)
		DisableScriptedObjects (7ms)
		BackupInstance (0ms)
		ReleaseScriptingObjects (0ms)
		CreateAndSetChildDomain (41ms)
	RebuildCommonClasses (24ms)
	RebuildNativeTypeToScriptingClass (9ms)
	initialDomainReloadingComplete (12ms)
	LoadAllAssembliesAndSetupDomain (257ms)
		LoadAssemblies (162ms)
		RebuildTransferFunctionScriptingTraits (0ms)
		AnalyzeDomain (119ms)
			TypeCache.Refresh (8ms)
				TypeCache.ScanAssembly (0ms)
			BuildScriptInfoCaches (103ms)
			ResolveRequiredComponents (7ms)
	FinalizeReload (489ms)
		ReleaseScriptCaches (0ms)
		RebuildScriptCaches (0ms)
		SetupLoadedEditorAssemblies (408ms)
			LogAssemblyErrors (0ms)
			InitializePlatformSupportModulesInManaged (1ms)
			SetLoadedEditorAssemblies (2ms)
			BeforeProcessingInitializeOnLoad (86ms)
			ProcessInitializeOnLoadAttributes (285ms)
			ProcessInitializeOnLoadMethodAttributes (34ms)
			AfterProcessingInitializeOnLoad (0ms)
			EditorAssembliesLoaded (0ms)
		ExecutionOrderSort2 (0ms)
		AwakeInstancesAfterBackupRestoration (6ms)
WARNING: Shader Unsupported: 'Universal Render Pipeline/VR/SpatialMapping/Wireframe' - All subshaders removed
WARNING: Shader Did you use #pragma only_renderers and omit this platform?
WARNING: Shader If subshaders removal was intentional, you may have forgotten turning Fallback off?
WARNING: Shader Unsupported: 'Universal Render Pipeline/VR/SpatialMapping/Wireframe' - All subshaders removed
WARNING: Shader Did you use #pragma only_renderers and omit this platform?
WARNING: Shader If subshaders removal was intentional, you may have forgotten turning Fallback off?
Refreshing native plugins compatible for Editor in 0.54 ms, found 3 plugins.
Preloading 0 native plugins for Editor in 0.00 ms.
Unloading 15 Unused Serialized files (Serialized files now loaded: 0)
Unloading 6882 unused Assets / (3.8 MB). Loaded Objects now: 7626.
Memory consumption went from 155.1 MB to 151.3 MB.
Total: 6.162250 ms (FindLiveObjects: 0.350083 ms CreateObjectMapping: 0.134042 ms MarkObjects: 4.409834 ms  DeleteObjects: 1.267625 ms)

Prepare: number of updated asset objects reloaded= 0
========================================================================
Received Prepare
Begin MonoManager ReloadAssembly
[Licensing::Client] Successfully resolved entitlement details
Thread 0x16d473000 may have been prematurely finalized
- Loaded All Assemblies, in  0.498 seconds
Refreshing native plugins compatible for Editor in 0.39 ms, found 3 plugins.
Native extension for WindowsStandalone target not found
Native extension for OSXStandalone target not found
[Package Manager] Failed to launch server process. Reason: Unity was launched with the -noUpm command-line argument
[Package Manager] Unable to send message (not connected to server process).
[Package Manager] Cannot connect to Unity Package Manager local server
Mono: successfully reloaded assembly
- Finished resetting the current domain, in  0.519 seconds
Domain Reload Profiling: 1020ms
	BeginReloadAssembly (135ms)
		ExecutionOrderSort (0ms)
		DisableScriptedObjects (12ms)
		BackupInstance (0ms)
		ReleaseScriptingObjects (0ms)
		CreateAndSetChildDomain (55ms)
	RebuildCommonClasses (24ms)
	RebuildNativeTypeToScriptingClass (9ms)
	initialDomainReloadingComplete (13ms)
	LoadAllAssembliesAndSetupDomain (319ms)
		LoadAssemblies (211ms)
		RebuildTransferFunctionScriptingTraits (0ms)
		AnalyzeDomain (136ms)
			TypeCache.Refresh (8ms)
				TypeCache.ScanAssembly (0ms)
			BuildScriptInfoCaches (119ms)
			ResolveRequiredComponents (7ms)
	FinalizeReload (519ms)
		ReleaseScriptCaches (0ms)
		RebuildScriptCaches (0ms)
		SetupLoadedEditorAssemblies (425ms)
			LogAssemblyErrors (0ms)
			InitializePlatformSupportModulesInManaged (1ms)
			SetLoadedEditorAssemblies (2ms)
			BeforeProcessingInitializeOnLoad (88ms)
			ProcessInitializeOnLoadAttributes (298ms)
			ProcessInitializeOnLoadMethodAttributes (35ms)
			AfterProcessingInitializeOnLoad (1ms)
			EditorAssembliesLoaded (0ms)
		ExecutionOrderSort2 (0ms)
		AwakeInstancesAfterBackupRestoration (8ms)
WARNING: Shader Unsupported: 'Universal Render Pipeline/VR/SpatialMapping/Wireframe' - All subshaders removed
WARNING: Shader Did you use #pragma only_renderers and omit this platform?
WARNING: Shader If subshaders removal was intentional, you may have forgotten turning Fallback off?
WARNING: Shader Unsupported: 'Universal Render Pipeline/VR/SpatialMapping/Wireframe' - All subshaders removed
WARNING: Shader Did you use #pragma only_renderers and omit this platform?
WARNING: Shader If subshaders removal was intentional, you may have forgotten turning Fallback off?
Refreshing native plugins compatible for Editor in 0.48 ms, found 3 plugins.
Preloading 0 native plugins for Editor in 0.00 ms.
Unloading 15 Unused Serialized files (Serialized files now loaded: 0)
Unloading 6882 unused Assets / (3.8 MB). Loaded Objects now: 7628.
Memory consumption went from 155.1 MB to 151.2 MB.
Total: 6.451291 ms (FindLiveObjects: 0.414916 ms CreateObjectMapping: 0.150959 ms MarkObjects: 4.521875 ms  DeleteObjects: 1.363292 ms)

Prepare: number of updated asset objects reloaded= 0
========================================================================
Received Prepare
Begin MonoManager ReloadAssembly
[Licensing::Client] Successfully resolved entitlement details
Thread 0x16d473000 may have been prematurely finalized
- Loaded All Assemblies, in  0.459 seconds
Refreshing native plugins compatible for Editor in 0.32 ms, found 3 plugins.
Native extension for WindowsStandalone target not found
Native extension for OSXStandalone target not found
[Package Manager] Failed to launch server process. Reason: Unity was launched with the -noUpm command-line argument
[Package Manager] Unable to send message (not connected to server process).
[Package Manager] Cannot connect to Unity Package Manager local server
Mono: successfully reloaded assembly
- Finished resetting the current domain, in  0.516 seconds
Domain Reload Profiling: 978ms
	BeginReloadAssembly (134ms)
		ExecutionOrderSort (0ms)
		DisableScriptedObjects (10ms)
		BackupInstance (0ms)
		ReleaseScriptingObjects (0ms)
		CreateAndSetChildDomain (57ms)
	RebuildCommonClasses (24ms)
	RebuildNativeTypeToScriptingClass (9ms)
	initialDomainReloadingComplete (12ms)
	LoadAllAssembliesAndSetupDomain (283ms)
		LoadAssemblies (163ms)
		RebuildTransferFunctionScriptingTraits (0ms)
		AnalyzeDomain (146ms)
			TypeCache.Refresh (10ms)
				TypeCache.ScanAssembly (0ms)
			BuildScriptInfoCaches (117ms)
			ResolveRequiredComponents (8ms)
	FinalizeReload (517ms)
		ReleaseScriptCaches (0ms)
		RebuildScriptCaches (0ms)
		SetupLoadedEditorAssemblies (428ms)
			LogAssemblyErrors (0ms)
			InitializePlatformSupportModulesInManaged (1ms)
			SetLoadedEditorAssemblies (3ms)
			BeforeProcessingInitializeOnLoad (90ms)
			ProcessInitializeOnLoadAttributes (301ms)
			ProcessInitializeOnLoadMethodAttributes (33ms)
			AfterProcessingInitializeOnLoad (1ms)
			EditorAssembliesLoaded (0ms)
		ExecutionOrderSort2 (0ms)
		AwakeInstancesAfterBackupRestoration (7ms)
WARNING: Shader Unsupported: 'Universal Render Pipeline/VR/SpatialMapping/Wireframe' - All subshaders removed
WARNING: Shader Did you use #pragma only_renderers and omit this platform?
WARNING: Shader If subshaders removal was intentional, you may have forgotten turning Fallback off?
WARNING: Shader Unsupported: 'Universal Render Pipeline/VR/SpatialMapping/Wireframe' - All subshaders removed
WARNING: Shader Did you use #pragma only_renderers and omit this platform?
WARNING: Shader If subshaders removal was intentional, you may have forgotten turning Fallback off?
Refreshing native plugins compatible for Editor in 0.53 ms, found 3 plugins.
Preloading 0 native plugins for Editor in 0.00 ms.
Unloading 15 Unused Serialized files (Serialized files now loaded: 0)
Unloading 6882 unused Assets / (3.9 MB). Loaded Objects now: 7630.
Memory consumption went from 155.1 MB to 151.2 MB.
Total: 6.566042 ms (FindLiveObjects: 0.363083 ms CreateObjectMapping: 0.161417 ms MarkObjects: 4.628583 ms  DeleteObjects: 1.412041 ms)

Prepare: number of updated asset objects reloaded= 0
========================================================================
Received Import Request.
  Time since last request: 39946.230656 seconds.
  path: Assets/Sprites/Mobs/Slime/AnimSlime.overrideController
  artifactKey: Guid(b296801833ca740b98161f9de7f27ce8) Importer(2089858483,192608db42251d675da83286b1cce702)
Start importing Assets/Sprites/Mobs/Slime/AnimSlime.overrideController using Guid(b296801833ca740b98161f9de7f27ce8) Importer(2089858483,192608db42251d675da83286b1cce702) (ScriptedImporter) -> (artifact id: '36d34152e8cac471601504ed756be548') in 0.097961209 seconds
Number of updated asset objects reloaded before import = 0Number of asset objects unloaded after import = 29

========================================================================
Received Import Request.
  Time since last request: 0.000082 seconds.
  path: Assets/Data/Mobs/Layer1/Mob_BlueSlime.asset
  artifactKey: Guid(8650017daf20643aa9fd763a2add210d) Importer(2089858483,192608db42251d675da83286b1cce702)
Start importing Assets/Data/Mobs/Layer1/Mob_BlueSlime.asset using Guid(8650017daf20643aa9fd763a2add210d) Importer(2089858483,192608db42251d675da83286b1cce702) (ScriptedImporter) -> (artifact id: '30212431102098b8f55ac8435723afaf') in 0.033224 seconds
Number of updated asset objects reloaded before import = 0Number of asset objects unloaded after import = 57

========================================================================
Received Import Request.
  Time since last request: 0.000033 seconds.
  path: Assets/Data/Mobs/Layer1/Mob_Deer.asset
  artifactKey: Guid(eeaca94e41d444fe692a2d7098939cf1) Importer(2089858483,192608db42251d675da83286b1cce702)
Start importing Assets/Data/Mobs/Layer1/Mob_Deer.asset using Guid(eeaca94e41d444fe692a2d7098939cf1) Importer(2089858483,192608db42251d675da83286b1cce702) (ScriptedImporter) -> (artifact id: 'ab345225939de213c4b96f2ddfe9b1b7') in 0.007196166 seconds
Number of updated asset objects reloaded before import = 0Number of asset objects unloaded after import = 58

Editor requested this worker to shutdown with reason: Scaling down because of idle timeout
AssetImportWorker is now disconnected from the server
Process exiting
