Unity Editor version:    6000.2.6f2 (4a4dcaec6541)
Branch:                  6000.2/respin/6000.2.6f2-cc51a95c03
Build type:              Release
Batch mode:              YES
macOS version:           Version 14.1 (Build 23B2073)
Darwin version:          23.1.0
Architecture:            arm64
Running under Rosetta:   NO
Available memory:        36864 MB
Date:                    2026-02-09T03:27:14Z
[Licensing::Module] Trying to connect to existing licensing client channel...
[Licensing::IpcConnector] Successfully connected to: "LicenseClient-jiooqAcu6Nz-74HJ4C5nv" at "2026-02-09T03:27:14.802257Z"

COMMAND LINE ARGUMENTS:
/Applications/Unity/Hub/Editor/6000.2.6f2/Unity.app/Contents/MacOS/Unity
-adb2
-batchMode
-noUpm
-name
AssetImportWorker12
-projectPath
/Users/tuan/Documents/Game/Idle Merchant Guild/Idle Merchant Guild
-logFile
Logs/AssetImportWorker12.log
-srvPort
59015
-licensingIpc
LicenseClient-jiooqAcu6Nz-74HJ4C5nv
-job-worker-count
5
-background-job-worker-count
8
-gc-helper-count
1
-name AssetImport
Successfully changed project path to: /Users/tuan/Documents/Game/Idle Merchant Guild/Idle Merchant Guild
/Users/tuan/Documents/Game/Idle Merchant Guild/Idle Merchant Guild
[UnityMemory] Configuration Parameters - Can be set up in boot.config
    "memorysetup-allocator-temp-initial-block-size-main=262144"
    "memorysetup-allocator-temp-initial-block-size-worker=262144"
    "memorysetup-bucket-allocator-granularity=16"
    "memorysetup-bucket-allocator-bucket-count=8"
    "memorysetup-bucket-allocator-block-size=33554432"
    "memorysetup-bucket-allocator-block-count=8"
    "memorysetup-main-allocator-block-size=16777216"
    "memorysetup-thread-allocator-block-size=16777216"
    "memorysetup-gfx-main-allocator-block-size=16777216"
    "memorysetup-gfx-thread-allocator-block-size=16777216"
    "memorysetup-cache-allocator-block-size=4194304"
    "memorysetup-typetree-allocator-block-size=2097152"
    "memorysetup-profiler-bucket-allocator-granularity=16"
    "memorysetup-profiler-bucket-allocator-bucket-count=8"
    "memorysetup-profiler-bucket-allocator-block-size=33554432"
    "memorysetup-profiler-bucket-allocator-block-count=8"
    "memorysetup-profiler-allocator-block-size=16777216"
    "memorysetup-profiler-editor-allocator-block-size=1048576"
    "memorysetup-temp-allocator-size-main=16777216"
    "memorysetup-job-temp-allocator-block-size=2097152"
    "memorysetup-job-temp-allocator-block-size-background=1048576"
    "memorysetup-job-temp-allocator-reduction-small-platforms=262144"
    "memorysetup-temp-allocator-size-background-worker=32768"
    "memorysetup-temp-allocator-size-job-worker=262144"
    "memorysetup-temp-allocator-size-preload-manager=33554432"
    "memorysetup-temp-allocator-size-nav-mesh-worker=65536"
    "memorysetup-temp-allocator-size-audio-worker=65536"
    "memorysetup-temp-allocator-size-cloud-worker=32768"
    "memorysetup-temp-allocator-size-gi-baking-worker=262144"
    "memorysetup-temp-allocator-size-gi-baking-worker=262144"
    "memorysetup-temp-allocator-size-gi-baking-worker=262144"
    "memorysetup-temp-allocator-size-gi-baking-worker=262144"
    "memorysetup-temp-allocator-size-gi-baking-worker=262144"
    "memorysetup-temp-allocator-size-gfx=262144"
Player connection [7957159616]  Target information:

Player connection [7957159616]  * "[IP] 192.168.1.174 [Port] 0 [Flags] 2 [Guid] 2720385207 [EditorId] 2720385207 [Version] 1048832 [Id] OSXEditor(0,tuan-macbookpro.internal.alliancesoftware.com.au) [Debug] 1 [PackageName] OSXEditor [ProjectName] Editor" 

Player connection [7957159616]  * "[IP] 172.16.128.83 [Port] 0 [Flags] 2 [Guid] 2720385207 [EditorId] 2720385207 [Version] 1048832 [Id] OSXEditor(0,tuan-macbookpro.internal.alliancesoftware.com.au) [Debug] 1 [PackageName] OSXEditor [ProjectName] Editor" 

Player connection [7957159616] Host joined multi-casting on [225.0.0.222:54997]...
Player connection [7957159616] Host joined alternative multi-casting on [225.0.0.222:34997]...
JobSystem: Creating JobQueue using job-worker-count value 5
Input System module state changed to: Initialized.
[Physics::Module] Initialized fallback backend.
[Physics::Module] Id: 0xdecafbad
Library Redirect Path: Library/
[Physics::Module] Selected backend.
[Physics::Module] Name: PhysX
[Physics::Module] Id: 0xf2b8ea05
[Physics::Module] SDK Version: 4.1.2
[Physics::Module] Integration Version: 1.0.0
[Physics::Module] Threading Mode: Multi-Threaded
Refreshing native plugins compatible for Editor in 3.44 ms, found 3 plugins.
Preloading 0 native plugins for Editor in 0.00 ms.
Initialize engine version: 6000.2.6f2 (4a4dcaec6541)
[Subsystems] Discovering subsystems at path /Applications/Unity/Hub/Editor/6000.2.6f2/Unity.app/Contents/Resources/UnitySubsystems
[Subsystems] Discovering subsystems at path /Users/tuan/Documents/Game/Idle Merchant Guild/Idle Merchant Guild/Assets
GfxDevice: creating device client; kGfxThreadingModeNonThreaded
 preferred device: Apple M3 Pro (high power)
Metal devices available: 1
0: Apple M3 Pro (high power)
Using device Apple M3 Pro (high power)
Initializing Metal device caps: Apple M3 Pro
Mac GPU Family: 2
Apple GPU Family: 9
MSL Version: 3.0
Has Float MSAA: 1
Has Float Filtering: 1
ReadWrite Texture Tier: 2
Initialize mono
Mono path[0] = '/Applications/Unity/Hub/Editor/6000.2.6f2/Unity.app/Contents/Managed'
Mono path[1] = '/Applications/Unity/Hub/Editor/6000.2.6f2/Unity.app/Contents/MonoBleedingEdge/lib/mono/unityjit-macos'
Mono config path = '/Applications/Unity/Hub/Editor/6000.2.6f2/Unity.app/Contents/MonoBleedingEdge/etc'
Using monoOptions --debugger-agent=transport=dt_socket,embedding=1,server=y,suspend=n,address=127.0.0.1:56119
Begin MonoManager ReloadAssembly
[Licensing::Client] Code 10 while verifying Licensing Client signature (process Id: 3674, path: "/Applications/Unity Hub.app/Contents/Frameworks/UnityLicensingClient_V1.app/Contents/MacOS/Unity.Licensing.Client")
[Licensing::Module] LicensingClient has failed validation; ignoring
[Licensing::Client] Handshaking with LicensingClient:
  Version:                 1.17.4+4293ba1
  Session Id:              bd47b315ef2848dba411b909eef962d4
  Correlation Id:          39a4a07bf70fb1c08317681dee785bef
  External correlation Id: 1512519375213202819
  Machine Id:              r03sfJLGi3ZcU2lmeRaNq5BVOsU=
[Licensing::Module] Successfully connected to LicensingClient on channel: "LicenseClient-jiooqAcu6Nz-74HJ4C5nv" (connect: 0.00s, validation: 0.00s, handshake: 0.45s)
[Licensing::IpcConnector] Successfully connected to: "LicenseClient-jiooqAcu6Nz-74HJ4C5nv-notifications" at "2026-02-09T03:27:15.251837Z"
[Licensing::Module] Licensing Background thread has ended after 0.45s
Registering precompiled unity dll's ...
Register platform support module: /Applications/Unity/Hub/Editor/6000.2.6f2/Unity.app/Contents/PlaybackEngines/MacStandaloneSupport/UnityEditor.OSXStandalone.Extensions.dll
Register platform support module: /Applications/Unity/Hub/Editor/6000.2.6f2/PlaybackEngines/WindowsStandaloneSupport/UnityEditor.WindowsStandalone.Extensions.dll
Registered in 0.000317 seconds.
- Loaded All Assemblies, in  0.295 seconds
Native extension for WindowsStandalone target not found
Native extension for OSXStandalone target not found
Mono: successfully reloaded assembly
- Finished resetting the current domain, in  0.229 seconds
Domain Reload Profiling: 524ms
	BeginReloadAssembly (114ms)
		ExecutionOrderSort (0ms)
		DisableScriptedObjects (0ms)
		BackupInstance (0ms)
		ReleaseScriptingObjects (0ms)
		CreateAndSetChildDomain (0ms)
	RebuildCommonClasses (28ms)
	RebuildNativeTypeToScriptingClass (9ms)
	initialDomainReloadingComplete (29ms)
	LoadAllAssembliesAndSetupDomain (115ms)
		LoadAssemblies (115ms)
		RebuildTransferFunctionScriptingTraits (0ms)
		AnalyzeDomain (112ms)
			TypeCache.Refresh (111ms)
				TypeCache.ScanAssembly (101ms)
			BuildScriptInfoCaches (0ms)
			ResolveRequiredComponents (0ms)
	FinalizeReload (229ms)
		ReleaseScriptCaches (0ms)
		RebuildScriptCaches (0ms)
		SetupLoadedEditorAssemblies (197ms)
			LogAssemblyErrors (0ms)
			InitializePlatformSupportModulesInManaged (30ms)
			SetLoadedEditorAssemblies (3ms)
			BeforeProcessingInitializeOnLoad (42ms)
			ProcessInitializeOnLoadAttributes (80ms)
			ProcessInitializeOnLoadMethodAttributes (42ms)
			AfterProcessingInitializeOnLoad (0ms)
			EditorAssembliesLoaded (0ms)
		ExecutionOrderSort2 (0ms)
		AwakeInstancesAfterBackupRestoration (0ms)
========================================================================
Worker process is ready to serve import requests
Import Worker Mode flag is 0x00
Begin MonoManager ReloadAssembly
[Licensing::Client] Successfully resolved entitlement details
[Licensing::Module] License group:
  Id: 698689-UnityPersXXXX
  Product: Unity Personal
  Type: Assigned
  Expiration: Unlimited
- Loaded All Assemblies, in  0.500 seconds
Refreshing native plugins compatible for Editor in 0.40 ms, found 3 plugins.
Native extension for WindowsStandalone target not found
Native extension for OSXStandalone target not found
Package Manager log level set to [2]
[Package Manager] Failed to launch server process. Reason: Unity was launched with the -noUpm command-line argument
[Package Manager] Unable to send message (not connected to server process).
[Package Manager] Cannot connect to Unity Package Manager local server
Mono: successfully reloaded assembly
- Finished resetting the current domain, in  0.556 seconds
Domain Reload Profiling: 1056ms
	BeginReloadAssembly (86ms)
		ExecutionOrderSort (0ms)
		DisableScriptedObjects (3ms)
		BackupInstance (0ms)
		ReleaseScriptingObjects (0ms)
		CreateAndSetChildDomain (27ms)
	RebuildCommonClasses (25ms)
	RebuildNativeTypeToScriptingClass (9ms)
	initialDomainReloadingComplete (21ms)
	LoadAllAssembliesAndSetupDomain (360ms)
		LoadAssemblies (215ms)
		RebuildTransferFunctionScriptingTraits (0ms)
		AnalyzeDomain (172ms)
			TypeCache.Refresh (133ms)
				TypeCache.ScanAssembly (121ms)
			BuildScriptInfoCaches (29ms)
			ResolveRequiredComponents (7ms)
	FinalizeReload (556ms)
		ReleaseScriptCaches (0ms)
		RebuildScriptCaches (0ms)
		SetupLoadedEditorAssemblies (479ms)
			LogAssemblyErrors (0ms)
			InitializePlatformSupportModulesInManaged (1ms)
			SetLoadedEditorAssemblies (3ms)
			BeforeProcessingInitializeOnLoad (88ms)
			ProcessInitializeOnLoadAttributes (328ms)
			ProcessInitializeOnLoadMethodAttributes (58ms)
			AfterProcessingInitializeOnLoad (1ms)
			EditorAssembliesLoaded (0ms)
		ExecutionOrderSort2 (0ms)
		AwakeInstancesAfterBackupRestoration (2ms)
WARNING: Shader Unsupported: 'Universal Render Pipeline/VR/SpatialMapping/Wireframe' - All subshaders removed
WARNING: Shader Did you use #pragma only_renderers and omit this platform?
WARNING: Shader If subshaders removal was intentional, you may have forgotten turning Fallback off?
WARNING: Shader Unsupported: 'Universal Render Pipeline/VR/SpatialMapping/Wireframe' - All subshaders removed
WARNING: Shader Did you use #pragma only_renderers and omit this platform?
WARNING: Shader If subshaders removal was intentional, you may have forgotten turning Fallback off?
Launching external process: /Applications/Unity/Hub/Editor/6000.2.6f2/Unity.app/Contents/Tools/UnityShaderCompiler
Launched and connected shader compiler UnityShaderCompiler after 0.05 seconds
Refreshing native plugins compatible for Editor in 0.44 ms, found 3 plugins.
Preloading 0 native plugins for Editor in 0.00 ms.
Unloading 15 Unused Serialized files (Serialized files now loaded: 0)
Unloading 6895 unused Assets / (5.1 MB). Loaded Objects now: 7624.
Memory consumption went from 144.3 MB to 139.2 MB.
Total: 5.791375 ms (FindLiveObjects: 0.338333 ms CreateObjectMapping: 0.160584 ms MarkObjects: 4.074041 ms  DeleteObjects: 1.218125 ms)

========================================================================
Received Import Request.
  Time since last request: 1473414.078990 seconds.
  path: Assets/Sprites/Pixel Art Icon Pack - RPG/Texture/Equipment/Wooden Armor.png
  artifactKey: Guid(541ae020fad5efc48a89a38c6218a601) Importer(2089858483,192608db42251d675da83286b1cce702)
Start importing Assets/Sprites/Pixel Art Icon Pack - RPG/Texture/Equipment/Wooden Armor.png using Guid(541ae020fad5efc48a89a38c6218a601) Importer(2089858483,192608db42251d675da83286b1cce702) (ScriptedImporter) -> (artifact id: 'c7a6d2d522e18f4495b2ec37248e5a22') in 0.15815725 seconds
Number of updated asset objects reloaded before import = 0Number of asset objects unloaded after import = 3

========================================================================
Received Import Request.
  Time since last request: 0.000049 seconds.
  path: Assets/Sprites/Pixel Art Icon Pack - RPG/Texture/Food/Cheese.png
  artifactKey: Guid(988aad686dc1fec48bbc0dee20cead64) Importer(2089858483,192608db42251d675da83286b1cce702)
Start importing Assets/Sprites/Pixel Art Icon Pack - RPG/Texture/Food/Cheese.png using Guid(988aad686dc1fec48bbc0dee20cead64) Importer(2089858483,192608db42251d675da83286b1cce702) (ScriptedImporter) -> (artifact id: '069cff8a09b4900675ae43d057ce3530') in 0.008858458 seconds
Number of updated asset objects reloaded before import = 0Number of asset objects unloaded after import = 3

========================================================================
Received Import Request.
  Time since last request: 0.000029 seconds.
  path: Assets/Sprites/Pixel Art Icon Pack - RPG/Texture/Potion/Blue Potion.png
  artifactKey: Guid(b7f77607c82ea4142a2070c0e37e1756) Importer(2089858483,192608db42251d675da83286b1cce702)
Start importing Assets/Sprites/Pixel Art Icon Pack - RPG/Texture/Potion/Blue Potion.png using Guid(b7f77607c82ea4142a2070c0e37e1756) Importer(2089858483,192608db42251d675da83286b1cce702) (ScriptedImporter) -> (artifact id: '5a9e73a1b1f97337aaf17575ae77c830') in 0.006547875 seconds
Number of updated asset objects reloaded before import = 0Number of asset objects unloaded after import = 3

========================================================================
Received Import Request.
  Time since last request: 0.000037 seconds.
  path: Assets/Sprites/Pixel Art Icon Pack - RPG/Texture/Monster Part/Monster Eye.png
  artifactKey: Guid(4461c87bad5222349b14c22b26d43b95) Importer(2089858483,192608db42251d675da83286b1cce702)
Start importing Assets/Sprites/Pixel Art Icon Pack - RPG/Texture/Monster Part/Monster Eye.png using Guid(4461c87bad5222349b14c22b26d43b95) Importer(2089858483,192608db42251d675da83286b1cce702) (ScriptedImporter) -> (artifact id: '44969f8a47434e3ecba18b9559656718') in 0.00557225 seconds
Number of updated asset objects reloaded before import = 0Number of asset objects unloaded after import = 3

========================================================================
Received Import Request.
  Time since last request: 0.000047 seconds.
  path: Assets/Sprites/Pixel Art Icon Pack - RPG/Texture/Equipment/Iron Helmet.png
  artifactKey: Guid(b227c6c1c35b36940b602110d9556b13) Importer(2089858483,192608db42251d675da83286b1cce702)
Start importing Assets/Sprites/Pixel Art Icon Pack - RPG/Texture/Equipment/Iron Helmet.png using Guid(b227c6c1c35b36940b602110d9556b13) Importer(2089858483,192608db42251d675da83286b1cce702) (ScriptedImporter) -> (artifact id: '347216bb383f7dc421d4d2c654745554') in 0.005614625 seconds
Number of updated asset objects reloaded before import = 0Number of asset objects unloaded after import = 3

========================================================================
Received Import Request.
  Time since last request: 0.000039 seconds.
  path: Assets/Sprites/Pixel Art Icon Pack - RPG/Texture/Food/Ham.png
  artifactKey: Guid(c1101a972f67d164db2754844fbeeda2) Importer(2089858483,192608db42251d675da83286b1cce702)
Start importing Assets/Sprites/Pixel Art Icon Pack - RPG/Texture/Food/Ham.png using Guid(c1101a972f67d164db2754844fbeeda2) Importer(2089858483,192608db42251d675da83286b1cce702) (ScriptedImporter) -> (artifact id: '3b71616e1708aaf5debb83ef4bb187a1') in 0.008014458 seconds
Number of updated asset objects reloaded before import = 0Number of asset objects unloaded after import = 3

========================================================================
Received Import Request.
  Time since last request: 0.000037 seconds.
  path: Assets/Sprites/Pixel Art Icon Pack - RPG/Texture/Weapon & Tool/Hammer.png
  artifactKey: Guid(7b8e0222a006d824e930445c7d435ac3) Importer(2089858483,192608db42251d675da83286b1cce702)
Start importing Assets/Sprites/Pixel Art Icon Pack - RPG/Texture/Weapon & Tool/Hammer.png using Guid(7b8e0222a006d824e930445c7d435ac3) Importer(2089858483,192608db42251d675da83286b1cce702) (ScriptedImporter) -> (artifact id: '6e61c346b62050eaf6092de7f3f235e2') in 0.00560325 seconds
Number of updated asset objects reloaded before import = 0Number of asset objects unloaded after import = 3

========================================================================
Received Import Request.
  Time since last request: 0.000045 seconds.
  path: Assets/Sprites/Pixel Art Icon Pack - RPG/Texture/Misc/Book.png
  artifactKey: Guid(7972dd97521bb1c44ba8e3774391b996) Importer(2089858483,192608db42251d675da83286b1cce702)
Start importing Assets/Sprites/Pixel Art Icon Pack - RPG/Texture/Misc/Book.png using Guid(7972dd97521bb1c44ba8e3774391b996) Importer(2089858483,192608db42251d675da83286b1cce702) (ScriptedImporter) -> (artifact id: '3aee73d44cb66c60d033c87539cc1769') in 0.005501 seconds
Number of updated asset objects reloaded before import = 0Number of asset objects unloaded after import = 3

========================================================================
Received Import Request.
  Time since last request: 0.000033 seconds.
  path: Assets/Sprites/Pixel Art Icon Pack - RPG/Texture/Potion/Green Potion 3.png
  artifactKey: Guid(f65023889763c7644b5579f0b019da6b) Importer(2089858483,192608db42251d675da83286b1cce702)
Start importing Assets/Sprites/Pixel Art Icon Pack - RPG/Texture/Potion/Green Potion 3.png using Guid(f65023889763c7644b5579f0b019da6b) Importer(2089858483,192608db42251d675da83286b1cce702) (ScriptedImporter) -> (artifact id: '91f021b7b9b1994518cc0e9f7a1fde66') in 0.0056875 seconds
Number of updated asset objects reloaded before import = 0Number of asset objects unloaded after import = 3

========================================================================
Received Import Request.
  Time since last request: 0.000030 seconds.
  path: Assets/Sprites/Pixel Art Icon Pack - RPG/Texture/Monster Part/Skull.png
  artifactKey: Guid(587503b6015abc741ad5147fff8f4a06) Importer(2089858483,192608db42251d675da83286b1cce702)
Start importing Assets/Sprites/Pixel Art Icon Pack - RPG/Texture/Monster Part/Skull.png using Guid(587503b6015abc741ad5147fff8f4a06) Importer(2089858483,192608db42251d675da83286b1cce702) (ScriptedImporter) -> (artifact id: 'd730dae14750e769ebdd8751c7618c72') in 0.007371833 seconds
Number of updated asset objects reloaded before import = 0Number of asset objects unloaded after import = 3

========================================================================
Received Import Request.
  Time since last request: 0.000034 seconds.
  path: Assets/Sprites/Pixel Art Icon Pack - RPG/Texture/Equipment/Helm.png
  artifactKey: Guid(6509adb73ba1de04d898264b898cdf2e) Importer(2089858483,192608db42251d675da83286b1cce702)
Start importing Assets/Sprites/Pixel Art Icon Pack - RPG/Texture/Equipment/Helm.png using Guid(6509adb73ba1de04d898264b898cdf2e) Importer(2089858483,192608db42251d675da83286b1cce702) (ScriptedImporter) -> (artifact id: 'cc4c70390921a0293fe01fcc4e7ee8d5') in 0.005568042 seconds
Number of updated asset objects reloaded before import = 0Number of asset objects unloaded after import = 3

========================================================================
Received Import Request.
  Time since last request: 0.000038 seconds.
  path: Assets/Sprites/Pixel Art Icon Pack - RPG/Texture/Weapon & Tool/Arrow.png
  artifactKey: Guid(59c8cd2a91ad7f846b9efd79b945c356) Importer(2089858483,192608db42251d675da83286b1cce702)
Start importing Assets/Sprites/Pixel Art Icon Pack - RPG/Texture/Weapon & Tool/Arrow.png using Guid(59c8cd2a91ad7f846b9efd79b945c356) Importer(2089858483,192608db42251d675da83286b1cce702) (ScriptedImporter) -> (artifact id: '0e78d3c2787913caf0bc2bdf9765a71c') in 0.005339083 seconds
Number of updated asset objects reloaded before import = 0Number of asset objects unloaded after import = 3

========================================================================
Received Import Request.
  Time since last request: 0.000027 seconds.
  path: Assets/Sprites/Pixel Art Icon Pack - RPG/Texture/Misc/Book 2.png
  artifactKey: Guid(1c82fa18a9230df4f9a0aa981fe3a341) Importer(2089858483,192608db42251d675da83286b1cce702)
Start importing Assets/Sprites/Pixel Art Icon Pack - RPG/Texture/Misc/Book 2.png using Guid(1c82fa18a9230df4f9a0aa981fe3a341) Importer(2089858483,192608db42251d675da83286b1cce702) (ScriptedImporter) -> (artifact id: 'b321943dc185b133bccb6f507b71edac') in 0.00543775 seconds
Number of updated asset objects reloaded before import = 0Number of asset objects unloaded after import = 3

========================================================================
Received Import Request.
  Time since last request: 0.000066 seconds.
  path: Assets/Sprites/Pixel Art Icon Pack - RPG/Texture/Ore & Gem/Obsidian.png
  artifactKey: Guid(edcbd57032ccbd44e9f228cdd323ab50) Importer(2089858483,192608db42251d675da83286b1cce702)
Start importing Assets/Sprites/Pixel Art Icon Pack - RPG/Texture/Ore & Gem/Obsidian.png using Guid(edcbd57032ccbd44e9f228cdd323ab50) Importer(2089858483,192608db42251d675da83286b1cce702) (ScriptedImporter) -> (artifact id: '15b1556e9dba283f2bd05953b9858504') in 0.0071955 seconds
Number of updated asset objects reloaded before import = 0Number of asset objects unloaded after import = 3

========================================================================
Received Import Request.
  Time since last request: 0.000037 seconds.
  path: Assets/Sprites/Pixel Art Icon Pack - RPG/Texture/Food/Wine.png
  artifactKey: Guid(ea55e0ae186d59d41a0b270559045dd7) Importer(2089858483,192608db42251d675da83286b1cce702)
Start importing Assets/Sprites/Pixel Art Icon Pack - RPG/Texture/Food/Wine.png using Guid(ea55e0ae186d59d41a0b270559045dd7) Importer(2089858483,192608db42251d675da83286b1cce702) (ScriptedImporter) -> (artifact id: '3db749d4decea283d3e5fe151244f869') in 0.005546208 seconds
Number of updated asset objects reloaded before import = 0Number of asset objects unloaded after import = 3

========================================================================
Received Import Request.
  Time since last request: 0.000029 seconds.
  path: Assets/Sprites/Pixel Art Icon Pack - RPG/Texture/Weapon & Tool/Axe.png
  artifactKey: Guid(6a08ec4b334ea1c46b8171679417a74f) Importer(2089858483,192608db42251d675da83286b1cce702)
Start importing Assets/Sprites/Pixel Art Icon Pack - RPG/Texture/Weapon & Tool/Axe.png using Guid(6a08ec4b334ea1c46b8171679417a74f) Importer(2089858483,192608db42251d675da83286b1cce702) (ScriptedImporter) -> (artifact id: '4b967e69246de8265c2a5ff95139eaa0') in 0.005507708 seconds
Number of updated asset objects reloaded before import = 0Number of asset objects unloaded after import = 3

========================================================================
Received Import Request.
  Time since last request: 0.000035 seconds.
  path: Assets/Sprites/Pixel Art Icon Pack - RPG/Texture/Misc/Golden Coin.png
  artifactKey: Guid(394899dbf2938874ca7d1025f7598406) Importer(2089858483,192608db42251d675da83286b1cce702)
Start importing Assets/Sprites/Pixel Art Icon Pack - RPG/Texture/Misc/Golden Coin.png using Guid(394899dbf2938874ca7d1025f7598406) Importer(2089858483,192608db42251d675da83286b1cce702) (ScriptedImporter) -> (artifact id: 'ec2c16f388d3b9002ae9d3da7658a942') in 0.006108875 seconds
Number of updated asset objects reloaded before import = 0Number of asset objects unloaded after import = 3

========================================================================
Received Import Request.
  Time since last request: 0.000038 seconds.
  path: Assets/Sprites/Pixel Art Icon Pack - RPG/Texture/Food/Mushroom.png
  artifactKey: Guid(966ff550585ec504896a28b55fd7281c) Importer(2089858483,192608db42251d675da83286b1cce702)
Start importing Assets/Sprites/Pixel Art Icon Pack - RPG/Texture/Food/Mushroom.png using Guid(966ff550585ec504896a28b55fd7281c) Importer(2089858483,192608db42251d675da83286b1cce702) (ScriptedImporter) -> (artifact id: '659f1a0ed17072ccab0ac8fef726eb5a') in 0.007338833 seconds
Number of updated asset objects reloaded before import = 0Number of asset objects unloaded after import = 3

========================================================================
Received Import Request.
  Time since last request: 0.000045 seconds.
  path: Assets/Sprites/Pixel Art Icon Pack - RPG/Texture/Misc/Golden Key.png
  artifactKey: Guid(a6c10312421cb5e438d8b9edaad2db28) Importer(2089858483,192608db42251d675da83286b1cce702)
Start importing Assets/Sprites/Pixel Art Icon Pack - RPG/Texture/Misc/Golden Key.png using Guid(a6c10312421cb5e438d8b9edaad2db28) Importer(2089858483,192608db42251d675da83286b1cce702) (ScriptedImporter) -> (artifact id: 'e16db4e81d0a40f781f4bc8daa935b6d') in 0.005210667 seconds
Number of updated asset objects reloaded before import = 0Number of asset objects unloaded after import = 3

========================================================================
Received Import Request.
  Time since last request: 0.000044 seconds.
  path: Assets/Sprites/Pixel Art Icon Pack - RPG/Texture/Weapon & Tool/Pickaxe.png
  artifactKey: Guid(1fb46228a3bcb5042a763829cc07f9e5) Importer(2089858483,192608db42251d675da83286b1cce702)
Start importing Assets/Sprites/Pixel Art Icon Pack - RPG/Texture/Weapon & Tool/Pickaxe.png using Guid(1fb46228a3bcb5042a763829cc07f9e5) Importer(2089858483,192608db42251d675da83286b1cce702) (ScriptedImporter) -> (artifact id: '2ef7f4d3c809c9e1c3971530b5e28302') in 0.006055167 seconds
Number of updated asset objects reloaded before import = 0Number of asset objects unloaded after import = 3

========================================================================
Received Import Request.
  Time since last request: 0.000033 seconds.
  path: Assets/Sprites/Pixel Art Icon Pack - RPG/Texture/Monster Part/Feather.png
  artifactKey: Guid(5319e90cdef08eb4a90ed29d73271916) Importer(2089858483,192608db42251d675da83286b1cce702)
Start importing Assets/Sprites/Pixel Art Icon Pack - RPG/Texture/Monster Part/Feather.png using Guid(5319e90cdef08eb4a90ed29d73271916) Importer(2089858483,192608db42251d675da83286b1cce702) (ScriptedImporter) -> (artifact id: '6c270293533ef1d70396f8b69829da28') in 0.00541575 seconds
Number of updated asset objects reloaded before import = 0Number of asset objects unloaded after import = 3

========================================================================
Received Import Request.
  Time since last request: 0.000043 seconds.
  path: Assets/Sprites/Pixel Art Icon Pack - RPG/Texture/Food/Wine 2.png
  artifactKey: Guid(d1b0810a7bee633469a729543f4e6659) Importer(2089858483,192608db42251d675da83286b1cce702)
Start importing Assets/Sprites/Pixel Art Icon Pack - RPG/Texture/Food/Wine 2.png using Guid(d1b0810a7bee633469a729543f4e6659) Importer(2089858483,192608db42251d675da83286b1cce702) (ScriptedImporter) -> (artifact id: 'dbb9e580551a97ae644a5e8eb44a4a1c') in 0.007005375 seconds
Number of updated asset objects reloaded before import = 0Number of asset objects unloaded after import = 3

========================================================================
Received Import Request.
  Time since last request: 0.000024 seconds.
  path: Assets/Sprites/Pixel Art Icon Pack - RPG/Texture/Material/Rope.png
  artifactKey: Guid(3281101b955224c4f9bfd58e8ab4c342) Importer(2089858483,192608db42251d675da83286b1cce702)
Start importing Assets/Sprites/Pixel Art Icon Pack - RPG/Texture/Material/Rope.png using Guid(3281101b955224c4f9bfd58e8ab4c342) Importer(2089858483,192608db42251d675da83286b1cce702) (ScriptedImporter) -> (artifact id: '87c0b80adde31d9c0c92e96520782996') in 0.005213375 seconds
Number of updated asset objects reloaded before import = 0Number of asset objects unloaded after import = 3

========================================================================
Received Import Request.
  Time since last request: 0.000048 seconds.
  path: Assets/Sprites/Pixel Art Icon Pack - RPG/Texture/Food/Bread.png
  artifactKey: Guid(1a58749f555f75e48baa41893215b26e) Importer(2089858483,192608db42251d675da83286b1cce702)
Start importing Assets/Sprites/Pixel Art Icon Pack - RPG/Texture/Food/Bread.png using Guid(1a58749f555f75e48baa41893215b26e) Importer(2089858483,192608db42251d675da83286b1cce702) (ScriptedImporter) -> (artifact id: '82813c9a32b15cad6550a6dae0012bcb') in 0.005387125 seconds
Number of updated asset objects reloaded before import = 0Number of asset objects unloaded after import = 3

========================================================================
Received Import Request.
  Time since last request: 0.000043 seconds.
  path: Assets/Sprites/Pixel Art Icon Pack - RPG/Texture/Food/Meat.png
  artifactKey: Guid(14e62563269c11443b9c936be93b95f4) Importer(2089858483,192608db42251d675da83286b1cce702)
Start importing Assets/Sprites/Pixel Art Icon Pack - RPG/Texture/Food/Meat.png using Guid(14e62563269c11443b9c936be93b95f4) Importer(2089858483,192608db42251d675da83286b1cce702) (ScriptedImporter) -> (artifact id: 'f1ecc15ba4245dd1d1d10e51e7cacf1f') in 0.00533275 seconds
Number of updated asset objects reloaded before import = 0Number of asset objects unloaded after import = 3

========================================================================
Received Import Request.
  Time since last request: 0.000030 seconds.
  path: Assets/Sprites/Pixel Art Icon Pack - RPG/Texture/Material/Paper.png
  artifactKey: Guid(615ecf391b0ba0b40a9c3882ac5e6afc) Importer(2089858483,192608db42251d675da83286b1cce702)
Start importing Assets/Sprites/Pixel Art Icon Pack - RPG/Texture/Material/Paper.png using Guid(615ecf391b0ba0b40a9c3882ac5e6afc) Importer(2089858483,192608db42251d675da83286b1cce702) (ScriptedImporter) -> (artifact id: '41b8581d0f861bdee5c2f5b58aa8ad82') in 0.0070235 seconds
Number of updated asset objects reloaded before import = 0Number of asset objects unloaded after import = 3

========================================================================
Received Import Request.
  Time since last request: 2.170678 seconds.
  path: Assets/Sprites/Loot/Pixel Art Icon Pack - RPG/Scene
  artifactKey: Guid(af5b4aeff9eb5db4bac160c7d1fcd6d2) Importer(2089858483,192608db42251d675da83286b1cce702)
Start importing Assets/Sprites/Loot/Pixel Art Icon Pack - RPG/Scene using Guid(af5b4aeff9eb5db4bac160c7d1fcd6d2) Importer(2089858483,192608db42251d675da83286b1cce702) (ScriptedImporter) -> (artifact id: '187b7e5fec173fca4bc3f42a0bfbbeba') in 0.001858375 seconds
Number of updated asset objects reloaded before import = 0Number of asset objects unloaded after import = 1

========================================================================
Received Import Request.
  Time since last request: 0.000037 seconds.
  path: Assets/Sprites/Loot/Pixel Art Icon Pack - RPG/Texture/Equipment/Wooden Armor.png
  artifactKey: Guid(541ae020fad5efc48a89a38c6218a601) Importer(2089858483,192608db42251d675da83286b1cce702)
Start importing Assets/Sprites/Loot/Pixel Art Icon Pack - RPG/Texture/Equipment/Wooden Armor.png using Guid(541ae020fad5efc48a89a38c6218a601) Importer(2089858483,192608db42251d675da83286b1cce702) (ScriptedImporter) -> (artifact id: '231265487d7a83c2840c8242a6912bce') in 0.005132833 seconds
Number of updated asset objects reloaded before import = 0Number of asset objects unloaded after import = 3

========================================================================
Received Import Request.
  Time since last request: 0.000050 seconds.
  path: Assets/Sprites/Loot/Pixel Art Icon Pack - RPG/Shader/SH Sprite Icon Outline Color.shader
  artifactKey: Guid(33835bf4e186abc4d92f79b3bccfd862) Importer(2089858483,192608db42251d675da83286b1cce702)
Start importing Assets/Sprites/Loot/Pixel Art Icon Pack - RPG/Shader/SH Sprite Icon Outline Color.shader using Guid(33835bf4e186abc4d92f79b3bccfd862) Importer(2089858483,192608db42251d675da83286b1cce702) (ScriptedImporter) -> (artifact id: 'cdc443db01c8b42e4e75128368813057') in 0.005400917 seconds
Number of updated asset objects reloaded before import = 0Number of asset objects unloaded after import = 1

========================================================================
Received Import Request.
  Time since last request: 0.000029 seconds.
  path: Assets/Sprites/Loot/Pixel Art Icon Pack - RPG/Texture/Weapon & Tool/Magic Wand.png
  artifactKey: Guid(40d526b51d159064f851539ce7779eec) Importer(2089858483,192608db42251d675da83286b1cce702)
Start importing Assets/Sprites/Loot/Pixel Art Icon Pack - RPG/Texture/Weapon & Tool/Magic Wand.png using Guid(40d526b51d159064f851539ce7779eec) Importer(2089858483,192608db42251d675da83286b1cce702) (ScriptedImporter) -> (artifact id: '9c0e684590348920fc9b5fd5e6321a7d') in 0.00547375 seconds
Number of updated asset objects reloaded before import = 0Number of asset objects unloaded after import = 3

========================================================================
Received Import Request.
  Time since last request: 0.000038 seconds.
  path: Assets/Sprites/Loot/Pixel Art Icon Pack - RPG/Shader
  artifactKey: Guid(3f428f9fc50eea8409359a8b09b85c8e) Importer(2089858483,192608db42251d675da83286b1cce702)
Start importing Assets/Sprites/Loot/Pixel Art Icon Pack - RPG/Shader using Guid(3f428f9fc50eea8409359a8b09b85c8e) Importer(2089858483,192608db42251d675da83286b1cce702) (ScriptedImporter) -> (artifact id: '16a0cf5fb617c32a644bb190049066e4') in 0.001722541 seconds
Number of updated asset objects reloaded before import = 0Number of asset objects unloaded after import = 1

========================================================================
Received Import Request.
  Time since last request: 0.000033 seconds.
  path: Assets/Sprites/Loot/Pixel Art Icon Pack - RPG/Material/MT UI Icon Outline Dark.mat
  artifactKey: Guid(899a7f458dad9a740869a20c3e3b2d53) Importer(2089858483,192608db42251d675da83286b1cce702)
Start importing Assets/Sprites/Loot/Pixel Art Icon Pack - RPG/Material/MT UI Icon Outline Dark.mat using Guid(899a7f458dad9a740869a20c3e3b2d53) Importer(2089858483,192608db42251d675da83286b1cce702) (ScriptedImporter) -> (artifact id: 'd1bdc5d12b8bf7dd66c4a2360474d3bd') in 0.028815625 seconds
Number of updated asset objects reloaded before import = 0Number of asset objects unloaded after import = 1

========================================================================
Received Import Request.
  Time since last request: 0.000032 seconds.
  path: Assets/Sprites/Loot/Pixel Art Icon Pack - RPG/Texture/Potion/Blue Potion.png
  artifactKey: Guid(b7f77607c82ea4142a2070c0e37e1756) Importer(2089858483,192608db42251d675da83286b1cce702)
Start importing Assets/Sprites/Loot/Pixel Art Icon Pack - RPG/Texture/Potion/Blue Potion.png using Guid(b7f77607c82ea4142a2070c0e37e1756) Importer(2089858483,192608db42251d675da83286b1cce702) (ScriptedImporter) -> (artifact id: '8243fb98e3ad26e7fd79b6290fc2adc6') in 0.00516125 seconds
Number of updated asset objects reloaded before import = 0Number of asset objects unloaded after import = 3

========================================================================
Received Import Request.
  Time since last request: 0.000041 seconds.
  path: Assets/Sprites/Loot/Pixel Art Icon Pack - RPG/Texture/Equipment/Bag.png
  artifactKey: Guid(93dbc8f96dc6c00418ba8f1a8e8992e4) Importer(2089858483,192608db42251d675da83286b1cce702)
Start importing Assets/Sprites/Loot/Pixel Art Icon Pack - RPG/Texture/Equipment/Bag.png using Guid(93dbc8f96dc6c00418ba8f1a8e8992e4) Importer(2089858483,192608db42251d675da83286b1cce702) (ScriptedImporter) -> (artifact id: '91ad98922382ac482eaa30c8ae5079ea') in 0.007715041 seconds
Number of updated asset objects reloaded before import = 0Number of asset objects unloaded after import = 3

========================================================================
Received Import Request.
  Time since last request: 0.000065 seconds.
  path: Assets/Sprites/Loot/Pixel Art Icon Pack - RPG/Texture/Food/Ham.png
  artifactKey: Guid(c1101a972f67d164db2754844fbeeda2) Importer(2089858483,192608db42251d675da83286b1cce702)
Start importing Assets/Sprites/Loot/Pixel Art Icon Pack - RPG/Texture/Food/Ham.png using Guid(c1101a972f67d164db2754844fbeeda2) Importer(2089858483,192608db42251d675da83286b1cce702) (ScriptedImporter) -> (artifact id: '6b944ff24b008552c7a174695551f4e8') in 0.005184333 seconds
Number of updated asset objects reloaded before import = 0Number of asset objects unloaded after import = 3

========================================================================
Received Import Request.
  Time since last request: 0.000066 seconds.
  path: Assets/Sprites/Loot/Pixel Art Icon Pack - RPG/Texture/Misc/Chest.png
  artifactKey: Guid(c8303e833b0ef184e99c1bc8940fff84) Importer(2089858483,192608db42251d675da83286b1cce702)
Start importing Assets/Sprites/Loot/Pixel Art Icon Pack - RPG/Texture/Misc/Chest.png using Guid(c8303e833b0ef184e99c1bc8940fff84) Importer(2089858483,192608db42251d675da83286b1cce702) (ScriptedImporter) -> (artifact id: 'a9cda2bb71fb505514918167bffb3386') in 0.005674042 seconds
Number of updated asset objects reloaded before import = 0Number of asset objects unloaded after import = 3

========================================================================
Received Import Request.
  Time since last request: 0.000030 seconds.
  path: Assets/Sprites/Loot/Pixel Art Icon Pack - RPG/Texture/Monster Part
  artifactKey: Guid(6440e8a38b985cc4990db0da6d690926) Importer(2089858483,192608db42251d675da83286b1cce702)
Start importing Assets/Sprites/Loot/Pixel Art Icon Pack - RPG/Texture/Monster Part using Guid(6440e8a38b985cc4990db0da6d690926) Importer(2089858483,192608db42251d675da83286b1cce702) (ScriptedImporter) -> (artifact id: '7e67212fa3369a788872f4c7309ec6cd') in 0.001721708 seconds
Number of updated asset objects reloaded before import = 0Number of asset objects unloaded after import = 1

========================================================================
Received Import Request.
  Time since last request: 0.000030 seconds.
  path: Assets/Sprites/Loot/Pixel Art Icon Pack - RPG/Texture/Misc/Book.png
  artifactKey: Guid(7972dd97521bb1c44ba8e3774391b996) Importer(2089858483,192608db42251d675da83286b1cce702)
Start importing Assets/Sprites/Loot/Pixel Art Icon Pack - RPG/Texture/Misc/Book.png using Guid(7972dd97521bb1c44ba8e3774391b996) Importer(2089858483,192608db42251d675da83286b1cce702) (ScriptedImporter) -> (artifact id: 'b024b078e55c262409fec6c014981a9b') in 0.00519675 seconds
Number of updated asset objects reloaded before import = 0Number of asset objects unloaded after import = 3

========================================================================
Received Import Request.
  Time since last request: 0.000036 seconds.
  path: Assets/Sprites/Loot/Pixel Art Icon Pack - RPG/Texture/Potion/Green Potion 3.png
  artifactKey: Guid(f65023889763c7644b5579f0b019da6b) Importer(2089858483,192608db42251d675da83286b1cce702)
Start importing Assets/Sprites/Loot/Pixel Art Icon Pack - RPG/Texture/Potion/Green Potion 3.png using Guid(f65023889763c7644b5579f0b019da6b) Importer(2089858483,192608db42251d675da83286b1cce702) (ScriptedImporter) -> (artifact id: '0a8e6b9da9800cf36e333806bfc0e107') in 0.006611667 seconds
Number of updated asset objects reloaded before import = 0Number of asset objects unloaded after import = 3

========================================================================
Received Import Request.
  Time since last request: 0.000037 seconds.
  path: Assets/Sprites/Loot/Pixel Art Icon Pack - RPG/Texture/Ore & Gem/Ruby.png
  artifactKey: Guid(67d92be28ed43314bbaf848a1d873f6c) Importer(2089858483,192608db42251d675da83286b1cce702)
Start importing Assets/Sprites/Loot/Pixel Art Icon Pack - RPG/Texture/Ore & Gem/Ruby.png using Guid(67d92be28ed43314bbaf848a1d873f6c) Importer(2089858483,192608db42251d675da83286b1cce702) (ScriptedImporter) -> (artifact id: '916e0289ea68473cf16c7848855f931f') in 0.005853 seconds
Number of updated asset objects reloaded before import = 0Number of asset objects unloaded after import = 3

========================================================================
Received Import Request.
  Time since last request: 0.000041 seconds.
  path: Assets/Sprites/Loot/Pixel Art Icon Pack - RPG/Texture/Ore & Gem/Golden Ingot.png
  artifactKey: Guid(39d66829824cb1d4da958035ee18213a) Importer(2089858483,192608db42251d675da83286b1cce702)
Start importing Assets/Sprites/Loot/Pixel Art Icon Pack - RPG/Texture/Ore & Gem/Golden Ingot.png using Guid(39d66829824cb1d4da958035ee18213a) Importer(2089858483,192608db42251d675da83286b1cce702) (ScriptedImporter) -> (artifact id: '827a42502c480720a66a801b8ce60cb6') in 0.005608625 seconds
Number of updated asset objects reloaded before import = 0Number of asset objects unloaded after import = 3

========================================================================
Received Import Request.
  Time since last request: 0.000034 seconds.
  path: Assets/Sprites/Loot/Pixel Art Icon Pack - RPG/Material/MT Sprite Outline Dark.mat
  artifactKey: Guid(9ef09833dc2c3404d88335dc4ee33fd4) Importer(2089858483,192608db42251d675da83286b1cce702)
Start importing Assets/Sprites/Loot/Pixel Art Icon Pack - RPG/Material/MT Sprite Outline Dark.mat using Guid(9ef09833dc2c3404d88335dc4ee33fd4) Importer(2089858483,192608db42251d675da83286b1cce702) (ScriptedImporter) -> (artifact id: '8745bf02c22089daa27848bdb0ebe9a4') in 0.002996917 seconds
Number of updated asset objects reloaded before import = 0Number of asset objects unloaded after import = 1

========================================================================
Received Import Request.
  Time since last request: 0.000041 seconds.
  path: Assets/Sprites/Loot/Pixel Art Icon Pack - RPG
  artifactKey: Guid(156af2f354d93f441a2f6f24839c9394) Importer(2089858483,192608db42251d675da83286b1cce702)
Start importing Assets/Sprites/Loot/Pixel Art Icon Pack - RPG using Guid(156af2f354d93f441a2f6f24839c9394) Importer(2089858483,192608db42251d675da83286b1cce702) (ScriptedImporter) -> (artifact id: '5e825d72fa581903df0494ca66065c41') in 0.002282334 seconds
Number of updated asset objects reloaded before import = 0Number of asset objects unloaded after import = 1

========================================================================
Received Import Request.
  Time since last request: 0.000037 seconds.
  path: Assets/Sprites/Loot/Pixel Art Icon Pack - RPG/Scene/SC Pixel Art Icon Pack - RPG.unity
  artifactKey: Guid(52aa42c38c606411a985b3922e8ab823) Importer(2089858483,192608db42251d675da83286b1cce702)
Start importing Assets/Sprites/Loot/Pixel Art Icon Pack - RPG/Scene/SC Pixel Art Icon Pack - RPG.unity using Guid(52aa42c38c606411a985b3922e8ab823) Importer(2089858483,192608db42251d675da83286b1cce702) (ScriptedImporter) -> (artifact id: '8d9cedf2f2b8b9baff12b327c71e114b') in 0.009390875 seconds
Number of updated asset objects reloaded before import = 0Number of asset objects unloaded after import = 1

========================================================================
Received Import Request.
  Time since last request: 0.000033 seconds.
  path: Assets/Sprites/Loot/Pixel Art Icon Pack - RPG/Texture/Potion/Red Potion.png
  artifactKey: Guid(117b17facff65dc42b1b57deb7c21551) Importer(2089858483,192608db42251d675da83286b1cce702)
Start importing Assets/Sprites/Loot/Pixel Art Icon Pack - RPG/Texture/Potion/Red Potion.png using Guid(117b17facff65dc42b1b57deb7c21551) Importer(2089858483,192608db42251d675da83286b1cce702) (ScriptedImporter) -> (artifact id: '1de9870586de5c4af74597fa71155128') in 0.005537833 seconds
Number of updated asset objects reloaded before import = 0Number of asset objects unloaded after import = 3

========================================================================
Received Import Request.
  Time since last request: 0.000036 seconds.
  path: Assets/Sprites/Loot/Pixel Art Icon Pack - RPG/Texture/Weapon & Tool/Silver Sword.png
  artifactKey: Guid(95052c6b62fb3de4695beaa99f842ac2) Importer(2089858483,192608db42251d675da83286b1cce702)
Start importing Assets/Sprites/Loot/Pixel Art Icon Pack - RPG/Texture/Weapon & Tool/Silver Sword.png using Guid(95052c6b62fb3de4695beaa99f842ac2) Importer(2089858483,192608db42251d675da83286b1cce702) (ScriptedImporter) -> (artifact id: '64639f651fcf88f5974df585be7907be') in 0.005675833 seconds
Number of updated asset objects reloaded before import = 0Number of asset objects unloaded after import = 3

========================================================================
Received Import Request.
  Time since last request: 0.000039 seconds.
  path: Assets/Sprites/Loot/Pixel Art Icon Pack - RPG/Texture/Weapon & Tool/Axe.png
  artifactKey: Guid(6a08ec4b334ea1c46b8171679417a74f) Importer(2089858483,192608db42251d675da83286b1cce702)
Start importing Assets/Sprites/Loot/Pixel Art Icon Pack - RPG/Texture/Weapon & Tool/Axe.png using Guid(6a08ec4b334ea1c46b8171679417a74f) Importer(2089858483,192608db42251d675da83286b1cce702) (ScriptedImporter) -> (artifact id: 'ebf587bd29c1647e765a62b19363a7f3') in 0.004779458 seconds
Number of updated asset objects reloaded before import = 0Number of asset objects unloaded after import = 3

========================================================================
Received Import Request.
  Time since last request: 0.000044 seconds.
  path: Assets/Sprites/Loot/Pixel Art Icon Pack - RPG/Texture/Food
  artifactKey: Guid(3fe54edd3debca64ebe1ec161236a4af) Importer(2089858483,192608db42251d675da83286b1cce702)
Start importing Assets/Sprites/Loot/Pixel Art Icon Pack - RPG/Texture/Food using Guid(3fe54edd3debca64ebe1ec161236a4af) Importer(2089858483,192608db42251d675da83286b1cce702) (ScriptedImporter) -> (artifact id: 'e38fe2622760b4f930af508bfc6ee285') in 0.001596709 seconds
Number of updated asset objects reloaded before import = 0Number of asset objects unloaded after import = 1

========================================================================
Received Import Request.
  Time since last request: 0.000035 seconds.
  path: Assets/Sprites/Loot/Pixel Art Icon Pack - RPG/Texture/Food/Mushroom.png
  artifactKey: Guid(966ff550585ec504896a28b55fd7281c) Importer(2089858483,192608db42251d675da83286b1cce702)
Start importing Assets/Sprites/Loot/Pixel Art Icon Pack - RPG/Texture/Food/Mushroom.png using Guid(966ff550585ec504896a28b55fd7281c) Importer(2089858483,192608db42251d675da83286b1cce702) (ScriptedImporter) -> (artifact id: 'ec4287fc6937464c8e974c83c67b0f72') in 0.004477791 seconds
Number of updated asset objects reloaded before import = 0Number of asset objects unloaded after import = 3

========================================================================
Received Import Request.
  Time since last request: 0.000033 seconds.
  path: Assets/Sprites/Loot/Pixel Art Icon Pack - RPG/Texture/Potion/Green Potion 2.png
  artifactKey: Guid(1f97848f18817cc43ba66da5a2d0ccfa) Importer(2089858483,192608db42251d675da83286b1cce702)
Start importing Assets/Sprites/Loot/Pixel Art Icon Pack - RPG/Texture/Potion/Green Potion 2.png using Guid(1f97848f18817cc43ba66da5a2d0ccfa) Importer(2089858483,192608db42251d675da83286b1cce702) (ScriptedImporter) -> (artifact id: '69cf1e71c1336d58b820630aa13ba174') in 0.007563125 seconds
Number of updated asset objects reloaded before import = 0Number of asset objects unloaded after import = 3

========================================================================
Received Import Request.
  Time since last request: 0.000067 seconds.
  path: Assets/Sprites/Loot/Pixel Art Icon Pack - RPG/Texture/Equipment/Belt.png
  artifactKey: Guid(6858a15e5082cf34b9ee3167e90403d3) Importer(2089858483,192608db42251d675da83286b1cce702)
Start importing Assets/Sprites/Loot/Pixel Art Icon Pack - RPG/Texture/Equipment/Belt.png using Guid(6858a15e5082cf34b9ee3167e90403d3) Importer(2089858483,192608db42251d675da83286b1cce702) (ScriptedImporter) -> (artifact id: 'cf45d0b8a48eecfc7e7014568a71931c') in 0.005217625 seconds
Number of updated asset objects reloaded before import = 0Number of asset objects unloaded after import = 3

========================================================================
Received Import Request.
  Time since last request: 0.000049 seconds.
  path: Assets/Sprites/Loot/Pixel Art Icon Pack - RPG/Texture/Material/Wool.png
  artifactKey: Guid(046f821c76a004e4c91b9f27ee906194) Importer(2089858483,192608db42251d675da83286b1cce702)
Start importing Assets/Sprites/Loot/Pixel Art Icon Pack - RPG/Texture/Material/Wool.png using Guid(046f821c76a004e4c91b9f27ee906194) Importer(2089858483,192608db42251d675da83286b1cce702) (ScriptedImporter) -> (artifact id: '314a64a851e2394d08b663dc837e3b32') in 0.005067541 seconds
Number of updated asset objects reloaded before import = 0Number of asset objects unloaded after import = 3

========================================================================
Received Import Request.
  Time since last request: 0.000045 seconds.
  path: Assets/Sprites/Loot/Pixel Art Icon Pack - RPG/Texture/Weapon & Tool/Emerald Staff.png
  artifactKey: Guid(c66629df5b6254a4e8dc8c1b69369863) Importer(2089858483,192608db42251d675da83286b1cce702)
Start importing Assets/Sprites/Loot/Pixel Art Icon Pack - RPG/Texture/Weapon & Tool/Emerald Staff.png using Guid(c66629df5b6254a4e8dc8c1b69369863) Importer(2089858483,192608db42251d675da83286b1cce702) (ScriptedImporter) -> (artifact id: '887b57e3bf12a2b6e1e9306e260f55df') in 0.005452083 seconds
Number of updated asset objects reloaded before import = 0Number of asset objects unloaded after import = 3

========================================================================
Received Import Request.
  Time since last request: 0.000054 seconds.
  path: Assets/Sprites/Loot/Pixel Art Icon Pack - RPG/Material/MT UI Icon Outline Trans.mat
  artifactKey: Guid(6320d51ee137b4e42b6cb01f30c65ad6) Importer(2089858483,192608db42251d675da83286b1cce702)
Start importing Assets/Sprites/Loot/Pixel Art Icon Pack - RPG/Material/MT UI Icon Outline Trans.mat using Guid(6320d51ee137b4e42b6cb01f30c65ad6) Importer(2089858483,192608db42251d675da83286b1cce702) (ScriptedImporter) -> (artifact id: 'f7d07fdfd601190f6b80f34d2265d57f') in 0.004805666 seconds
Number of updated asset objects reloaded before import = 0Number of asset objects unloaded after import = 1

========================================================================
Received Import Request.
  Time since last request: 0.000038 seconds.
  path: Assets/Sprites/Loot/Pixel Art Icon Pack - RPG/Texture/Food/Wine.png
  artifactKey: Guid(ea55e0ae186d59d41a0b270559045dd7) Importer(2089858483,192608db42251d675da83286b1cce702)
Start importing Assets/Sprites/Loot/Pixel Art Icon Pack - RPG/Texture/Food/Wine.png using Guid(ea55e0ae186d59d41a0b270559045dd7) Importer(2089858483,192608db42251d675da83286b1cce702) (ScriptedImporter) -> (artifact id: 'df09f23c09da8b955e15d5112d5f9082') in 0.005031542 seconds
Number of updated asset objects reloaded before import = 0Number of asset objects unloaded after import = 3

========================================================================
Received Import Request.
  Time since last request: 0.000032 seconds.
  path: Assets/Sprites/Loot/Pixel Art Icon Pack - RPG/Texture/Weapon & Tool/Wooden Staff.png
  artifactKey: Guid(02ff976d39577774bb44b83610e61dec) Importer(2089858483,192608db42251d675da83286b1cce702)
Start importing Assets/Sprites/Loot/Pixel Art Icon Pack - RPG/Texture/Weapon & Tool/Wooden Staff.png using Guid(02ff976d39577774bb44b83610e61dec) Importer(2089858483,192608db42251d675da83286b1cce702) (ScriptedImporter) -> (artifact id: 'd83d6716566f5b8b90f447fc477ff9fc') in 0.005262334 seconds
Number of updated asset objects reloaded before import = 0Number of asset objects unloaded after import = 3

========================================================================
Received Import Request.
  Time since last request: 0.000051 seconds.
  path: Assets/Sprites/Loot/Pixel Art Icon Pack - RPG/Texture/Ore & Gem/Cut Ruby.png
  artifactKey: Guid(70e92df91699f664ab5bad7bf4723022) Importer(2089858483,192608db42251d675da83286b1cce702)
Start importing Assets/Sprites/Loot/Pixel Art Icon Pack - RPG/Texture/Ore & Gem/Cut Ruby.png using Guid(70e92df91699f664ab5bad7bf4723022) Importer(2089858483,192608db42251d675da83286b1cce702) (ScriptedImporter) -> (artifact id: '29b3015f5cd9cefe2be44a5e48b75ecd') in 0.005438042 seconds
Number of updated asset objects reloaded before import = 0Number of asset objects unloaded after import = 3

========================================================================
Received Import Request.
  Time since last request: 0.000037 seconds.
  path: Assets/Sprites/Loot/Pixel Art Icon Pack - RPG/Texture/Material/Wood Log.png
  artifactKey: Guid(0e1ccb64303778e4081913a6d9cca677) Importer(2089858483,192608db42251d675da83286b1cce702)
Start importing Assets/Sprites/Loot/Pixel Art Icon Pack - RPG/Texture/Material/Wood Log.png using Guid(0e1ccb64303778e4081913a6d9cca677) Importer(2089858483,192608db42251d675da83286b1cce702) (ScriptedImporter) -> (artifact id: 'e6d89ce483791601ec90e7e6521c56ce') in 0.005662625 seconds
Number of updated asset objects reloaded before import = 0Number of asset objects unloaded after import = 3

========================================================================
Received Import Request.
  Time since last request: 0.000044 seconds.
  path: Assets/Sprites/Loot/Pixel Art Icon Pack - RPG/Texture/Ore & Gem/Cut Topaz.png
  artifactKey: Guid(ff4e2a40a0a91494a873149252b1aaaf) Importer(2089858483,192608db42251d675da83286b1cce702)
Start importing Assets/Sprites/Loot/Pixel Art Icon Pack - RPG/Texture/Ore & Gem/Cut Topaz.png using Guid(ff4e2a40a0a91494a873149252b1aaaf) Importer(2089858483,192608db42251d675da83286b1cce702) (ScriptedImporter) -> (artifact id: '3e35d5c612ca1a6049dd0c17f68d345e') in 0.007157333 seconds
Number of updated asset objects reloaded before import = 0Number of asset objects unloaded after import = 3

========================================================================
Received Import Request.
  Time since last request: 0.000050 seconds.
  path: Assets/Sprites/Loot/Pixel Art Icon Pack - RPG/Texture/Weapon & Tool
  artifactKey: Guid(975c9af9482263342b85bf0366a3f533) Importer(2089858483,192608db42251d675da83286b1cce702)
Start importing Assets/Sprites/Loot/Pixel Art Icon Pack - RPG/Texture/Weapon & Tool using Guid(975c9af9482263342b85bf0366a3f533) Importer(2089858483,192608db42251d675da83286b1cce702) (ScriptedImporter) -> (artifact id: '874c2837d6580d940635ae26d5098bdf') in 0.001374083 seconds
Number of updated asset objects reloaded before import = 0Number of asset objects unloaded after import = 1

========================================================================
Received Import Request.
  Time since last request: 0.000043 seconds.
  path: Assets/Sprites/Loot/Pixel Art Icon Pack - RPG/Texture/Equipment
  artifactKey: Guid(ac5f79a5df937a54fa4de58fc0571d1c) Importer(2089858483,192608db42251d675da83286b1cce702)
Start importing Assets/Sprites/Loot/Pixel Art Icon Pack - RPG/Texture/Equipment using Guid(ac5f79a5df937a54fa4de58fc0571d1c) Importer(2089858483,192608db42251d675da83286b1cce702) (ScriptedImporter) -> (artifact id: 'b07725575d8716d03d43813e6d96b549') in 0.001625667 seconds
Number of updated asset objects reloaded before import = 0Number of asset objects unloaded after import = 1

========================================================================
Received Import Request.
  Time since last request: 0.000041 seconds.
  path: Assets/Sprites/Loot/Pixel Art Icon Pack - RPG/Texture/Food/Wine 2.png
  artifactKey: Guid(d1b0810a7bee633469a729543f4e6659) Importer(2089858483,192608db42251d675da83286b1cce702)
Start importing Assets/Sprites/Loot/Pixel Art Icon Pack - RPG/Texture/Food/Wine 2.png using Guid(d1b0810a7bee633469a729543f4e6659) Importer(2089858483,192608db42251d675da83286b1cce702) (ScriptedImporter) -> (artifact id: '77dd549a0fe3b9f5ff15c8ef03b7a72e') in 0.004773917 seconds
Number of updated asset objects reloaded before import = 0Number of asset objects unloaded after import = 3

========================================================================
Received Import Request.
  Time since last request: 0.000038 seconds.
  path: Assets/Sprites/Loot/Pixel Art Icon Pack - RPG/Texture/Monster Part/Egg.png
  artifactKey: Guid(ce993d5f7ca6ea8459974fd88e71861d) Importer(2089858483,192608db42251d675da83286b1cce702)
Start importing Assets/Sprites/Loot/Pixel Art Icon Pack - RPG/Texture/Monster Part/Egg.png using Guid(ce993d5f7ca6ea8459974fd88e71861d) Importer(2089858483,192608db42251d675da83286b1cce702) (ScriptedImporter) -> (artifact id: '25ce6e806284616a6d620c4b14155130') in 0.005390834 seconds
Number of updated asset objects reloaded before import = 0Number of asset objects unloaded after import = 3

========================================================================
Received Import Request.
  Time since last request: 0.000050 seconds.
  path: Assets/Sprites/Loot/Pixel Art Icon Pack - RPG/Texture/Weapon & Tool/Shovel.png
  artifactKey: Guid(279ff480381111b40b99a9cb298a5fd3) Importer(2089858483,192608db42251d675da83286b1cce702)
Start importing Assets/Sprites/Loot/Pixel Art Icon Pack - RPG/Texture/Weapon & Tool/Shovel.png using Guid(279ff480381111b40b99a9cb298a5fd3) Importer(2089858483,192608db42251d675da83286b1cce702) (ScriptedImporter) -> (artifact id: '9b72361b002500b0d6ed5b8e9bbd9619') in 0.005239333 seconds
Number of updated asset objects reloaded before import = 0Number of asset objects unloaded after import = 3

========================================================================
Received Import Request.
  Time since last request: 0.000036 seconds.
  path: Assets/Sprites/Loot/Pixel Art Icon Pack - RPG/Texture/Food/Bread.png
  artifactKey: Guid(1a58749f555f75e48baa41893215b26e) Importer(2089858483,192608db42251d675da83286b1cce702)
Start importing Assets/Sprites/Loot/Pixel Art Icon Pack - RPG/Texture/Food/Bread.png using Guid(1a58749f555f75e48baa41893215b26e) Importer(2089858483,192608db42251d675da83286b1cce702) (ScriptedImporter) -> (artifact id: 'e761a19b5451b3bc7dd3825bd6b5ef55') in 0.006647125 seconds
Number of updated asset objects reloaded before import = 0Number of asset objects unloaded after import = 3

========================================================================
Received Import Request.
  Time since last request: 0.000045 seconds.
  path: Assets/Sprites/Loot/Pixel Art Icon Pack - RPG/Texture/Food/Meat.png
  artifactKey: Guid(14e62563269c11443b9c936be93b95f4) Importer(2089858483,192608db42251d675da83286b1cce702)
Start importing Assets/Sprites/Loot/Pixel Art Icon Pack - RPG/Texture/Food/Meat.png using Guid(14e62563269c11443b9c936be93b95f4) Importer(2089858483,192608db42251d675da83286b1cce702) (ScriptedImporter) -> (artifact id: '87cd5fafdcca103b2770e29347e548a4') in 0.004839375 seconds
Number of updated asset objects reloaded before import = 0Number of asset objects unloaded after import = 3

========================================================================
Received Import Request.
  Time since last request: 0.000020 seconds.
  path: Assets/Sprites/Loot/Pixel Art Icon Pack - RPG/Texture/Misc/Gear.png
  artifactKey: Guid(042fae2dd68bce044b8fbd1f26724a2d) Importer(2089858483,192608db42251d675da83286b1cce702)
Start importing Assets/Sprites/Loot/Pixel Art Icon Pack - RPG/Texture/Misc/Gear.png using Guid(042fae2dd68bce044b8fbd1f26724a2d) Importer(2089858483,192608db42251d675da83286b1cce702) (ScriptedImporter) -> (artifact id: '54281633ceeabc208f81709c01693c50') in 0.00526 seconds
Number of updated asset objects reloaded before import = 0Number of asset objects unloaded after import = 3

========================================================================
Received Import Request.
  Time since last request: 0.000033 seconds.
  path: Assets/Sprites/Loot/Pixel Art Icon Pack - RPG/Material/MT Sprite Outline White.mat
  artifactKey: Guid(fa6817dfb0f48b946aed8e1043559b1b) Importer(2089858483,192608db42251d675da83286b1cce702)
Start importing Assets/Sprites/Loot/Pixel Art Icon Pack - RPG/Material/MT Sprite Outline White.mat using Guid(fa6817dfb0f48b946aed8e1043559b1b) Importer(2089858483,192608db42251d675da83286b1cce702) (ScriptedImporter) -> (artifact id: 'c038fad01b21927eccca2030630420fb') in 0.002803875 seconds
Number of updated asset objects reloaded before import = 0Number of asset objects unloaded after import = 1

========================================================================
Received Import Request.
  Time since last request: 0.000034 seconds.
  path: Assets/Sprites/Loot/Pixel Art Icon Pack - RPG/Texture/Ore & Gem/Sapphire.png
  artifactKey: Guid(7c317a7b1aef9e64e9ca3d82d64f843c) Importer(2089858483,192608db42251d675da83286b1cce702)
Start importing Assets/Sprites/Loot/Pixel Art Icon Pack - RPG/Texture/Ore & Gem/Sapphire.png using Guid(7c317a7b1aef9e64e9ca3d82d64f843c) Importer(2089858483,192608db42251d675da83286b1cce702) (ScriptedImporter) -> (artifact id: 'bb0471ab5b2112c5459741c262b7c0e4') in 0.0063035 seconds
Number of updated asset objects reloaded before import = 0Number of asset objects unloaded after import = 3

========================================================================
Received Prepare
WARNING: Shader Unsupported: 'Universal Render Pipeline/VR/SpatialMapping/Wireframe' - All subshaders removed
WARNING: Shader Did you use #pragma only_renderers and omit this platform?
WARNING: Shader If subshaders removal was intentional, you may have forgotten turning Fallback off?
WARNING: Shader Unsupported: 'Universal Render Pipeline/VR/SpatialMapping/Wireframe' - All subshaders removed
WARNING: Shader Did you use #pragma only_renderers and omit this platform?
WARNING: Shader If subshaders removal was intentional, you may have forgotten turning Fallback off?
Refreshing native plugins compatible for Editor in 0.61 ms, found 3 plugins.
Preloading 0 native plugins for Editor in 0.00 ms.
Unloading 15 Unused Serialized files (Serialized files now loaded: 0)
Unloading 6871 unused Assets / (3.0 MB). Loaded Objects now: 7617.
Memory consumption went from 145.7 MB to 142.7 MB.
Total: 8.091459 ms (FindLiveObjects: 0.393084 ms CreateObjectMapping: 0.148792 ms MarkObjects: 6.392875 ms  DeleteObjects: 1.156250 ms)

Prepare: number of updated asset objects reloaded= 0
========================================================================
Received Prepare
Begin MonoManager ReloadAssembly
Thread 0x175f8b000 may have been prematurely finalized
- Loaded All Assemblies, in  0.456 seconds
Refreshing native plugins compatible for Editor in 0.41 ms, found 3 plugins.
Native extension for WindowsStandalone target not found
Native extension for OSXStandalone target not found
[Package Manager] Failed to launch server process. Reason: Unity was launched with the -noUpm command-line argument
[Package Manager] Unable to send message (not connected to server process).
[Package Manager] Cannot connect to Unity Package Manager local server
Mono: successfully reloaded assembly
- Finished resetting the current domain, in  0.542 seconds
Domain Reload Profiling: 1000ms
	BeginReloadAssembly (125ms)
		ExecutionOrderSort (0ms)
		DisableScriptedObjects (7ms)
		BackupInstance (0ms)
		ReleaseScriptingObjects (0ms)
		CreateAndSetChildDomain (58ms)
	RebuildCommonClasses (24ms)
	RebuildNativeTypeToScriptingClass (9ms)
	initialDomainReloadingComplete (12ms)
	LoadAllAssembliesAndSetupDomain (289ms)
		LoadAssemblies (190ms)
		RebuildTransferFunctionScriptingTraits (0ms)
		AnalyzeDomain (124ms)
			TypeCache.Refresh (13ms)
				TypeCache.ScanAssembly (2ms)
			BuildScriptInfoCaches (103ms)
			ResolveRequiredComponents (7ms)
	FinalizeReload (542ms)
		ReleaseScriptCaches (0ms)
		RebuildScriptCaches (0ms)
		SetupLoadedEditorAssemblies (455ms)
			LogAssemblyErrors (0ms)
			InitializePlatformSupportModulesInManaged (1ms)
			SetLoadedEditorAssemblies (2ms)
			BeforeProcessingInitializeOnLoad (97ms)
			ProcessInitializeOnLoadAttributes (323ms)
			ProcessInitializeOnLoadMethodAttributes (31ms)
			AfterProcessingInitializeOnLoad (1ms)
			EditorAssembliesLoaded (0ms)
		ExecutionOrderSort2 (0ms)
		AwakeInstancesAfterBackupRestoration (9ms)
WARNING: Shader Unsupported: 'Universal Render Pipeline/VR/SpatialMapping/Wireframe' - All subshaders removed
WARNING: Shader Did you use #pragma only_renderers and omit this platform?
WARNING: Shader If subshaders removal was intentional, you may have forgotten turning Fallback off?
WARNING: Shader Unsupported: 'Universal Render Pipeline/VR/SpatialMapping/Wireframe' - All subshaders removed
WARNING: Shader Did you use #pragma only_renderers and omit this platform?
WARNING: Shader If subshaders removal was intentional, you may have forgotten turning Fallback off?
Refreshing native plugins compatible for Editor in 0.47 ms, found 3 plugins.
Preloading 0 native plugins for Editor in 0.00 ms.
Unloading 15 Unused Serialized files (Serialized files now loaded: 0)
Unloading 6882 unused Assets / (4.8 MB). Loaded Objects now: 7620.
Memory consumption went from 158.4 MB to 153.7 MB.
Total: 5.591708 ms (FindLiveObjects: 0.325334 ms CreateObjectMapping: 0.143167 ms MarkObjects: 4.104708 ms  DeleteObjects: 1.017875 ms)

Prepare: number of updated asset objects reloaded= 0
========================================================================
Received Import Request.
  Time since last request: 31639.271743 seconds.
  path: Assets/Sprites/Village/Village Small.aseprite
  artifactKey: Guid(09e48c8c9802e4da9bda6d467d6ab49a) Importer(2089858483,192608db42251d675da83286b1cce702)
Start importing Assets/Sprites/Village/Village Small.aseprite using Guid(09e48c8c9802e4da9bda6d467d6ab49a) Importer(2089858483,192608db42251d675da83286b1cce702) (ScriptedImporter) -> (artifact id: '07b27fc1409a491e037e6ff9c93483c7') in 0.213181833 seconds
Number of updated asset objects reloaded before import = 0Number of asset objects unloaded after import = 47

========================================================================
Received Import Request.
  Time since last request: 18.419860 seconds.
  path: Assets/Sprites/Village/background_night3.png
  artifactKey: Guid(4f2189faf8bb34c0780fc91538fdceb6) Importer(2089858483,192608db42251d675da83286b1cce702)
Start importing Assets/Sprites/Village/background_night3.png using Guid(4f2189faf8bb34c0780fc91538fdceb6) Importer(2089858483,192608db42251d675da83286b1cce702) (ScriptedImporter) -> (artifact id: 'b9b79202c1d25a6e60de9d8f5900f9e9') in 0.0189365 seconds
Number of updated asset objects reloaded before import = 0Number of asset objects unloaded after import = 3

========================================================================
Received Import Request.
  Time since last request: 0.000035 seconds.
  path: Assets/Sprites/Village/background_day1.png
  artifactKey: Guid(b8b7b0300efe34680bd736dc4aa369f2) Importer(2089858483,192608db42251d675da83286b1cce702)
Start importing Assets/Sprites/Village/background_day1.png using Guid(b8b7b0300efe34680bd736dc4aa369f2) Importer(2089858483,192608db42251d675da83286b1cce702) (ScriptedImporter) -> (artifact id: '0471e34b8e208782750069c97ee4a122') in 0.0055975 seconds
Number of updated asset objects reloaded before import = 0Number of asset objects unloaded after import = 3

========================================================================
Received Import Request.
  Time since last request: 0.000031 seconds.
  path: Assets/Sprites/Village/background_day4D.png
  artifactKey: Guid(f92493592576e47389d32f933a23b73d) Importer(2089858483,192608db42251d675da83286b1cce702)
Start importing Assets/Sprites/Village/background_day4D.png using Guid(f92493592576e47389d32f933a23b73d) Importer(2089858483,192608db42251d675da83286b1cce702) (ScriptedImporter) -> (artifact id: '9110aed263899d2bd2863e444fe7b9c3') in 0.005853417 seconds
Number of updated asset objects reloaded before import = 0Number of asset objects unloaded after import = 3

========================================================================
Received Import Request.
  Time since last request: 0.000032 seconds.
  path: Assets/Sprites/Village/background_day3.png
  artifactKey: Guid(4d5592484d6f5423fb811c21429e39f1) Importer(2089858483,192608db42251d675da83286b1cce702)
Start importing Assets/Sprites/Village/background_day3.png using Guid(4d5592484d6f5423fb811c21429e39f1) Importer(2089858483,192608db42251d675da83286b1cce702) (ScriptedImporter) -> (artifact id: 'ca6c1f538f60582681bab291374480fd') in 0.008010459 seconds
Number of updated asset objects reloaded before import = 0Number of asset objects unloaded after import = 3

========================================================================
Received Import Request.
  Time since last request: 0.000029 seconds.
  path: Assets/Sprites/Village/background_day4C.png
  artifactKey: Guid(c54fd4c579843425191b459dee1d7e53) Importer(2089858483,192608db42251d675da83286b1cce702)
Start importing Assets/Sprites/Village/background_day4C.png using Guid(c54fd4c579843425191b459dee1d7e53) Importer(2089858483,192608db42251d675da83286b1cce702) (ScriptedImporter) -> (artifact id: '84787bed389c500499e83d798c9b6d5a') in 0.00604275 seconds
Number of updated asset objects reloaded before import = 0Number of asset objects unloaded after import = 3

========================================================================
Received Import Request.
  Time since last request: 0.000045 seconds.
  path: Assets/Sprites/Village/background_night1.png
  artifactKey: Guid(43ea30ef0e72a49028f3e045326ed7a7) Importer(2089858483,192608db42251d675da83286b1cce702)
Start importing Assets/Sprites/Village/background_night1.png using Guid(43ea30ef0e72a49028f3e045326ed7a7) Importer(2089858483,192608db42251d675da83286b1cce702) (ScriptedImporter) -> (artifact id: 'e6a3dbd9e5ca2ccb97cf5145d02400c9') in 0.006659666 seconds
Number of updated asset objects reloaded before import = 0Number of asset objects unloaded after import = 3

========================================================================
Received Import Request.
  Time since last request: 0.000054 seconds.
  path: Assets/Sprites/Village/background_night4A.png
  artifactKey: Guid(fe414d56e4ddc4b16a5577f570c5687e) Importer(2089858483,192608db42251d675da83286b1cce702)
Start importing Assets/Sprites/Village/background_night4A.png using Guid(fe414d56e4ddc4b16a5577f570c5687e) Importer(2089858483,192608db42251d675da83286b1cce702) (ScriptedImporter) -> (artifact id: '71fcdfadaa1f06f5a31b96bcf5af80ac') in 0.0066555 seconds
Number of updated asset objects reloaded before import = 0Number of asset objects unloaded after import = 3

========================================================================
Received Import Request.
  Time since last request: 50.238480 seconds.
  path: Assets/Sprites/Village/Background/background_night4D.png
  artifactKey: Guid(c63544408f9bd4b8481246e769073e66) Importer(2089858483,192608db42251d675da83286b1cce702)
Start importing Assets/Sprites/Village/Background/background_night4D.png using Guid(c63544408f9bd4b8481246e769073e66) Importer(2089858483,192608db42251d675da83286b1cce702) (ScriptedImporter) -> (artifact id: '08300fc46f753353179bd82d1b92a665') in 0.006312958 seconds
Number of updated asset objects reloaded before import = 0Number of asset objects unloaded after import = 3

========================================================================
Received Import Request.
  Time since last request: 0.000033 seconds.
  path: Assets/Sprites/Village/Background/background_day4A.png
  artifactKey: Guid(6479e1aa679d94803b75765805e2b916) Importer(2089858483,192608db42251d675da83286b1cce702)
Start importing Assets/Sprites/Village/Background/background_day4A.png using Guid(6479e1aa679d94803b75765805e2b916) Importer(2089858483,192608db42251d675da83286b1cce702) (ScriptedImporter) -> (artifact id: '9286e20c415de03388c7150fffe24097') in 0.008215542 seconds
Number of updated asset objects reloaded before import = 0Number of asset objects unloaded after import = 3

========================================================================
Received Import Request.
  Time since last request: 0.000031 seconds.
  path: Assets/Sprites/Village/Background/background_day4D.png
  artifactKey: Guid(f92493592576e47389d32f933a23b73d) Importer(2089858483,192608db42251d675da83286b1cce702)
Start importing Assets/Sprites/Village/Background/background_day4D.png using Guid(f92493592576e47389d32f933a23b73d) Importer(2089858483,192608db42251d675da83286b1cce702) (ScriptedImporter) -> (artifact id: 'e7273c4d7a56d5f90bcb842c08993487') in 0.005328875 seconds
Number of updated asset objects reloaded before import = 0Number of asset objects unloaded after import = 3

========================================================================
Received Import Request.
  Time since last request: 0.000042 seconds.
  path: Assets/Sprites/Village/Background/background_day2.png
  artifactKey: Guid(d8b5e3e8e94f24837a29761bcbf1d604) Importer(2089858483,192608db42251d675da83286b1cce702)
Start importing Assets/Sprites/Village/Background/background_day2.png using Guid(d8b5e3e8e94f24837a29761bcbf1d604) Importer(2089858483,192608db42251d675da83286b1cce702) (ScriptedImporter) -> (artifact id: 'deedff8ecf983ba84febf2179a745e4a') in 0.005761583 seconds
Number of updated asset objects reloaded before import = 0Number of asset objects unloaded after import = 3

========================================================================
Received Import Request.
  Time since last request: 0.000037 seconds.
  path: Assets/Sprites/Village/Background/background_night2.png
  artifactKey: Guid(bc46545af1b924ebababe2a64774cda3) Importer(2089858483,192608db42251d675da83286b1cce702)
Start importing Assets/Sprites/Village/Background/background_night2.png using Guid(bc46545af1b924ebababe2a64774cda3) Importer(2089858483,192608db42251d675da83286b1cce702) (ScriptedImporter) -> (artifact id: '92a858844ae1e7c22c7d3e48b59303fb') in 0.0092285 seconds
Number of updated asset objects reloaded before import = 0Number of asset objects unloaded after import = 3

========================================================================
Received Import Request.
  Time since last request: 0.000037 seconds.
  path: Assets/Sprites/Village/Background/background_night4A.png
  artifactKey: Guid(fe414d56e4ddc4b16a5577f570c5687e) Importer(2089858483,192608db42251d675da83286b1cce702)
Start importing Assets/Sprites/Village/Background/background_night4A.png using Guid(fe414d56e4ddc4b16a5577f570c5687e) Importer(2089858483,192608db42251d675da83286b1cce702) (ScriptedImporter) -> (artifact id: 'fc01ec9599bd2cc8f85a9f5883d494a6') in 0.00687775 seconds
Number of updated asset objects reloaded before import = 0Number of asset objects unloaded after import = 3

========================================================================
Received Import Request.
  Time since last request: 906.221224 seconds.
  path: Assets/Sprites/Village/MainLevBuild.png
  artifactKey: Guid(aa803d4695f194d11a7921963d577e25) Importer(2089858483,192608db42251d675da83286b1cce702)
Start importing Assets/Sprites/Village/MainLevBuild.png using Guid(aa803d4695f194d11a7921963d577e25) Importer(2089858483,192608db42251d675da83286b1cce702) (ScriptedImporter) -> (artifact id: 'c8012ddf2ed61e147832201ad6a5428f') in 0.057633666 seconds
Number of updated asset objects reloaded before import = 0Number of asset objects unloaded after import = 59

========================================================================
Received Import Request.
  Time since last request: 55.437082 seconds.
  path: Assets/Sprites/Village/MainLevBuild_29.asset
  artifactKey: Guid(30dc717ff92b14bf8af29627a0004618) Importer(2089858483,192608db42251d675da83286b1cce702)
Start importing Assets/Sprites/Village/MainLevBuild_29.asset using Guid(30dc717ff92b14bf8af29627a0004618) Importer(2089858483,192608db42251d675da83286b1cce702) (ScriptedImporter) -> (artifact id: 'eb065baf4a4689d0eefcc60203d6870f') in 0.015050125 seconds
Number of updated asset objects reloaded before import = 0Number of asset objects unloaded after import = 2

========================================================================
Received Import Request.
  Time since last request: 0.000033 seconds.
  path: Assets/Sprites/Village/MainLevBuild_13.asset
  artifactKey: Guid(8d6a375d894f645b685337fc5e7f3d90) Importer(2089858483,192608db42251d675da83286b1cce702)
Start importing Assets/Sprites/Village/MainLevBuild_13.asset using Guid(8d6a375d894f645b685337fc5e7f3d90) Importer(2089858483,192608db42251d675da83286b1cce702) (ScriptedImporter) -> (artifact id: '412e49f2ceb9d1957bfc002a68b31c2d') in 0.004084167 seconds
Number of updated asset objects reloaded before import = 0Number of asset objects unloaded after import = 2

========================================================================
Received Import Request.
  Time since last request: 0.000040 seconds.
  path: Assets/Sprites/Village/MainLevBuild_33.asset
  artifactKey: Guid(47b277b54e4934c2a9b38d9295351ca0) Importer(2089858483,192608db42251d675da83286b1cce702)
Start importing Assets/Sprites/Village/MainLevBuild_33.asset using Guid(47b277b54e4934c2a9b38d9295351ca0) Importer(2089858483,192608db42251d675da83286b1cce702) (ScriptedImporter) -> (artifact id: 'b10f8587787ec8994643629914aff3a3') in 0.002652708 seconds
Number of updated asset objects reloaded before import = 0Number of asset objects unloaded after import = 2

========================================================================
Received Import Request.
  Time since last request: 0.000037 seconds.
  path: Assets/Sprites/Village/MainLevBuild_42.asset
  artifactKey: Guid(1b0c10a0286bf4f8aa5f2b48be88a1eb) Importer(2089858483,192608db42251d675da83286b1cce702)
Start importing Assets/Sprites/Village/MainLevBuild_42.asset using Guid(1b0c10a0286bf4f8aa5f2b48be88a1eb) Importer(2089858483,192608db42251d675da83286b1cce702) (ScriptedImporter) -> (artifact id: '2edc5d38fe5e15ba066cfc71a164d1d2') in 0.003353625 seconds
Number of updated asset objects reloaded before import = 0Number of asset objects unloaded after import = 2

========================================================================
Received Import Request.
  Time since last request: 0.000031 seconds.
  path: Assets/Sprites/Village/MainLevBuild_12.asset
  artifactKey: Guid(f1c863ec5aef741c0a8418644f190bc5) Importer(2089858483,192608db42251d675da83286b1cce702)
Start importing Assets/Sprites/Village/MainLevBuild_12.asset using Guid(f1c863ec5aef741c0a8418644f190bc5) Importer(2089858483,192608db42251d675da83286b1cce702) (ScriptedImporter) -> (artifact id: '8deec60a91a51dafc256280660300ac0') in 0.004750125 seconds
Number of updated asset objects reloaded before import = 0Number of asset objects unloaded after import = 2

========================================================================
Received Import Request.
  Time since last request: 0.000029 seconds.
  path: Assets/Sprites/Village/MainLevBuild_28.asset
  artifactKey: Guid(afacc499e052248568df7b6cd29ecbff) Importer(2089858483,192608db42251d675da83286b1cce702)
Start importing Assets/Sprites/Village/MainLevBuild_28.asset using Guid(afacc499e052248568df7b6cd29ecbff) Importer(2089858483,192608db42251d675da83286b1cce702) (ScriptedImporter) -> (artifact id: '72114aff7a837c0d0630ecd198f239c5') in 0.0049595 seconds
Number of updated asset objects reloaded before import = 0Number of asset objects unloaded after import = 2

========================================================================
Received Import Request.
  Time since last request: 0.000052 seconds.
  path: Assets/Sprites/Village/MainLevBuild_24.asset
  artifactKey: Guid(2f02e5b16d889471bb43466ec6b95bc2) Importer(2089858483,192608db42251d675da83286b1cce702)
Start importing Assets/Sprites/Village/MainLevBuild_24.asset using Guid(2f02e5b16d889471bb43466ec6b95bc2) Importer(2089858483,192608db42251d675da83286b1cce702) (ScriptedImporter) -> (artifact id: '25f1a316d2564f23c06698f194fb53c2') in 0.002723042 seconds
Number of updated asset objects reloaded before import = 0Number of asset objects unloaded after import = 2

========================================================================
Received Import Request.
  Time since last request: 0.000033 seconds.
  path: Assets/Sprites/Village/MainLevBuild_38.asset
  artifactKey: Guid(ebf300671f8cc40ba914713a6311ad33) Importer(2089858483,192608db42251d675da83286b1cce702)
Start importing Assets/Sprites/Village/MainLevBuild_38.asset using Guid(ebf300671f8cc40ba914713a6311ad33) Importer(2089858483,192608db42251d675da83286b1cce702) (ScriptedImporter) -> (artifact id: 'b5acbdb274dded5e6158166ce784dcf8') in 0.003277166 seconds
Number of updated asset objects reloaded before import = 0Number of asset objects unloaded after import = 2

========================================================================
Received Import Request.
  Time since last request: 0.000047 seconds.
  path: Assets/Sprites/Village/Village.prefab
  artifactKey: Guid(a348cd85a52fa401ab10da60e803edc2) Importer(2089858483,192608db42251d675da83286b1cce702)
Start importing Assets/Sprites/Village/Village.prefab using Guid(a348cd85a52fa401ab10da60e803edc2) Importer(2089858483,192608db42251d675da83286b1cce702) (ScriptedImporter) -> (artifact id: '201c4a13a13a93e9eeb29857e9b66d0c') in 0.013422334 seconds
Number of updated asset objects reloaded before import = 0Number of asset objects unloaded after import = 10

========================================================================
Received Import Request.
  Time since last request: 0.000052 seconds.
  path: Assets/Sprites/Village/MainLevBuild_43.asset
  artifactKey: Guid(6c79111a0f4b349c39a1e747227ffbd5) Importer(2089858483,192608db42251d675da83286b1cce702)
Start importing Assets/Sprites/Village/MainLevBuild_43.asset using Guid(6c79111a0f4b349c39a1e747227ffbd5) Importer(2089858483,192608db42251d675da83286b1cce702) (ScriptedImporter) -> (artifact id: '014015fb2626cf5978bbae4ccaf3a21b') in 0.00361025 seconds
Number of updated asset objects reloaded before import = 0Number of asset objects unloaded after import = 2

========================================================================
Received Import Request.
  Time since last request: 0.000031 seconds.
  path: Assets/Sprites/Village/MainLevBuild_54.asset
  artifactKey: Guid(8a7c2c36918ec497a9dfbf7c9cf78e61) Importer(2089858483,192608db42251d675da83286b1cce702)
Start importing Assets/Sprites/Village/MainLevBuild_54.asset using Guid(8a7c2c36918ec497a9dfbf7c9cf78e61) Importer(2089858483,192608db42251d675da83286b1cce702) (ScriptedImporter) -> (artifact id: 'e6e994ff43263fe29462571fa0dc0f0d') in 0.003967833 seconds
Number of updated asset objects reloaded before import = 0Number of asset objects unloaded after import = 2

========================================================================
Received Import Request.
  Time since last request: 0.000040 seconds.
  path: Assets/Sprites/Village/MainLevBuild_26.asset
  artifactKey: Guid(2ca2f219bfdbe4421b112d4d4aef0c77) Importer(2089858483,192608db42251d675da83286b1cce702)
Start importing Assets/Sprites/Village/MainLevBuild_26.asset using Guid(2ca2f219bfdbe4421b112d4d4aef0c77) Importer(2089858483,192608db42251d675da83286b1cce702) (ScriptedImporter) -> (artifact id: 'f6f2a16164917088b06fa583a5e5251c') in 0.002959291 seconds
Number of updated asset objects reloaded before import = 0Number of asset objects unloaded after import = 2

========================================================================
Received Import Request.
  Time since last request: 0.000056 seconds.
  path: Assets/Sprites/Village/MainLevBuild_50.asset
  artifactKey: Guid(d41e51db9a53e488f8ca2e3eafe9ded6) Importer(2089858483,192608db42251d675da83286b1cce702)
Start importing Assets/Sprites/Village/MainLevBuild_50.asset using Guid(d41e51db9a53e488f8ca2e3eafe9ded6) Importer(2089858483,192608db42251d675da83286b1cce702) (ScriptedImporter) -> (artifact id: 'be878d36d34074d4fa27952e743c9536') in 0.005210333 seconds
Number of updated asset objects reloaded before import = 0Number of asset objects unloaded after import = 2

========================================================================
Received Import Request.
  Time since last request: 0.000036 seconds.
  path: Assets/Sprites/Village/MainLevBuild_32.asset
  artifactKey: Guid(08f766f02b5d341dd9e7b708e3b1439f) Importer(2089858483,192608db42251d675da83286b1cce702)
Start importing Assets/Sprites/Village/MainLevBuild_32.asset using Guid(08f766f02b5d341dd9e7b708e3b1439f) Importer(2089858483,192608db42251d675da83286b1cce702) (ScriptedImporter) -> (artifact id: 'e8257479baa76e7dcac15451da60b05b') in 0.005158 seconds
Number of updated asset objects reloaded before import = 0Number of asset objects unloaded after import = 2

========================================================================
Received Import Request.
  Time since last request: 0.000033 seconds.
  path: Assets/Sprites/Village/MainLevBuild_52.asset
  artifactKey: Guid(0a7ce13b7d1304064a90bfdaaee39522) Importer(2089858483,192608db42251d675da83286b1cce702)
Start importing Assets/Sprites/Village/MainLevBuild_52.asset using Guid(0a7ce13b7d1304064a90bfdaaee39522) Importer(2089858483,192608db42251d675da83286b1cce702) (ScriptedImporter) -> (artifact id: '5cea99dda9040fc7d4e48989ae593cef') in 0.004714667 seconds
Number of updated asset objects reloaded before import = 0Number of asset objects unloaded after import = 2

========================================================================
Received Import Request.
  Time since last request: 0.000052 seconds.
  path: Assets/Sprites/Village/MainLevBuild_23.asset
  artifactKey: Guid(1523e5e14067b458995bdc116881217c) Importer(2089858483,192608db42251d675da83286b1cce702)
Start importing Assets/Sprites/Village/MainLevBuild_23.asset using Guid(1523e5e14067b458995bdc116881217c) Importer(2089858483,192608db42251d675da83286b1cce702) (ScriptedImporter) -> (artifact id: '5f9d24b2274b0e082ff1e2f5ef7f5614') in 0.002678916 seconds
Number of updated asset objects reloaded before import = 0Number of asset objects unloaded after import = 2

========================================================================
Received Import Request.
  Time since last request: 0.000045 seconds.
  path: Assets/Sprites/Village/MainLevBuild_36.asset
  artifactKey: Guid(e9bde97866752482fb71c30e9f1981d5) Importer(2089858483,192608db42251d675da83286b1cce702)
Start importing Assets/Sprites/Village/MainLevBuild_36.asset using Guid(e9bde97866752482fb71c30e9f1981d5) Importer(2089858483,192608db42251d675da83286b1cce702) (ScriptedImporter) -> (artifact id: '9ef68faacd1b9f6e764deb45e3e6ff86') in 0.002890417 seconds
Number of updated asset objects reloaded before import = 0Number of asset objects unloaded after import = 2

========================================================================
Received Import Request.
  Time since last request: 0.000064 seconds.
  path: Assets/Sprites/Village/MainLevBuild_35.asset
  artifactKey: Guid(4d105305107b349dab97640cff34c85e) Importer(2089858483,192608db42251d675da83286b1cce702)
Start importing Assets/Sprites/Village/MainLevBuild_35.asset using Guid(4d105305107b349dab97640cff34c85e) Importer(2089858483,192608db42251d675da83286b1cce702) (ScriptedImporter) -> (artifact id: 'd352faa98a2348e5e9895ff2fbdafe06') in 0.003305458 seconds
Number of updated asset objects reloaded before import = 0Number of asset objects unloaded after import = 2

========================================================================
Received Import Request.
  Time since last request: 0.000035 seconds.
  path: Assets/Sprites/Village/MainLevBuild_1.asset
  artifactKey: Guid(c52d8a7a849ae45729fc6910ca4c1119) Importer(2089858483,192608db42251d675da83286b1cce702)
Start importing Assets/Sprites/Village/MainLevBuild_1.asset using Guid(c52d8a7a849ae45729fc6910ca4c1119) Importer(2089858483,192608db42251d675da83286b1cce702) (ScriptedImporter) -> (artifact id: '21da87d62011dfc2f6892453623c4cb1') in 0.008101458 seconds
Number of updated asset objects reloaded before import = 0Number of asset objects unloaded after import = 2

========================================================================
Received Import Request.
  Time since last request: 0.000033 seconds.
  path: Assets/Sprites/Village/MainLevBuild_46.asset
  artifactKey: Guid(ec4476dd3ba134a0da4595044e0d6e54) Importer(2089858483,192608db42251d675da83286b1cce702)
Start importing Assets/Sprites/Village/MainLevBuild_46.asset using Guid(ec4476dd3ba134a0da4595044e0d6e54) Importer(2089858483,192608db42251d675da83286b1cce702) (ScriptedImporter) -> (artifact id: '30542557175a4697bf254bf4b4e9f3e3') in 0.003148916 seconds
Number of updated asset objects reloaded before import = 0Number of asset objects unloaded after import = 2

========================================================================
Received Import Request.
  Time since last request: 0.000039 seconds.
  path: Assets/Sprites/Village/MainLevBuild_41.asset
  artifactKey: Guid(283b8d0dacc69433c8f4bd60bdd5f9c5) Importer(2089858483,192608db42251d675da83286b1cce702)
Start importing Assets/Sprites/Village/MainLevBuild_41.asset using Guid(283b8d0dacc69433c8f4bd60bdd5f9c5) Importer(2089858483,192608db42251d675da83286b1cce702) (ScriptedImporter) -> (artifact id: 'd3eb9db2985f0013e5c16cca1fb4063c') in 0.002798833 seconds
Number of updated asset objects reloaded before import = 0Number of asset objects unloaded after import = 2

========================================================================
Received Import Request.
  Time since last request: 0.000032 seconds.
  path: Assets/Sprites/Village/MainLevBuild_7.asset
  artifactKey: Guid(3455c3ad7de4b4a02933a8d024a253e6) Importer(2089858483,192608db42251d675da83286b1cce702)
Start importing Assets/Sprites/Village/MainLevBuild_7.asset using Guid(3455c3ad7de4b4a02933a8d024a253e6) Importer(2089858483,192608db42251d675da83286b1cce702) (ScriptedImporter) -> (artifact id: 'cdc9860aad1f500defdd399c49ef9971') in 0.002785708 seconds
Number of updated asset objects reloaded before import = 0Number of asset objects unloaded after import = 2

========================================================================
Received Import Request.
  Time since last request: 0.000041 seconds.
  path: Assets/Sprites/Village/MainLevBuild_18.asset
  artifactKey: Guid(9775f5a16642447299112978225255ef) Importer(2089858483,192608db42251d675da83286b1cce702)
Start importing Assets/Sprites/Village/MainLevBuild_18.asset using Guid(9775f5a16642447299112978225255ef) Importer(2089858483,192608db42251d675da83286b1cce702) (ScriptedImporter) -> (artifact id: 'b24573fd2c194aa3979ebda3b01616df') in 0.003072042 seconds
Number of updated asset objects reloaded before import = 0Number of asset objects unloaded after import = 2

========================================================================
Received Import Request.
  Time since last request: 0.000037 seconds.
  path: Assets/Sprites/Village/MainLevBuild_56.asset
  artifactKey: Guid(73d83c6a289154483b3f5ff4e614d81f) Importer(2089858483,192608db42251d675da83286b1cce702)
Start importing Assets/Sprites/Village/MainLevBuild_56.asset using Guid(73d83c6a289154483b3f5ff4e614d81f) Importer(2089858483,192608db42251d675da83286b1cce702) (ScriptedImporter) -> (artifact id: '98a034bd0d0a21583bf755fb4bbaf469') in 0.002882292 seconds
Number of updated asset objects reloaded before import = 0Number of asset objects unloaded after import = 2

========================================================================
Received Import Request.
  Time since last request: 0.000036 seconds.
  path: Assets/Sprites/Village/MainLevBuild_39.asset
  artifactKey: Guid(6b11dd4bbfca04e43b1404846033ae31) Importer(2089858483,192608db42251d675da83286b1cce702)
Start importing Assets/Sprites/Village/MainLevBuild_39.asset using Guid(6b11dd4bbfca04e43b1404846033ae31) Importer(2089858483,192608db42251d675da83286b1cce702) (ScriptedImporter) -> (artifact id: '123ea301a17b16d8a858a712fe3fccd3') in 0.003590959 seconds
Number of updated asset objects reloaded before import = 0Number of asset objects unloaded after import = 2

========================================================================
Received Import Request.
  Time since last request: 0.000034 seconds.
  path: Assets/Sprites/Village/MainLevBuild_44.asset
  artifactKey: Guid(3db5b26ed2c344f4db7439da6a6ae468) Importer(2089858483,192608db42251d675da83286b1cce702)
Start importing Assets/Sprites/Village/MainLevBuild_44.asset using Guid(3db5b26ed2c344f4db7439da6a6ae468) Importer(2089858483,192608db42251d675da83286b1cce702) (ScriptedImporter) -> (artifact id: '89201d5e3f28e39c0e771ffebdbf0824') in 0.002948333 seconds
Number of updated asset objects reloaded before import = 0Number of asset objects unloaded after import = 2

========================================================================
Received Import Request.
  Time since last request: 0.000099 seconds.
  path: Assets/Sprites/Village/MainLevBuild_11.asset
  artifactKey: Guid(284e9b6f4a61c4970a2c6cfc11647e73) Importer(2089858483,192608db42251d675da83286b1cce702)
Start importing Assets/Sprites/Village/MainLevBuild_11.asset using Guid(284e9b6f4a61c4970a2c6cfc11647e73) Importer(2089858483,192608db42251d675da83286b1cce702) (ScriptedImporter) -> (artifact id: '4e3b5c5841cf2003ed4fbfe3cbaeb355') in 0.002676791 seconds
Number of updated asset objects reloaded before import = 0Number of asset objects unloaded after import = 2

========================================================================
Received Import Request.
  Time since last request: 0.000037 seconds.
  path: Assets/Sprites/Village/MainLevBuild_17.asset
  artifactKey: Guid(5bc4e41d300384aeabea4849f894c876) Importer(2089858483,192608db42251d675da83286b1cce702)
Start importing Assets/Sprites/Village/MainLevBuild_17.asset using Guid(5bc4e41d300384aeabea4849f894c876) Importer(2089858483,192608db42251d675da83286b1cce702) (ScriptedImporter) -> (artifact id: 'd6c2c43cfd459386687a4e22631a23a9') in 0.004210334 seconds
Number of updated asset objects reloaded before import = 0Number of asset objects unloaded after import = 2

========================================================================
Received Import Request.
  Time since last request: 20.094708 seconds.
  path: Assets/Sprites/Village/Tileset/MainLevBuild_45.asset
  artifactKey: Guid(e51282905aedd466682c12accacb0de7) Importer(2089858483,192608db42251d675da83286b1cce702)
Start importing Assets/Sprites/Village/Tileset/MainLevBuild_45.asset using Guid(e51282905aedd466682c12accacb0de7) Importer(2089858483,192608db42251d675da83286b1cce702) (ScriptedImporter) -> (artifact id: 'e550d610dfe750626ae77be998b5d7d1') in 0.00268325 seconds
Number of updated asset objects reloaded before import = 0Number of asset objects unloaded after import = 2

========================================================================
Received Import Request.
  Time since last request: 0.000037 seconds.
  path: Assets/Sprites/Village/Tileset/MainLevBuild_13.asset
  artifactKey: Guid(8d6a375d894f645b685337fc5e7f3d90) Importer(2089858483,192608db42251d675da83286b1cce702)
Start importing Assets/Sprites/Village/Tileset/MainLevBuild_13.asset using Guid(8d6a375d894f645b685337fc5e7f3d90) Importer(2089858483,192608db42251d675da83286b1cce702) (ScriptedImporter) -> (artifact id: 'ebdf783a0b44a72fd80de1ff9a7a0f95') in 0.002407709 seconds
Number of updated asset objects reloaded before import = 0Number of asset objects unloaded after import = 2

========================================================================
Received Import Request.
  Time since last request: 0.000044 seconds.
  path: Assets/Sprites/Village/Tileset/MainLevBuild_33.asset
  artifactKey: Guid(47b277b54e4934c2a9b38d9295351ca0) Importer(2089858483,192608db42251d675da83286b1cce702)
Start importing Assets/Sprites/Village/Tileset/MainLevBuild_33.asset using Guid(47b277b54e4934c2a9b38d9295351ca0) Importer(2089858483,192608db42251d675da83286b1cce702) (ScriptedImporter) -> (artifact id: '7306e5a52995565c4cb713c60d116c5a') in 0.002285959 seconds
Number of updated asset objects reloaded before import = 0Number of asset objects unloaded after import = 2

========================================================================
Received Import Request.
  Time since last request: 0.000041 seconds.
  path: Assets/Sprites/Village/Tileset/MainLevBuild_49.asset
  artifactKey: Guid(710f0d8950ad0485393a373a78381d5e) Importer(2089858483,192608db42251d675da83286b1cce702)
Start importing Assets/Sprites/Village/Tileset/MainLevBuild_49.asset using Guid(710f0d8950ad0485393a373a78381d5e) Importer(2089858483,192608db42251d675da83286b1cce702) (ScriptedImporter) -> (artifact id: 'fe44b3b59579897a25aa4e1a8930c7d7') in 0.002423625 seconds
Number of updated asset objects reloaded before import = 0Number of asset objects unloaded after import = 2

========================================================================
Received Import Request.
  Time since last request: 0.000030 seconds.
  path: Assets/Sprites/Village/Tileset/MainLevBuild_28.asset
  artifactKey: Guid(afacc499e052248568df7b6cd29ecbff) Importer(2089858483,192608db42251d675da83286b1cce702)
Start importing Assets/Sprites/Village/Tileset/MainLevBuild_28.asset using Guid(afacc499e052248568df7b6cd29ecbff) Importer(2089858483,192608db42251d675da83286b1cce702) (ScriptedImporter) -> (artifact id: '504e8e960542a15af3e91270fd02e161') in 0.002204917 seconds
Number of updated asset objects reloaded before import = 0Number of asset objects unloaded after import = 2

========================================================================
Received Import Request.
  Time since last request: 0.000036 seconds.
  path: Assets/Sprites/Village/Tileset/MainLevBuild_25.asset
  artifactKey: Guid(6b6ca80dcf0864390bf21ceae4533e64) Importer(2089858483,192608db42251d675da83286b1cce702)
Start importing Assets/Sprites/Village/Tileset/MainLevBuild_25.asset using Guid(6b6ca80dcf0864390bf21ceae4533e64) Importer(2089858483,192608db42251d675da83286b1cce702) (ScriptedImporter) -> (artifact id: 'b3e184ae8daa04f119de0465a1bd53a3') in 0.003137333 seconds
Number of updated asset objects reloaded before import = 0Number of asset objects unloaded after import = 2

========================================================================
Received Import Request.
  Time since last request: 0.000038 seconds.
  path: Assets/Sprites/Village/Tileset/MainLevBuild_38.asset
  artifactKey: Guid(ebf300671f8cc40ba914713a6311ad33) Importer(2089858483,192608db42251d675da83286b1cce702)
Start importing Assets/Sprites/Village/Tileset/MainLevBuild_38.asset using Guid(ebf300671f8cc40ba914713a6311ad33) Importer(2089858483,192608db42251d675da83286b1cce702) (ScriptedImporter) -> (artifact id: 'a4bb1edec6fa7814c1cfd0a931950e85') in 0.002319792 seconds
Number of updated asset objects reloaded before import = 0Number of asset objects unloaded after import = 2

========================================================================
Received Import Request.
  Time since last request: 0.000035 seconds.
  path: Assets/Sprites/Village/Tileset/MainLevBuild_15.asset
  artifactKey: Guid(dc07ded4dbb2948458042b82c32c1f80) Importer(2089858483,192608db42251d675da83286b1cce702)
Start importing Assets/Sprites/Village/Tileset/MainLevBuild_15.asset using Guid(dc07ded4dbb2948458042b82c32c1f80) Importer(2089858483,192608db42251d675da83286b1cce702) (ScriptedImporter) -> (artifact id: 'b7e6e67f31e162df78bc18e1f4490c9e') in 0.002853708 seconds
Number of updated asset objects reloaded before import = 0Number of asset objects unloaded after import = 2

========================================================================
Received Import Request.
  Time since last request: 0.000034 seconds.
  path: Assets/Sprites/Village/Tileset/MainLevBuild_43.asset
  artifactKey: Guid(6c79111a0f4b349c39a1e747227ffbd5) Importer(2089858483,192608db42251d675da83286b1cce702)
Start importing Assets/Sprites/Village/Tileset/MainLevBuild_43.asset using Guid(6c79111a0f4b349c39a1e747227ffbd5) Importer(2089858483,192608db42251d675da83286b1cce702) (ScriptedImporter) -> (artifact id: '0a74d048c66d0f2fda80dfa730b4b7d0') in 0.002935667 seconds
Number of updated asset objects reloaded before import = 0Number of asset objects unloaded after import = 2

========================================================================
Received Import Request.
  Time since last request: 0.000040 seconds.
  path: Assets/Sprites/Village/Tileset/MainLevBuild_2.asset
  artifactKey: Guid(c387f1521293d476f980d427e00898cf) Importer(2089858483,192608db42251d675da83286b1cce702)
Start importing Assets/Sprites/Village/Tileset/MainLevBuild_2.asset using Guid(c387f1521293d476f980d427e00898cf) Importer(2089858483,192608db42251d675da83286b1cce702) (ScriptedImporter) -> (artifact id: 'f233111d34a5102f2aeb696073404dcd') in 0.002822458 seconds
Number of updated asset objects reloaded before import = 0Number of asset objects unloaded after import = 2

========================================================================
Received Import Request.
  Time since last request: 0.000071 seconds.
  path: Assets/Sprites/Village/Tileset/MainLevBuild_37.asset
  artifactKey: Guid(3de2927a31dd1421d84c146c3725962a) Importer(2089858483,192608db42251d675da83286b1cce702)
Start importing Assets/Sprites/Village/Tileset/MainLevBuild_37.asset using Guid(3de2927a31dd1421d84c146c3725962a) Importer(2089858483,192608db42251d675da83286b1cce702) (ScriptedImporter) -> (artifact id: '71abae54e1d35d444d81eaeddd6ad17e') in 0.002686291 seconds
Number of updated asset objects reloaded before import = 0Number of asset objects unloaded after import = 2

========================================================================
Received Import Request.
  Time since last request: 0.000034 seconds.
  path: Assets/Sprites/Village/Tileset/MainLevBuild_52.asset
  artifactKey: Guid(0a7ce13b7d1304064a90bfdaaee39522) Importer(2089858483,192608db42251d675da83286b1cce702)
Start importing Assets/Sprites/Village/Tileset/MainLevBuild_52.asset using Guid(0a7ce13b7d1304064a90bfdaaee39522) Importer(2089858483,192608db42251d675da83286b1cce702) (ScriptedImporter) -> (artifact id: 'a91b93ec847a08c98942ee239ef9af3a') in 0.002644667 seconds
Number of updated asset objects reloaded before import = 0Number of asset objects unloaded after import = 2

========================================================================
Received Import Request.
  Time since last request: 0.000032 seconds.
  path: Assets/Sprites/Village/Tileset/MainLevBuild_23.asset
  artifactKey: Guid(1523e5e14067b458995bdc116881217c) Importer(2089858483,192608db42251d675da83286b1cce702)
Start importing Assets/Sprites/Village/Tileset/MainLevBuild_23.asset using Guid(1523e5e14067b458995bdc116881217c) Importer(2089858483,192608db42251d675da83286b1cce702) (ScriptedImporter) -> (artifact id: 'e700338083fa25cc88cf6d2b8beeba8b') in 0.002476333 seconds
Number of updated asset objects reloaded before import = 0Number of asset objects unloaded after import = 2

========================================================================
Received Import Request.
  Time since last request: 0.000031 seconds.
  path: Assets/Sprites/Village/Tileset/MainLevBuild_36.asset
  artifactKey: Guid(e9bde97866752482fb71c30e9f1981d5) Importer(2089858483,192608db42251d675da83286b1cce702)
Start importing Assets/Sprites/Village/Tileset/MainLevBuild_36.asset using Guid(e9bde97866752482fb71c30e9f1981d5) Importer(2089858483,192608db42251d675da83286b1cce702) (ScriptedImporter) -> (artifact id: '00071e275fb7ccc6d49f0da0e7f99db9') in 0.004033625 seconds
Number of updated asset objects reloaded before import = 0Number of asset objects unloaded after import = 2

========================================================================
Received Import Request.
  Time since last request: 0.000036 seconds.
  path: Assets/Sprites/Village/Tileset/MainLevBuild_46.asset
  artifactKey: Guid(ec4476dd3ba134a0da4595044e0d6e54) Importer(2089858483,192608db42251d675da83286b1cce702)
Start importing Assets/Sprites/Village/Tileset/MainLevBuild_46.asset using Guid(ec4476dd3ba134a0da4595044e0d6e54) Importer(2089858483,192608db42251d675da83286b1cce702) (ScriptedImporter) -> (artifact id: '831ed65b6389cbc96102251afbbd2bbf') in 0.002563875 seconds
Number of updated asset objects reloaded before import = 0Number of asset objects unloaded after import = 2

========================================================================
Received Import Request.
  Time since last request: 0.000031 seconds.
  path: Assets/Sprites/Village/Tileset/MainLevBuild_8.asset
  artifactKey: Guid(d166c1c9bef994f1287fe4f19974990a) Importer(2089858483,192608db42251d675da83286b1cce702)
Start importing Assets/Sprites/Village/Tileset/MainLevBuild_8.asset using Guid(d166c1c9bef994f1287fe4f19974990a) Importer(2089858483,192608db42251d675da83286b1cce702) (ScriptedImporter) -> (artifact id: 'c2a54d96a0c43e4dd6bc49ca678eeb34') in 0.0028685 seconds
Number of updated asset objects reloaded before import = 0Number of asset objects unloaded after import = 2

========================================================================
Received Import Request.
  Time since last request: 0.000032 seconds.
  path: Assets/Sprites/Village/Tileset/MainLevBuild_48.asset
  artifactKey: Guid(f1e3349c5010d4380a3e8b40af70c591) Importer(2089858483,192608db42251d675da83286b1cce702)
Start importing Assets/Sprites/Village/Tileset/MainLevBuild_48.asset using Guid(f1e3349c5010d4380a3e8b40af70c591) Importer(2089858483,192608db42251d675da83286b1cce702) (ScriptedImporter) -> (artifact id: '4e04328c12e33e1f783896e5235f6f5f') in 0.002789375 seconds
Number of updated asset objects reloaded before import = 0Number of asset objects unloaded after import = 2

========================================================================
Received Import Request.
  Time since last request: 0.000029 seconds.
  path: Assets/Sprites/Village/Tileset/MainLevBuild_56.asset
  artifactKey: Guid(73d83c6a289154483b3f5ff4e614d81f) Importer(2089858483,192608db42251d675da83286b1cce702)
Start importing Assets/Sprites/Village/Tileset/MainLevBuild_56.asset using Guid(73d83c6a289154483b3f5ff4e614d81f) Importer(2089858483,192608db42251d675da83286b1cce702) (ScriptedImporter) -> (artifact id: 'ddf8a98267afb65374073f4ec01634d9') in 0.002397916 seconds
Number of updated asset objects reloaded before import = 0Number of asset objects unloaded after import = 2

========================================================================
Received Import Request.
  Time since last request: 0.000033 seconds.
  path: Assets/Sprites/Village/Tileset/MainLevBuild_30.asset
  artifactKey: Guid(7bb41e28068e747bdbbfdcd66665daa9) Importer(2089858483,192608db42251d675da83286b1cce702)
Start importing Assets/Sprites/Village/Tileset/MainLevBuild_30.asset using Guid(7bb41e28068e747bdbbfdcd66665daa9) Importer(2089858483,192608db42251d675da83286b1cce702) (ScriptedImporter) -> (artifact id: 'e0fbddffc21bb51144213b4659e5ee98') in 0.002831209 seconds
Number of updated asset objects reloaded before import = 0Number of asset objects unloaded after import = 2

========================================================================
Received Import Request.
  Time since last request: 0.000027 seconds.
  path: Assets/Sprites/Village/Tileset/MainLevBuild_11.asset
  artifactKey: Guid(284e9b6f4a61c4970a2c6cfc11647e73) Importer(2089858483,192608db42251d675da83286b1cce702)
Start importing Assets/Sprites/Village/Tileset/MainLevBuild_11.asset using Guid(284e9b6f4a61c4970a2c6cfc11647e73) Importer(2089858483,192608db42251d675da83286b1cce702) (ScriptedImporter) -> (artifact id: 'd3fff50cfdd3ff81b0ad82f8ab373316') in 0.00257975 seconds
Number of updated asset objects reloaded before import = 0Number of asset objects unloaded after import = 2

========================================================================
Received Import Request.
  Time since last request: 0.000037 seconds.
  path: Assets/Sprites/Village/Tileset/MainLevBuild_17.asset
  artifactKey: Guid(5bc4e41d300384aeabea4849f894c876) Importer(2089858483,192608db42251d675da83286b1cce702)
Start importing Assets/Sprites/Village/Tileset/MainLevBuild_17.asset using Guid(5bc4e41d300384aeabea4849f894c876) Importer(2089858483,192608db42251d675da83286b1cce702) (ScriptedImporter) -> (artifact id: 'ce00484da078d0e97b68f1600df31ba5') in 0.002265333 seconds
Number of updated asset objects reloaded before import = 0Number of asset objects unloaded after import = 2

Editor requested this worker to shutdown with reason: Scaling down because of idle timeout
AssetImportWorker is now disconnected from the server
Process exiting
