Unity Editor version:    6000.2.6f2 (4a4dcaec6541)
Branch:                  6000.2/respin/6000.2.6f2-cc51a95c03
Build type:              Release
Batch mode:              YES
macOS version:           Version 14.1 (Build 23B2073)
Darwin version:          23.1.0
Architecture:            arm64
Running under Rosetta:   NO
Available memory:        36864 MB
Date:                    2026-02-10T13:00:37Z
[Licensing::Module] Trying to connect to existing licensing client channel...
[Licensing::IpcConnector] Successfully connected to: "LicenseClient-jiooqAcu6Nz-74HJ4C5nv" at "2026-02-10T13:00:37.269709Z"

COMMAND LINE ARGUMENTS:
/Applications/Unity/Hub/Editor/6000.2.6f2/Unity.app/Contents/MacOS/Unity
-adb2
-batchMode
-noUpm
-name
AssetImportWorker21
-projectPath
/Users/tuan/Documents/Game/Idle Merchant Guild/Idle Merchant Guild
-logFile
Logs/AssetImportWorker21.log
-srvPort
59015
-licensingIpc
LicenseClient-jiooqAcu6Nz-74HJ4C5nv
-job-worker-count
5
-background-job-worker-count
8
-gc-helper-count
1
-name AssetImport
Successfully changed project path to: /Users/tuan/Documents/Game/Idle Merchant Guild/Idle Merchant Guild
/Users/tuan/Documents/Game/Idle Merchant Guild/Idle Merchant Guild
[UnityMemory] Configuration Parameters - Can be set up in boot.config
    "memorysetup-allocator-temp-initial-block-size-main=262144"
    "memorysetup-allocator-temp-initial-block-size-worker=262144"
    "memorysetup-bucket-allocator-granularity=16"
    "memorysetup-bucket-allocator-bucket-count=8"
    "memorysetup-bucket-allocator-block-size=33554432"
    "memorysetup-bucket-allocator-block-count=8"
    "memorysetup-main-allocator-block-size=16777216"
    "memorysetup-thread-allocator-block-size=16777216"
    "memorysetup-gfx-main-allocator-block-size=16777216"
    "memorysetup-gfx-thread-allocator-block-size=16777216"
    "memorysetup-cache-allocator-block-size=4194304"
    "memorysetup-typetree-allocator-block-size=2097152"
    "memorysetup-profiler-bucket-allocator-granularity=16"
    "memorysetup-profiler-bucket-allocator-bucket-count=8"
    "memorysetup-profiler-bucket-allocator-block-size=33554432"
    "memorysetup-profiler-bucket-allocator-block-count=8"
    "memorysetup-profiler-allocator-block-size=16777216"
    "memorysetup-profiler-editor-allocator-block-size=1048576"
    "memorysetup-temp-allocator-size-main=16777216"
    "memorysetup-job-temp-allocator-block-size=2097152"
    "memorysetup-job-temp-allocator-block-size-background=1048576"
    "memorysetup-job-temp-allocator-reduction-small-platforms=262144"
    "memorysetup-temp-allocator-size-background-worker=32768"
    "memorysetup-temp-allocator-size-job-worker=262144"
    "memorysetup-temp-allocator-size-preload-manager=33554432"
    "memorysetup-temp-allocator-size-nav-mesh-worker=65536"
    "memorysetup-temp-allocator-size-audio-worker=65536"
    "memorysetup-temp-allocator-size-cloud-worker=32768"
    "memorysetup-temp-allocator-size-gi-baking-worker=262144"
    "memorysetup-temp-allocator-size-gi-baking-worker=262144"
    "memorysetup-temp-allocator-size-gi-baking-worker=262144"
    "memorysetup-temp-allocator-size-gi-baking-worker=262144"
    "memorysetup-temp-allocator-size-gi-baking-worker=262144"
    "memorysetup-temp-allocator-size-gfx=262144"
Player connection [7957159616]  Target information:

Player connection [7957159616]  * "[IP] 192.168.1.174 [Port] 0 [Flags] 2 [Guid] 344211165 [EditorId] 344211165 [Version] 1048832 [Id] OSXEditor(0,tuan-macbookpro.internal.alliancesoftware.com.au) [Debug] 1 [PackageName] OSXEditor [ProjectName] Editor" 

Player connection [7957159616]  * "[IP] 172.16.129.102 [Port] 0 [Flags] 2 [Guid] 344211165 [EditorId] 344211165 [Version] 1048832 [Id] OSXEditor(0,tuan-macbookpro.internal.alliancesoftware.com.au) [Debug] 1 [PackageName] OSXEditor [ProjectName] Editor" 

Player connection [7957159616] Host joined multi-casting on [225.0.0.222:54997]...
Player connection [7957159616] Host joined alternative multi-casting on [225.0.0.222:34997]...
JobSystem: Creating JobQueue using job-worker-count value 5
Input System module state changed to: Initialized.
[Physics::Module] Initialized fallback backend.
[Physics::Module] Id: 0xdecafbad
Library Redirect Path: Library/
[Physics::Module] Selected backend.
[Physics::Module] Name: PhysX
[Physics::Module] Id: 0xf2b8ea05
[Physics::Module] SDK Version: 4.1.2
[Physics::Module] Integration Version: 1.0.0
[Physics::Module] Threading Mode: Multi-Threaded
Refreshing native plugins compatible for Editor in 4.78 ms, found 3 plugins.
Preloading 0 native plugins for Editor in 0.00 ms.
Initialize engine version: 6000.2.6f2 (4a4dcaec6541)
[Subsystems] Discovering subsystems at path /Applications/Unity/Hub/Editor/6000.2.6f2/Unity.app/Contents/Resources/UnitySubsystems
[Subsystems] Discovering subsystems at path /Users/tuan/Documents/Game/Idle Merchant Guild/Idle Merchant Guild/Assets
GfxDevice: creating device client; kGfxThreadingModeNonThreaded
 preferred device: Apple M3 Pro (high power)
Metal devices available: 1
0: Apple M3 Pro (high power)
Using device Apple M3 Pro (high power)
Initializing Metal device caps: Apple M3 Pro
Mac GPU Family: 2
Apple GPU Family: 9
MSL Version: 3.0
Has Float MSAA: 1
Has Float Filtering: 1
ReadWrite Texture Tier: 2
Initialize mono
Mono path[0] = '/Applications/Unity/Hub/Editor/6000.2.6f2/Unity.app/Contents/Managed'
Mono path[1] = '/Applications/Unity/Hub/Editor/6000.2.6f2/Unity.app/Contents/MonoBleedingEdge/lib/mono/unityjit-macos'
Mono config path = '/Applications/Unity/Hub/Editor/6000.2.6f2/Unity.app/Contents/MonoBleedingEdge/etc'
Using monoOptions --debugger-agent=transport=dt_socket,embedding=1,server=y,suspend=n,address=127.0.0.1:56420
Begin MonoManager ReloadAssembly
[Licensing::Client] Code 10 while verifying Licensing Client signature (process Id: 3674, path: "/Applications/Unity Hub.app/Contents/Frameworks/UnityLicensingClient_V1.app/Contents/MacOS/Unity.Licensing.Client")
[Licensing::Module] LicensingClient has failed validation; ignoring
[Licensing::Client] Handshaking with LicensingClient:
  Version:                 1.17.4+4293ba1
  Session Id:              a6400a5552714ecca47ae5af72a11fc6
  Correlation Id:          39a4a07bf70fb1c08317681dee785bef
  External correlation Id: 7997636383147271800
  Machine Id:              r03sfJLGi3ZcU2lmeRaNq5BVOsU=
[Licensing::Module] Successfully connected to LicensingClient on channel: "LicenseClient-jiooqAcu6Nz-74HJ4C5nv" (connect: 0.00s, validation: 0.01s, handshake: 0.42s)
[Licensing::IpcConnector] Successfully connected to: "LicenseClient-jiooqAcu6Nz-74HJ4C5nv-notifications" at "2026-02-10T13:00:37.699902Z"
[Licensing::Module] Licensing Background thread has ended after 0.43s
Registering precompiled unity dll's ...
Register platform support module: /Applications/Unity/Hub/Editor/6000.2.6f2/Unity.app/Contents/PlaybackEngines/MacStandaloneSupport/UnityEditor.OSXStandalone.Extensions.dll
Register platform support module: /Applications/Unity/Hub/Editor/6000.2.6f2/PlaybackEngines/WindowsStandaloneSupport/UnityEditor.WindowsStandalone.Extensions.dll
Registered in 0.002075 seconds.
- Loaded All Assemblies, in  0.244 seconds
Native extension for WindowsStandalone target not found
Native extension for OSXStandalone target not found
Mono: successfully reloaded assembly
- Finished resetting the current domain, in  0.195 seconds
Domain Reload Profiling: 439ms
	BeginReloadAssembly (84ms)
		ExecutionOrderSort (0ms)
		DisableScriptedObjects (0ms)
		BackupInstance (0ms)
		ReleaseScriptingObjects (0ms)
		CreateAndSetChildDomain (0ms)
	RebuildCommonClasses (23ms)
	RebuildNativeTypeToScriptingClass (8ms)
	initialDomainReloadingComplete (28ms)
	LoadAllAssembliesAndSetupDomain (101ms)
		LoadAssemblies (85ms)
		RebuildTransferFunctionScriptingTraits (0ms)
		AnalyzeDomain (99ms)
			TypeCache.Refresh (98ms)
				TypeCache.ScanAssembly (89ms)
			BuildScriptInfoCaches (0ms)
			ResolveRequiredComponents (0ms)
	FinalizeReload (195ms)
		ReleaseScriptCaches (0ms)
		RebuildScriptCaches (0ms)
		SetupLoadedEditorAssemblies (167ms)
			LogAssemblyErrors (0ms)
			InitializePlatformSupportModulesInManaged (26ms)
			SetLoadedEditorAssemblies (2ms)
			BeforeProcessingInitializeOnLoad (37ms)
			ProcessInitializeOnLoadAttributes (71ms)
			ProcessInitializeOnLoadMethodAttributes (30ms)
			AfterProcessingInitializeOnLoad (0ms)
			EditorAssembliesLoaded (0ms)
		ExecutionOrderSort2 (0ms)
		AwakeInstancesAfterBackupRestoration (0ms)
========================================================================
Worker process is ready to serve import requests
Import Worker Mode flag is 0x00
Begin MonoManager ReloadAssembly
[Licensing::Client] Successfully resolved entitlement details
[Licensing::Module] License group:
  Id: 698689-UnityPersXXXX
  Product: Unity Personal
  Type: Assigned
  Expiration: Unlimited
- Loaded All Assemblies, in  0.571 seconds
Refreshing native plugins compatible for Editor in 0.43 ms, found 3 plugins.
Native extension for WindowsStandalone target not found
Native extension for OSXStandalone target not found
Package Manager log level set to [2]
[Package Manager] Failed to launch server process. Reason: Unity was launched with the -noUpm command-line argument
[Package Manager] Unable to send message (not connected to server process).
[Package Manager] Cannot connect to Unity Package Manager local server
Mono: successfully reloaded assembly
- Finished resetting the current domain, in  0.585 seconds
Domain Reload Profiling: 1156ms
	BeginReloadAssembly (77ms)
		ExecutionOrderSort (0ms)
		DisableScriptedObjects (3ms)
		BackupInstance (0ms)
		ReleaseScriptingObjects (0ms)
		CreateAndSetChildDomain (22ms)
	RebuildCommonClasses (24ms)
	RebuildNativeTypeToScriptingClass (8ms)
	initialDomainReloadingComplete (20ms)
	LoadAllAssembliesAndSetupDomain (442ms)
		LoadAssemblies (258ms)
		RebuildTransferFunctionScriptingTraits (0ms)
		AnalyzeDomain (211ms)
			TypeCache.Refresh (168ms)
				TypeCache.ScanAssembly (156ms)
			BuildScriptInfoCaches (30ms)
			ResolveRequiredComponents (7ms)
	FinalizeReload (585ms)
		ReleaseScriptCaches (0ms)
		RebuildScriptCaches (0ms)
		SetupLoadedEditorAssemblies (494ms)
			LogAssemblyErrors (0ms)
			InitializePlatformSupportModulesInManaged (2ms)
			SetLoadedEditorAssemblies (4ms)
			BeforeProcessingInitializeOnLoad (87ms)
			ProcessInitializeOnLoadAttributes (334ms)
			ProcessInitializeOnLoadMethodAttributes (67ms)
			AfterProcessingInitializeOnLoad (1ms)
			EditorAssembliesLoaded (0ms)
		ExecutionOrderSort2 (0ms)
		AwakeInstancesAfterBackupRestoration (2ms)
WARNING: Shader Unsupported: 'Universal Render Pipeline/VR/SpatialMapping/Wireframe' - All subshaders removed
WARNING: Shader Did you use #pragma only_renderers and omit this platform?
WARNING: Shader If subshaders removal was intentional, you may have forgotten turning Fallback off?
WARNING: Shader Unsupported: 'Universal Render Pipeline/VR/SpatialMapping/Wireframe' - All subshaders removed
WARNING: Shader Did you use #pragma only_renderers and omit this platform?
WARNING: Shader If subshaders removal was intentional, you may have forgotten turning Fallback off?
Launching external process: /Applications/Unity/Hub/Editor/6000.2.6f2/Unity.app/Contents/Tools/UnityShaderCompiler
Launched and connected shader compiler UnityShaderCompiler after 0.04 seconds
Refreshing native plugins compatible for Editor in 0.38 ms, found 3 plugins.
Preloading 0 native plugins for Editor in 0.00 ms.
Unloading 15 Unused Serialized files (Serialized files now loaded: 0)
Unloading 6884 unused Assets / (4.1 MB). Loaded Objects now: 7613.
Memory consumption went from 141.9 MB to 137.8 MB.
Total: 4.886750 ms (FindLiveObjects: 0.300500 ms CreateObjectMapping: 0.147333 ms MarkObjects: 3.463958 ms  DeleteObjects: 0.974625 ms)

========================================================================
Received Import Request.
  Time since last request: 1566387.602021 seconds.
  path: Assets/Anims/Doodads/Tree/tree_dark2_0.controller
  artifactKey: Guid(23398305320324b15bfa84f8abd9c282) Importer(2089858483,192608db42251d675da83286b1cce702)
Start importing Assets/Anims/Doodads/Tree/tree_dark2_0.controller using Guid(23398305320324b15bfa84f8abd9c282) Importer(2089858483,192608db42251d675da83286b1cce702) (ScriptedImporter) -> (artifact id: 'bc6275368e440247a1d04eb597a70288') in 0.094655166 seconds
Number of updated asset objects reloaded before import = 0Number of asset objects unloaded after import = 1

========================================================================
Received Prepare
Begin MonoManager ReloadAssembly
[Licensing::Client] Successfully resolved entitlement details
Thread 0x2e36d3000 may have been prematurely finalized
- Loaded All Assemblies, in  0.483 seconds
Refreshing native plugins compatible for Editor in 0.36 ms, found 3 plugins.
Native extension for WindowsStandalone target not found
Native extension for OSXStandalone target not found
[Package Manager] Failed to launch server process. Reason: Unity was launched with the -noUpm command-line argument
[Package Manager] Unable to send message (not connected to server process).
[Package Manager] Cannot connect to Unity Package Manager local server
Mono: successfully reloaded assembly
- Finished resetting the current domain, in  0.493 seconds
Domain Reload Profiling: 978ms
	BeginReloadAssembly (163ms)
		ExecutionOrderSort (0ms)
		DisableScriptedObjects (13ms)
		BackupInstance (0ms)
		ReleaseScriptingObjects (0ms)
		CreateAndSetChildDomain (77ms)
	RebuildCommonClasses (24ms)
	RebuildNativeTypeToScriptingClass (9ms)
	initialDomainReloadingComplete (14ms)
	LoadAllAssembliesAndSetupDomain (276ms)
		LoadAssemblies (173ms)
		RebuildTransferFunctionScriptingTraits (0ms)
		AnalyzeDomain (131ms)
			TypeCache.Refresh (7ms)
				TypeCache.ScanAssembly (0ms)
			BuildScriptInfoCaches (115ms)
			ResolveRequiredComponents (7ms)
	FinalizeReload (493ms)
		ReleaseScriptCaches (0ms)
		RebuildScriptCaches (0ms)
		SetupLoadedEditorAssemblies (409ms)
			LogAssemblyErrors (0ms)
			InitializePlatformSupportModulesInManaged (1ms)
			SetLoadedEditorAssemblies (4ms)
			BeforeProcessingInitializeOnLoad (83ms)
			ProcessInitializeOnLoadAttributes (288ms)
			ProcessInitializeOnLoadMethodAttributes (33ms)
			AfterProcessingInitializeOnLoad (1ms)
			EditorAssembliesLoaded (0ms)
		ExecutionOrderSort2 (0ms)
		AwakeInstancesAfterBackupRestoration (7ms)
WARNING: Shader Unsupported: 'Universal Render Pipeline/VR/SpatialMapping/Wireframe' - All subshaders removed
WARNING: Shader Did you use #pragma only_renderers and omit this platform?
WARNING: Shader If subshaders removal was intentional, you may have forgotten turning Fallback off?
WARNING: Shader Unsupported: 'Universal Render Pipeline/VR/SpatialMapping/Wireframe' - All subshaders removed
WARNING: Shader Did you use #pragma only_renderers and omit this platform?
WARNING: Shader If subshaders removal was intentional, you may have forgotten turning Fallback off?
Refreshing native plugins compatible for Editor in 0.50 ms, found 3 plugins.
Preloading 0 native plugins for Editor in 0.00 ms.
Unloading 15 Unused Serialized files (Serialized files now loaded: 0)
Unloading 6882 unused Assets / (3.9 MB). Loaded Objects now: 7618.
Memory consumption went from 154.3 MB to 150.5 MB.
Total: 6.568750 ms (FindLiveObjects: 0.363000 ms CreateObjectMapping: 0.150209 ms MarkObjects: 4.717750 ms  DeleteObjects: 1.337250 ms)

Prepare: number of updated asset objects reloaded= 0
========================================================================
Received Prepare
Begin MonoManager ReloadAssembly
Thread 0x16fbf7000 may have been prematurely finalized
- Loaded All Assemblies, in  0.388 seconds
Refreshing native plugins compatible for Editor in 0.36 ms, found 3 plugins.
Native extension for WindowsStandalone target not found
Native extension for OSXStandalone target not found
[Package Manager] Failed to launch server process. Reason: Unity was launched with the -noUpm command-line argument
[Package Manager] Unable to send message (not connected to server process).
[Package Manager] Cannot connect to Unity Package Manager local server
Mono: successfully reloaded assembly
- Finished resetting the current domain, in  0.481 seconds
Domain Reload Profiling: 871ms
	BeginReloadAssembly (107ms)
		ExecutionOrderSort (0ms)
		DisableScriptedObjects (7ms)
		BackupInstance (0ms)
		ReleaseScriptingObjects (0ms)
		CreateAndSetChildDomain (43ms)
	RebuildCommonClasses (24ms)
	RebuildNativeTypeToScriptingClass (9ms)
	initialDomainReloadingComplete (12ms)
	LoadAllAssembliesAndSetupDomain (239ms)
		LoadAssemblies (141ms)
		RebuildTransferFunctionScriptingTraits (0ms)
		AnalyzeDomain (121ms)
			TypeCache.Refresh (6ms)
				TypeCache.ScanAssembly (0ms)
			BuildScriptInfoCaches (107ms)
			ResolveRequiredComponents (7ms)
	FinalizeReload (481ms)
		ReleaseScriptCaches (0ms)
		RebuildScriptCaches (0ms)
		SetupLoadedEditorAssemblies (397ms)
			LogAssemblyErrors (0ms)
			InitializePlatformSupportModulesInManaged (1ms)
			SetLoadedEditorAssemblies (4ms)
			BeforeProcessingInitializeOnLoad (87ms)
			ProcessInitializeOnLoadAttributes (274ms)
			ProcessInitializeOnLoadMethodAttributes (30ms)
			AfterProcessingInitializeOnLoad (1ms)
			EditorAssembliesLoaded (0ms)
		ExecutionOrderSort2 (0ms)
		AwakeInstancesAfterBackupRestoration (6ms)
WARNING: Shader Unsupported: 'Universal Render Pipeline/VR/SpatialMapping/Wireframe' - All subshaders removed
WARNING: Shader Did you use #pragma only_renderers and omit this platform?
WARNING: Shader If subshaders removal was intentional, you may have forgotten turning Fallback off?
WARNING: Shader Unsupported: 'Universal Render Pipeline/VR/SpatialMapping/Wireframe' - All subshaders removed
WARNING: Shader Did you use #pragma only_renderers and omit this platform?
WARNING: Shader If subshaders removal was intentional, you may have forgotten turning Fallback off?
Refreshing native plugins compatible for Editor in 0.47 ms, found 3 plugins.
Preloading 0 native plugins for Editor in 0.00 ms.
Unloading 15 Unused Serialized files (Serialized files now loaded: 0)
Unloading 6882 unused Assets / (3.8 MB). Loaded Objects now: 7620.
Memory consumption went from 153.4 MB to 149.6 MB.
Total: 6.241625 ms (FindLiveObjects: 0.348792 ms CreateObjectMapping: 0.162083 ms MarkObjects: 4.436833 ms  DeleteObjects: 1.293625 ms)

Prepare: number of updated asset objects reloaded= 0
========================================================================
Received Prepare
Begin MonoManager ReloadAssembly
[Licensing::Client] Successfully resolved entitlement details
Thread 0x16f567000 may have been prematurely finalized
- Loaded All Assemblies, in  0.438 seconds
Refreshing native plugins compatible for Editor in 0.36 ms, found 3 plugins.
Native extension for WindowsStandalone target not found
Native extension for OSXStandalone target not found
[Package Manager] Failed to launch server process. Reason: Unity was launched with the -noUpm command-line argument
[Package Manager] Unable to send message (not connected to server process).
[Package Manager] Cannot connect to Unity Package Manager local server
Mono: successfully reloaded assembly
- Finished resetting the current domain, in  0.499 seconds
Domain Reload Profiling: 940ms
	BeginReloadAssembly (114ms)
		ExecutionOrderSort (0ms)
		DisableScriptedObjects (8ms)
		BackupInstance (0ms)
		ReleaseScriptingObjects (0ms)
		CreateAndSetChildDomain (46ms)
	RebuildCommonClasses (23ms)
	RebuildNativeTypeToScriptingClass (9ms)
	initialDomainReloadingComplete (12ms)
	LoadAllAssembliesAndSetupDomain (281ms)
		LoadAssemblies (175ms)
		RebuildTransferFunctionScriptingTraits (0ms)
		AnalyzeDomain (131ms)
			TypeCache.Refresh (15ms)
				TypeCache.ScanAssembly (2ms)
			BuildScriptInfoCaches (108ms)
			ResolveRequiredComponents (6ms)
	FinalizeReload (500ms)
		ReleaseScriptCaches (0ms)
		RebuildScriptCaches (0ms)
		SetupLoadedEditorAssemblies (414ms)
			LogAssemblyErrors (0ms)
			InitializePlatformSupportModulesInManaged (1ms)
			SetLoadedEditorAssemblies (2ms)
			BeforeProcessingInitializeOnLoad (85ms)
			ProcessInitializeOnLoadAttributes (297ms)
			ProcessInitializeOnLoadMethodAttributes (29ms)
			AfterProcessingInitializeOnLoad (1ms)
			EditorAssembliesLoaded (0ms)
		ExecutionOrderSort2 (0ms)
		AwakeInstancesAfterBackupRestoration (9ms)
WARNING: Shader Unsupported: 'Universal Render Pipeline/VR/SpatialMapping/Wireframe' - All subshaders removed
WARNING: Shader Did you use #pragma only_renderers and omit this platform?
WARNING: Shader If subshaders removal was intentional, you may have forgotten turning Fallback off?
WARNING: Shader Unsupported: 'Universal Render Pipeline/VR/SpatialMapping/Wireframe' - All subshaders removed
WARNING: Shader Did you use #pragma only_renderers and omit this platform?
WARNING: Shader If subshaders removal was intentional, you may have forgotten turning Fallback off?
Refreshing native plugins compatible for Editor in 0.48 ms, found 3 plugins.
Preloading 0 native plugins for Editor in 0.00 ms.
Unloading 15 Unused Serialized files (Serialized files now loaded: 0)
Unloading 6882 unused Assets / (4.0 MB). Loaded Objects now: 7622.
Memory consumption went from 153.5 MB to 149.5 MB.
Total: 5.841708 ms (FindLiveObjects: 0.341917 ms CreateObjectMapping: 0.267417 ms MarkObjects: 4.092250 ms  DeleteObjects: 1.139583 ms)

Prepare: number of updated asset objects reloaded= 0
========================================================================
Received Prepare
Begin MonoManager ReloadAssembly
Thread 0x16f567000 may have been prematurely finalized
- Loaded All Assemblies, in  0.395 seconds
Refreshing native plugins compatible for Editor in 0.36 ms, found 3 plugins.
Native extension for WindowsStandalone target not found
Native extension for OSXStandalone target not found
[Package Manager] Failed to launch server process. Reason: Unity was launched with the -noUpm command-line argument
[Package Manager] Unable to send message (not connected to server process).
[Package Manager] Cannot connect to Unity Package Manager local server
Mono: successfully reloaded assembly
- Finished resetting the current domain, in  0.480 seconds
Domain Reload Profiling: 877ms
	BeginReloadAssembly (108ms)
		ExecutionOrderSort (0ms)
		DisableScriptedObjects (7ms)
		BackupInstance (0ms)
		ReleaseScriptingObjects (0ms)
		CreateAndSetChildDomain (43ms)
	RebuildCommonClasses (23ms)
	RebuildNativeTypeToScriptingClass (9ms)
	initialDomainReloadingComplete (12ms)
	LoadAllAssembliesAndSetupDomain (246ms)
		LoadAssemblies (146ms)
		RebuildTransferFunctionScriptingTraits (0ms)
		AnalyzeDomain (122ms)
			TypeCache.Refresh (7ms)
				TypeCache.ScanAssembly (0ms)
			BuildScriptInfoCaches (107ms)
			ResolveRequiredComponents (7ms)
	FinalizeReload (480ms)
		ReleaseScriptCaches (0ms)
		RebuildScriptCaches (0ms)
		SetupLoadedEditorAssemblies (396ms)
			LogAssemblyErrors (0ms)
			InitializePlatformSupportModulesInManaged (1ms)
			SetLoadedEditorAssemblies (2ms)
			BeforeProcessingInitializeOnLoad (82ms)
			ProcessInitializeOnLoadAttributes (277ms)
			ProcessInitializeOnLoadMethodAttributes (32ms)
			AfterProcessingInitializeOnLoad (1ms)
			EditorAssembliesLoaded (0ms)
		ExecutionOrderSort2 (0ms)
		AwakeInstancesAfterBackupRestoration (7ms)
WARNING: Shader Unsupported: 'Universal Render Pipeline/VR/SpatialMapping/Wireframe' - All subshaders removed
WARNING: Shader Did you use #pragma only_renderers and omit this platform?
WARNING: Shader If subshaders removal was intentional, you may have forgotten turning Fallback off?
WARNING: Shader Unsupported: 'Universal Render Pipeline/VR/SpatialMapping/Wireframe' - All subshaders removed
WARNING: Shader Did you use #pragma only_renderers and omit this platform?
WARNING: Shader If subshaders removal was intentional, you may have forgotten turning Fallback off?
Refreshing native plugins compatible for Editor in 0.48 ms, found 3 plugins.
Preloading 0 native plugins for Editor in 0.00 ms.
Unloading 15 Unused Serialized files (Serialized files now loaded: 0)
Unloading 6882 unused Assets / (3.8 MB). Loaded Objects now: 7624.
Memory consumption went from 153.5 MB to 149.8 MB.
Total: 5.983000 ms (FindLiveObjects: 0.325208 ms CreateObjectMapping: 0.140750 ms MarkObjects: 4.335125 ms  DeleteObjects: 1.181709 ms)

Prepare: number of updated asset objects reloaded= 0
========================================================================
Received Prepare
Begin MonoManager ReloadAssembly
[Licensing::Client] Successfully resolved entitlement details
Thread 0x16f5a7000 may have been prematurely finalized
- Loaded All Assemblies, in  0.437 seconds
Refreshing native plugins compatible for Editor in 0.35 ms, found 3 plugins.
Native extension for WindowsStandalone target not found
Native extension for OSXStandalone target not found
[Package Manager] Failed to launch server process. Reason: Unity was launched with the -noUpm command-line argument
[Package Manager] Unable to send message (not connected to server process).
[Package Manager] Cannot connect to Unity Package Manager local server
Mono: successfully reloaded assembly
- Finished resetting the current domain, in  0.488 seconds
Domain Reload Profiling: 928ms
	BeginReloadAssembly (116ms)
		ExecutionOrderSort (0ms)
		DisableScriptedObjects (8ms)
		BackupInstance (0ms)
		ReleaseScriptingObjects (0ms)
		CreateAndSetChildDomain (47ms)
	RebuildCommonClasses (23ms)
	RebuildNativeTypeToScriptingClass (9ms)
	initialDomainReloadingComplete (12ms)
	LoadAllAssembliesAndSetupDomain (279ms)
		LoadAssemblies (181ms)
		RebuildTransferFunctionScriptingTraits (0ms)
		AnalyzeDomain (122ms)
			TypeCache.Refresh (8ms)
				TypeCache.ScanAssembly (0ms)
			BuildScriptInfoCaches (105ms)
			ResolveRequiredComponents (7ms)
	FinalizeReload (488ms)
		ReleaseScriptCaches (0ms)
		RebuildScriptCaches (0ms)
		SetupLoadedEditorAssemblies (401ms)
			LogAssemblyErrors (0ms)
			InitializePlatformSupportModulesInManaged (1ms)
			SetLoadedEditorAssemblies (2ms)
			BeforeProcessingInitializeOnLoad (86ms)
			ProcessInitializeOnLoadAttributes (281ms)
			ProcessInitializeOnLoadMethodAttributes (30ms)
			AfterProcessingInitializeOnLoad (1ms)
			EditorAssembliesLoaded (0ms)
		ExecutionOrderSort2 (0ms)
		AwakeInstancesAfterBackupRestoration (9ms)
WARNING: Shader Unsupported: 'Universal Render Pipeline/VR/SpatialMapping/Wireframe' - All subshaders removed
WARNING: Shader Did you use #pragma only_renderers and omit this platform?
WARNING: Shader If subshaders removal was intentional, you may have forgotten turning Fallback off?
WARNING: Shader Unsupported: 'Universal Render Pipeline/VR/SpatialMapping/Wireframe' - All subshaders removed
WARNING: Shader Did you use #pragma only_renderers and omit this platform?
WARNING: Shader If subshaders removal was intentional, you may have forgotten turning Fallback off?
Refreshing native plugins compatible for Editor in 0.47 ms, found 3 plugins.
Preloading 0 native plugins for Editor in 0.00 ms.
Unloading 15 Unused Serialized files (Serialized files now loaded: 0)
Unloading 6882 unused Assets / (3.8 MB). Loaded Objects now: 7626.
Memory consumption went from 153.6 MB to 149.8 MB.
Total: 6.312708 ms (FindLiveObjects: 0.361375 ms CreateObjectMapping: 0.155500 ms MarkObjects: 4.488166 ms  DeleteObjects: 1.306833 ms)

Prepare: number of updated asset objects reloaded= 0
========================================================================
Received Import Request.
  Time since last request: 52380.153141 seconds.
  path: Assets/Sprites/Dungeon/Level 1/Background/background2.png
  artifactKey: Guid(47e2ca008ad71420c917fa73e1af6f77) Importer(815301076,1909f56bfc062723c751e8b465ee728b)
Start importing Assets/Sprites/Dungeon/Level 1/Background/background2.png using Guid(47e2ca008ad71420c917fa73e1af6f77) Importer(815301076,1909f56bfc062723c751e8b465ee728b) (PreviewImporter) -> (artifact id: '6cda9d42927ccfe7c7bde2dd7b5d381c') in 0.178233792 seconds
Number of updated asset objects reloaded before import = 0Number of asset objects unloaded after import = 3

========================================================================
Received Import Request.
  Time since last request: 0.753668 seconds.
  path: Assets/Sprites/Dungeon/Level 1/Background/background2.png
  artifactKey: Guid(47e2ca008ad71420c917fa73e1af6f77) Importer(2089858483,192608db42251d675da83286b1cce702)
Start importing Assets/Sprites/Dungeon/Level 1/Background/background2.png using Guid(47e2ca008ad71420c917fa73e1af6f77) Importer(2089858483,192608db42251d675da83286b1cce702) (ScriptedImporter) -> (artifact id: '4a746ca490b7085d35bd126991b00c30') in 0.127351875 seconds
Number of updated asset objects reloaded before import = 0Number of asset objects unloaded after import = 3

========================================================================
Received Import Request.
  Time since last request: 840.939536 seconds.
  path: Assets/Sprites/Village/Tileset.aseprite
  artifactKey: Guid(9f571f350b8f84ede97ddfb8b50d7795) Importer(2089858483,192608db42251d675da83286b1cce702)
Start importing Assets/Sprites/Village/Tileset.aseprite using Guid(9f571f350b8f84ede97ddfb8b50d7795) Importer(2089858483,192608db42251d675da83286b1cce702) (ScriptedImporter) -> (artifact id: '8750a2a0cf097280996c81959c3e5861') in 0.079115208 seconds
Number of updated asset objects reloaded before import = 0Number of asset objects unloaded after import = 1

========================================================================
Received Import Request.
  Time since last request: 116.455376 seconds.
  path: Assets/Sprites/Village/Tileset/Tileset.png
  artifactKey: Guid(1b5fa43719d9a46a8be00b8292351a05) Importer(815301076,1909f56bfc062723c751e8b465ee728b)
Start importing Assets/Sprites/Village/Tileset/Tileset.png using Guid(1b5fa43719d9a46a8be00b8292351a05) Importer(815301076,1909f56bfc062723c751e8b465ee728b) (PreviewImporter) -> (artifact id: '77a330d5b46579045886a71fe87e4abc') in 0.107684542 seconds
Number of updated asset objects reloaded before import = 0Number of asset objects unloaded after import = 9

========================================================================
Received Import Request.
  Time since last request: 0.000040 seconds.
  path: Assets/Sprites/Village/Tileset/Tileset_19.asset
  artifactKey: Guid(a3f2cedca55cf48dea3ee1c9f4514bdd) Importer(815301076,1909f56bfc062723c751e8b465ee728b)
Start importing Assets/Sprites/Village/Tileset/Tileset_19.asset using Guid(a3f2cedca55cf48dea3ee1c9f4514bdd) Importer(815301076,1909f56bfc062723c751e8b465ee728b) (PreviewImporter) -> (artifact id: '773bb1a518637cbb647fb269253433c8') in 0.050364167 seconds
Number of updated asset objects reloaded before import = 0Number of asset objects unloaded after import = 3

========================================================================
Received Import Request.
  Time since last request: 0.000041 seconds.
  path: Assets/Sprites/Village/Tileset/Tileset_12.asset
  artifactKey: Guid(c0b24fe4580c4497496cd15f384143e4) Importer(815301076,1909f56bfc062723c751e8b465ee728b)
Start importing Assets/Sprites/Village/Tileset/Tileset_12.asset using Guid(c0b24fe4580c4497496cd15f384143e4) Importer(815301076,1909f56bfc062723c751e8b465ee728b) (PreviewImporter) -> (artifact id: '694284b83222a9b3ec94d80ab47828a9') in 0.003536834 seconds
Number of updated asset objects reloaded before import = 0Number of asset objects unloaded after import = 3

========================================================================
Received Import Request.
  Time since last request: 0.000034 seconds.
  path: Assets/Sprites/Village/Tileset/Tileset_30.asset
  artifactKey: Guid(6b6224c3f6bdb4b84a2c4f4ae63aeb3a) Importer(815301076,1909f56bfc062723c751e8b465ee728b)
Start importing Assets/Sprites/Village/Tileset/Tileset_30.asset using Guid(6b6224c3f6bdb4b84a2c4f4ae63aeb3a) Importer(815301076,1909f56bfc062723c751e8b465ee728b) (PreviewImporter) -> (artifact id: 'b1adf7617ba13dceca223d9b46dc6e94') in 0.004308875 seconds
Number of updated asset objects reloaded before import = 0Number of asset objects unloaded after import = 3

========================================================================
Received Import Request.
  Time since last request: 0.000032 seconds.
  path: Assets/Sprites/Village/Tileset/Tileset_33.asset
  artifactKey: Guid(619ee350c9de74c0a8e25d36df79c27d) Importer(815301076,1909f56bfc062723c751e8b465ee728b)
Start importing Assets/Sprites/Village/Tileset/Tileset_33.asset using Guid(619ee350c9de74c0a8e25d36df79c27d) Importer(815301076,1909f56bfc062723c751e8b465ee728b) (PreviewImporter) -> (artifact id: 'e943909e2b76b47f870b2eaf0150ac4a') in 0.005580417 seconds
Number of updated asset objects reloaded before import = 0Number of asset objects unloaded after import = 3

========================================================================
Received Import Request.
  Time since last request: 0.000033 seconds.
  path: Assets/Sprites/Village/Tileset/Tileset_22.asset
  artifactKey: Guid(f99f766ea042641368c90079f7e7754a) Importer(815301076,1909f56bfc062723c751e8b465ee728b)
Start importing Assets/Sprites/Village/Tileset/Tileset_22.asset using Guid(f99f766ea042641368c90079f7e7754a) Importer(815301076,1909f56bfc062723c751e8b465ee728b) (PreviewImporter) -> (artifact id: 'b842b3c3c4bf855a1b0b2198fa4ead4e') in 0.009054209 seconds
Number of updated asset objects reloaded before import = 0Number of asset objects unloaded after import = 3

========================================================================
Received Import Request.
  Time since last request: 0.000046 seconds.
  path: Assets/Sprites/Village/Tileset/Tileset_24.asset
  artifactKey: Guid(505db6393966a49bcadf8d6ba68ad77a) Importer(815301076,1909f56bfc062723c751e8b465ee728b)
Start importing Assets/Sprites/Village/Tileset/Tileset_24.asset using Guid(505db6393966a49bcadf8d6ba68ad77a) Importer(815301076,1909f56bfc062723c751e8b465ee728b) (PreviewImporter) -> (artifact id: '9a5eb4808d04c7e88c6aac592012485a') in 0.003665542 seconds
Number of updated asset objects reloaded before import = 0Number of asset objects unloaded after import = 3

========================================================================
Received Import Request.
  Time since last request: 0.000032 seconds.
  path: Assets/Sprites/Village/Tileset/Tileset_54.asset
  artifactKey: Guid(c7d2744549f3e4882a8fc3100b08d786) Importer(815301076,1909f56bfc062723c751e8b465ee728b)
Start importing Assets/Sprites/Village/Tileset/Tileset_54.asset using Guid(c7d2744549f3e4882a8fc3100b08d786) Importer(815301076,1909f56bfc062723c751e8b465ee728b) (PreviewImporter) -> (artifact id: 'c55f3e056c1162434300f3538d025713') in 0.004268375 seconds
Number of updated asset objects reloaded before import = 0Number of asset objects unloaded after import = 3

========================================================================
Received Import Request.
  Time since last request: 0.000042 seconds.
  path: Assets/Sprites/Village/Tileset/Tileset_21.asset
  artifactKey: Guid(0a39d82b1f43c45cbabe142223d49c19) Importer(815301076,1909f56bfc062723c751e8b465ee728b)
Start importing Assets/Sprites/Village/Tileset/Tileset_21.asset using Guid(0a39d82b1f43c45cbabe142223d49c19) Importer(815301076,1909f56bfc062723c751e8b465ee728b) (PreviewImporter) -> (artifact id: '922c312a3e1d8758537a17761218219d') in 0.004191167 seconds
Number of updated asset objects reloaded before import = 0Number of asset objects unloaded after import = 3

========================================================================
Received Import Request.
  Time since last request: 0.000029 seconds.
  path: Assets/Sprites/Village/Tileset/Tileset_26.asset
  artifactKey: Guid(e39ec0f8fd3774c039b35abe4734c898) Importer(815301076,1909f56bfc062723c751e8b465ee728b)
Start importing Assets/Sprites/Village/Tileset/Tileset_26.asset using Guid(e39ec0f8fd3774c039b35abe4734c898) Importer(815301076,1909f56bfc062723c751e8b465ee728b) (PreviewImporter) -> (artifact id: '62c07a2c75139ecae8bb02435256303b') in 0.004477333 seconds
Number of updated asset objects reloaded before import = 0Number of asset objects unloaded after import = 3

========================================================================
Received Import Request.
  Time since last request: 0.000046 seconds.
  path: Assets/Sprites/Village/Tileset/Tileset_45.asset
  artifactKey: Guid(75122e6a779ba4f43a93015fbb6c7aa9) Importer(815301076,1909f56bfc062723c751e8b465ee728b)
Start importing Assets/Sprites/Village/Tileset/Tileset_45.asset using Guid(75122e6a779ba4f43a93015fbb6c7aa9) Importer(815301076,1909f56bfc062723c751e8b465ee728b) (PreviewImporter) -> (artifact id: '7e2e92140abf9cd91f2cbfac1dc139f4') in 0.003988334 seconds
Number of updated asset objects reloaded before import = 0Number of asset objects unloaded after import = 3

========================================================================
Received Import Request.
  Time since last request: 0.000033 seconds.
  path: Assets/Sprites/Village/Tileset/Tileset_36.asset
  artifactKey: Guid(aee28cdbba1c04f1c89be2065729acfa) Importer(815301076,1909f56bfc062723c751e8b465ee728b)
Start importing Assets/Sprites/Village/Tileset/Tileset_36.asset using Guid(aee28cdbba1c04f1c89be2065729acfa) Importer(815301076,1909f56bfc062723c751e8b465ee728b) (PreviewImporter) -> (artifact id: '29f3f9817857fb62d8c4233b71a58bd9') in 0.004041 seconds
Number of updated asset objects reloaded before import = 0Number of asset objects unloaded after import = 3

========================================================================
Received Import Request.
  Time since last request: 0.000036 seconds.
  path: Assets/Sprites/Village/Tileset/Tileset_37.asset
  artifactKey: Guid(f9fdace3bcfdc486ea5de71b0fffc0d8) Importer(815301076,1909f56bfc062723c751e8b465ee728b)
Start importing Assets/Sprites/Village/Tileset/Tileset_37.asset using Guid(f9fdace3bcfdc486ea5de71b0fffc0d8) Importer(815301076,1909f56bfc062723c751e8b465ee728b) (PreviewImporter) -> (artifact id: 'c5199276f19182cbf8a8b9a8fd732bd7') in 0.004541458 seconds
Number of updated asset objects reloaded before import = 0Number of asset objects unloaded after import = 3

========================================================================
Received Import Request.
  Time since last request: 0.000042 seconds.
  path: Assets/Sprites/Village/Tileset/Tileset_64.asset
  artifactKey: Guid(82fe9e1f8f1de4daa86a91ae97dec406) Importer(815301076,1909f56bfc062723c751e8b465ee728b)
Start importing Assets/Sprites/Village/Tileset/Tileset_64.asset using Guid(82fe9e1f8f1de4daa86a91ae97dec406) Importer(815301076,1909f56bfc062723c751e8b465ee728b) (PreviewImporter) -> (artifact id: 'e014b78d9f9fc4c6fcb98b3d2381eaad') in 0.0044405 seconds
Number of updated asset objects reloaded before import = 0Number of asset objects unloaded after import = 3

========================================================================
Received Import Request.
  Time since last request: 0.000041 seconds.
  path: Assets/Sprites/Village/Tileset/Tileset_15.asset
  artifactKey: Guid(b44bf3b6e9b974b52981b86476f6a507) Importer(815301076,1909f56bfc062723c751e8b465ee728b)
Start importing Assets/Sprites/Village/Tileset/Tileset_15.asset using Guid(b44bf3b6e9b974b52981b86476f6a507) Importer(815301076,1909f56bfc062723c751e8b465ee728b) (PreviewImporter) -> (artifact id: '97bbe27be9cdf72c0f0166c521e0dd7e') in 0.004192292 seconds
Number of updated asset objects reloaded before import = 0Number of asset objects unloaded after import = 3

========================================================================
Received Import Request.
  Time since last request: 0.000034 seconds.
  path: Assets/Sprites/Village/Tileset/Tileset_5.asset
  artifactKey: Guid(8f8713a4c4f5748c3b75597eb49bc2cb) Importer(815301076,1909f56bfc062723c751e8b465ee728b)
Start importing Assets/Sprites/Village/Tileset/Tileset_5.asset using Guid(8f8713a4c4f5748c3b75597eb49bc2cb) Importer(815301076,1909f56bfc062723c751e8b465ee728b) (PreviewImporter) -> (artifact id: '78947aa8070bce3e8119748a1a94d77c') in 0.004381041 seconds
Number of updated asset objects reloaded before import = 0Number of asset objects unloaded after import = 3

========================================================================
Received Import Request.
  Time since last request: 0.000033 seconds.
  path: Assets/Sprites/Village/Tileset/Tileset_3.asset
  artifactKey: Guid(d033431d2023a4637abefdcba10fcd88) Importer(815301076,1909f56bfc062723c751e8b465ee728b)
Start importing Assets/Sprites/Village/Tileset/Tileset_3.asset using Guid(d033431d2023a4637abefdcba10fcd88) Importer(815301076,1909f56bfc062723c751e8b465ee728b) (PreviewImporter) -> (artifact id: 'c70772e671f5f38de06b3c82f81da7c0') in 0.013822958 seconds
Number of updated asset objects reloaded before import = 0Number of asset objects unloaded after import = 3

========================================================================
Received Import Request.
  Time since last request: 0.000036 seconds.
  path: Assets/Sprites/Village/Tileset/Tileset_4.asset
  artifactKey: Guid(b2036c91cab0149408e937a1a4d761b1) Importer(815301076,1909f56bfc062723c751e8b465ee728b)
Start importing Assets/Sprites/Village/Tileset/Tileset_4.asset using Guid(b2036c91cab0149408e937a1a4d761b1) Importer(815301076,1909f56bfc062723c751e8b465ee728b) (PreviewImporter) -> (artifact id: 'e0da8dfe5687e2801ebc5093a0896704') in 0.004480584 seconds
Number of updated asset objects reloaded before import = 0Number of asset objects unloaded after import = 3

========================================================================
Received Import Request.
  Time since last request: 0.000032 seconds.
  path: Assets/Sprites/Village/Tileset/Tileset_66.asset
  artifactKey: Guid(3095dd91fd00e42ee92bb09c2f8dafa0) Importer(815301076,1909f56bfc062723c751e8b465ee728b)
Start importing Assets/Sprites/Village/Tileset/Tileset_66.asset using Guid(3095dd91fd00e42ee92bb09c2f8dafa0) Importer(815301076,1909f56bfc062723c751e8b465ee728b) (PreviewImporter) -> (artifact id: '859a32b30d1272aff43e5293b44e9f49') in 0.007160416 seconds
Number of updated asset objects reloaded before import = 0Number of asset objects unloaded after import = 3

========================================================================
Received Import Request.
  Time since last request: 0.000035 seconds.
  path: Assets/Sprites/Village/Tileset/Tileset_61.asset
  artifactKey: Guid(47053c168549240c886072b9be3fffcd) Importer(815301076,1909f56bfc062723c751e8b465ee728b)
Start importing Assets/Sprites/Village/Tileset/Tileset_61.asset using Guid(47053c168549240c886072b9be3fffcd) Importer(815301076,1909f56bfc062723c751e8b465ee728b) (PreviewImporter) -> (artifact id: '0500751f338c172f7b7ecf9941483ef9') in 0.004694375 seconds
Number of updated asset objects reloaded before import = 0Number of asset objects unloaded after import = 3

========================================================================
Received Import Request.
  Time since last request: 0.000046 seconds.
  path: Assets/Sprites/Village/Tileset/Tileset_6.asset
  artifactKey: Guid(0f0681794dc84432595e140959bd5290) Importer(815301076,1909f56bfc062723c751e8b465ee728b)
Start importing Assets/Sprites/Village/Tileset/Tileset_6.asset using Guid(0f0681794dc84432595e140959bd5290) Importer(815301076,1909f56bfc062723c751e8b465ee728b) (PreviewImporter) -> (artifact id: '109c8718ed7976a568c4142c768521f5') in 0.004721334 seconds
Number of updated asset objects reloaded before import = 0Number of asset objects unloaded after import = 3

========================================================================
Received Import Request.
  Time since last request: 0.000031 seconds.
  path: Assets/Sprites/Village/Tileset/Tileset_35.asset
  artifactKey: Guid(ec0497a8102e84d429ea2266d11dbcd9) Importer(815301076,1909f56bfc062723c751e8b465ee728b)
Start importing Assets/Sprites/Village/Tileset/Tileset_35.asset using Guid(ec0497a8102e84d429ea2266d11dbcd9) Importer(815301076,1909f56bfc062723c751e8b465ee728b) (PreviewImporter) -> (artifact id: 'e5d2263de2a1c2646baedff9f053d751') in 0.003909792 seconds
Number of updated asset objects reloaded before import = 0Number of asset objects unloaded after import = 3

========================================================================
Received Import Request.
  Time since last request: 0.000032 seconds.
  path: Assets/Sprites/Village/Tileset/Tileset_0.asset
  artifactKey: Guid(259a37b81768d44d09b369bc18825024) Importer(815301076,1909f56bfc062723c751e8b465ee728b)
Start importing Assets/Sprites/Village/Tileset/Tileset_0.asset using Guid(259a37b81768d44d09b369bc18825024) Importer(815301076,1909f56bfc062723c751e8b465ee728b) (PreviewImporter) -> (artifact id: '1a0d9a657fd8bf210a486b4d6ac7bf5c') in 0.004564917 seconds
Number of updated asset objects reloaded before import = 0Number of asset objects unloaded after import = 3

========================================================================
Received Import Request.
  Time since last request: 0.000027 seconds.
  path: Assets/Sprites/Village/Tileset/Tileset_25.asset
  artifactKey: Guid(84e2a1c2aa27c4717b3601521ea12ab3) Importer(815301076,1909f56bfc062723c751e8b465ee728b)
Start importing Assets/Sprites/Village/Tileset/Tileset_25.asset using Guid(84e2a1c2aa27c4717b3601521ea12ab3) Importer(815301076,1909f56bfc062723c751e8b465ee728b) (PreviewImporter) -> (artifact id: '7c120147a8d487eeae5a531d215746aa') in 0.004360541 seconds
Number of updated asset objects reloaded before import = 0Number of asset objects unloaded after import = 3

========================================================================
Received Import Request.
  Time since last request: 0.000033 seconds.
  path: Assets/Sprites/Village/Tileset/Tileset_52.asset
  artifactKey: Guid(79175eca28fd74ad49a86ba1fd4bd3dc) Importer(815301076,1909f56bfc062723c751e8b465ee728b)
Start importing Assets/Sprites/Village/Tileset/Tileset_52.asset using Guid(79175eca28fd74ad49a86ba1fd4bd3dc) Importer(815301076,1909f56bfc062723c751e8b465ee728b) (PreviewImporter) -> (artifact id: '66f3cb9cd643cca8204545e2ac952e92') in 0.003987459 seconds
Number of updated asset objects reloaded before import = 0Number of asset objects unloaded after import = 3

========================================================================
Received Import Request.
  Time since last request: 0.000032 seconds.
  path: Assets/Sprites/Village/Tileset/Tileset_43.asset
  artifactKey: Guid(0df8dfbc001c54c4bb2f92ecb1e9daec) Importer(815301076,1909f56bfc062723c751e8b465ee728b)
Start importing Assets/Sprites/Village/Tileset/Tileset_43.asset using Guid(0df8dfbc001c54c4bb2f92ecb1e9daec) Importer(815301076,1909f56bfc062723c751e8b465ee728b) (PreviewImporter) -> (artifact id: '5656ef4d475fada5cdc4dd399cc692d6') in 0.004819542 seconds
Number of updated asset objects reloaded before import = 0Number of asset objects unloaded after import = 3

========================================================================
Received Import Request.
  Time since last request: 0.000032 seconds.
  path: Assets/Sprites/Village/Tileset/Tileset_41.asset
  artifactKey: Guid(60d153d742382431a83acd25eac21947) Importer(815301076,1909f56bfc062723c751e8b465ee728b)
Start importing Assets/Sprites/Village/Tileset/Tileset_41.asset using Guid(60d153d742382431a83acd25eac21947) Importer(815301076,1909f56bfc062723c751e8b465ee728b) (PreviewImporter) -> (artifact id: 'c52261df734c0e9030e8c02ef45ac9b6') in 0.003967417 seconds
Number of updated asset objects reloaded before import = 0Number of asset objects unloaded after import = 3

========================================================================
Received Import Request.
  Time since last request: 0.000032 seconds.
  path: Assets/Sprites/Village/Tileset/Tileset_39.asset
  artifactKey: Guid(b3acb65b726f14321b54f82509675ede) Importer(815301076,1909f56bfc062723c751e8b465ee728b)
Start importing Assets/Sprites/Village/Tileset/Tileset_39.asset using Guid(b3acb65b726f14321b54f82509675ede) Importer(815301076,1909f56bfc062723c751e8b465ee728b) (PreviewImporter) -> (artifact id: 'd681b01d43107dce1ee3dfcbf2293eb3') in 0.00415475 seconds
Number of updated asset objects reloaded before import = 0Number of asset objects unloaded after import = 3

========================================================================
Received Import Request.
  Time since last request: 0.000039 seconds.
  path: Assets/Sprites/Village/Tileset/Tileset_57.asset
  artifactKey: Guid(e77c197bf14b348aea82e3f0ed790c3f) Importer(815301076,1909f56bfc062723c751e8b465ee728b)
Start importing Assets/Sprites/Village/Tileset/Tileset_57.asset using Guid(e77c197bf14b348aea82e3f0ed790c3f) Importer(815301076,1909f56bfc062723c751e8b465ee728b) (PreviewImporter) -> (artifact id: '620ed4fc5d8fa0cbdc18564e1db1ed01') in 0.004034 seconds
Number of updated asset objects reloaded before import = 0Number of asset objects unloaded after import = 3

========================================================================
Received Import Request.
  Time since last request: 0.000036 seconds.
  path: Assets/Sprites/Village/Tileset/Tileset_59.asset
  artifactKey: Guid(db5dee37eaef34bbc8f4bf793df79c77) Importer(815301076,1909f56bfc062723c751e8b465ee728b)
Start importing Assets/Sprites/Village/Tileset/Tileset_59.asset using Guid(db5dee37eaef34bbc8f4bf793df79c77) Importer(815301076,1909f56bfc062723c751e8b465ee728b) (PreviewImporter) -> (artifact id: '2aceaad663861954d4e359c368c1ec4c') in 0.004663375 seconds
Number of updated asset objects reloaded before import = 0Number of asset objects unloaded after import = 3

========================================================================
Received Import Request.
  Time since last request: 0.000030 seconds.
  path: Assets/Sprites/Village/Tileset/Tileset_31.asset
  artifactKey: Guid(b6b89ed6a43d640d7a9f77293d7a5e91) Importer(815301076,1909f56bfc062723c751e8b465ee728b)
Start importing Assets/Sprites/Village/Tileset/Tileset_31.asset using Guid(b6b89ed6a43d640d7a9f77293d7a5e91) Importer(815301076,1909f56bfc062723c751e8b465ee728b) (PreviewImporter) -> (artifact id: 'e0fb17b90133f1f370d56f7ee7ad9c67') in 0.0041805 seconds
Number of updated asset objects reloaded before import = 0Number of asset objects unloaded after import = 3

========================================================================
Received Import Request.
  Time since last request: 0.000033 seconds.
  path: Assets/Sprites/Village/Tileset/Tileset_29.asset
  artifactKey: Guid(2152cbbcecc59419ea1f1b0009e17e0c) Importer(815301076,1909f56bfc062723c751e8b465ee728b)
Start importing Assets/Sprites/Village/Tileset/Tileset_29.asset using Guid(2152cbbcecc59419ea1f1b0009e17e0c) Importer(815301076,1909f56bfc062723c751e8b465ee728b) (PreviewImporter) -> (artifact id: '04f33abeee2c75f9a7b6b1dd3a58d175') in 0.004100667 seconds
Number of updated asset objects reloaded before import = 0Number of asset objects unloaded after import = 3

========================================================================
Received Import Request.
  Time since last request: 0.000035 seconds.
  path: Assets/Sprites/Village/Tileset/Tileset_58.asset
  artifactKey: Guid(f7d9ed57c4e654d4ebb99b8814af6529) Importer(815301076,1909f56bfc062723c751e8b465ee728b)
Start importing Assets/Sprites/Village/Tileset/Tileset_58.asset using Guid(f7d9ed57c4e654d4ebb99b8814af6529) Importer(815301076,1909f56bfc062723c751e8b465ee728b) (PreviewImporter) -> (artifact id: '660dc91ae676cb3b4b71bed141aa2976') in 0.004077791 seconds
Number of updated asset objects reloaded before import = 0Number of asset objects unloaded after import = 3

========================================================================
Received Import Request.
  Time since last request: 0.000030 seconds.
  path: Assets/Sprites/Village/Tileset/Tileset_51.asset
  artifactKey: Guid(6fe4377e620d34dec8a3c1854937c835) Importer(815301076,1909f56bfc062723c751e8b465ee728b)
Start importing Assets/Sprites/Village/Tileset/Tileset_51.asset using Guid(6fe4377e620d34dec8a3c1854937c835) Importer(815301076,1909f56bfc062723c751e8b465ee728b) (PreviewImporter) -> (artifact id: '9bc324800cb7b1d0e1ac720352bdf654') in 0.004040541 seconds
Number of updated asset objects reloaded before import = 0Number of asset objects unloaded after import = 3

========================================================================
Received Import Request.
  Time since last request: 0.000036 seconds.
  path: Assets/Sprites/Village/Tileset/Tileset_46.asset
  artifactKey: Guid(81d26c24994af4805af10e6188966a75) Importer(815301076,1909f56bfc062723c751e8b465ee728b)
Start importing Assets/Sprites/Village/Tileset/Tileset_46.asset using Guid(81d26c24994af4805af10e6188966a75) Importer(815301076,1909f56bfc062723c751e8b465ee728b) (PreviewImporter) -> (artifact id: 'd495a9b1c7715d52144d9462884b561b') in 0.004258792 seconds
Number of updated asset objects reloaded before import = 0Number of asset objects unloaded after import = 3

========================================================================
Received Import Request.
  Time since last request: 0.000035 seconds.
  path: Assets/Sprites/Village/Tileset/Tileset_67.asset
  artifactKey: Guid(17e969e482989475cbe7da281a5a6d68) Importer(815301076,1909f56bfc062723c751e8b465ee728b)
Start importing Assets/Sprites/Village/Tileset/Tileset_67.asset using Guid(17e969e482989475cbe7da281a5a6d68) Importer(815301076,1909f56bfc062723c751e8b465ee728b) (PreviewImporter) -> (artifact id: 'dc76c60c32fa8367a3030adb3a319710') in 0.003927083 seconds
Number of updated asset objects reloaded before import = 0Number of asset objects unloaded after import = 3

========================================================================
Received Import Request.
  Time since last request: 0.000035 seconds.
  path: Assets/Sprites/Village/Tileset/Tileset_62.asset
  artifactKey: Guid(c74b83c7050c840f8983c47c8045ef07) Importer(815301076,1909f56bfc062723c751e8b465ee728b)
Start importing Assets/Sprites/Village/Tileset/Tileset_62.asset using Guid(c74b83c7050c840f8983c47c8045ef07) Importer(815301076,1909f56bfc062723c751e8b465ee728b) (PreviewImporter) -> (artifact id: '4ebe8290be4ccefc3897cde1d72065fd') in 0.004155708 seconds
Number of updated asset objects reloaded before import = 0Number of asset objects unloaded after import = 3

========================================================================
Received Import Request.
  Time since last request: 0.000032 seconds.
  path: Assets/Sprites/Village/Tileset/Tileset_68.asset
  artifactKey: Guid(0ff772de238f544369b2266bdde6bcdf) Importer(815301076,1909f56bfc062723c751e8b465ee728b)
Start importing Assets/Sprites/Village/Tileset/Tileset_68.asset using Guid(0ff772de238f544369b2266bdde6bcdf) Importer(815301076,1909f56bfc062723c751e8b465ee728b) (PreviewImporter) -> (artifact id: '31f1007135ea5a29fd660c1ee1bc7d0a') in 0.004114833 seconds
Number of updated asset objects reloaded before import = 0Number of asset objects unloaded after import = 3

========================================================================
Received Import Request.
  Time since last request: 0.000039 seconds.
  path: Assets/Sprites/Village/Tileset/Tileset_55.asset
  artifactKey: Guid(f5ac6ee04255b4a08a1922606762cc09) Importer(815301076,1909f56bfc062723c751e8b465ee728b)
Start importing Assets/Sprites/Village/Tileset/Tileset_55.asset using Guid(f5ac6ee04255b4a08a1922606762cc09) Importer(815301076,1909f56bfc062723c751e8b465ee728b) (PreviewImporter) -> (artifact id: '5a28cbd36441510d85d65e490f474daa') in 0.004083209 seconds
Number of updated asset objects reloaded before import = 0Number of asset objects unloaded after import = 3

========================================================================
Received Import Request.
  Time since last request: 25.885858 seconds.
  path: Assets/Sprites/Village/Tileset/Tileset_1.asset
  artifactKey: Guid(13fad71bb7de044b1843ec6eb4966e6c) Importer(815301076,1909f56bfc062723c751e8b465ee728b)
Start importing Assets/Sprites/Village/Tileset/Tileset_1.asset using Guid(13fad71bb7de044b1843ec6eb4966e6c) Importer(815301076,1909f56bfc062723c751e8b465ee728b) (PreviewImporter) -> (artifact id: '5560f71e309e91a4f9e17d1f36dd064c') in 0.038176209 seconds
Number of updated asset objects reloaded before import = 0Number of asset objects unloaded after import = 3

========================================================================
Received Import Request.
  Time since last request: 0.000039 seconds.
  path: Assets/Sprites/Village/Tileset/Tileset_19.asset
  artifactKey: Guid(a3f2cedca55cf48dea3ee1c9f4514bdd) Importer(815301076,1909f56bfc062723c751e8b465ee728b)
Start importing Assets/Sprites/Village/Tileset/Tileset_19.asset using Guid(a3f2cedca55cf48dea3ee1c9f4514bdd) Importer(815301076,1909f56bfc062723c751e8b465ee728b) (PreviewImporter) -> (artifact id: '717c63ebfa986675518f0dbd752523e3') in 0.011131375 seconds
Number of updated asset objects reloaded before import = 0Number of asset objects unloaded after import = 3

========================================================================
Received Import Request.
  Time since last request: 0.000028 seconds.
  path: Assets/Sprites/Village/Tileset/Tileset_33.asset
  artifactKey: Guid(619ee350c9de74c0a8e25d36df79c27d) Importer(815301076,1909f56bfc062723c751e8b465ee728b)
Start importing Assets/Sprites/Village/Tileset/Tileset_33.asset using Guid(619ee350c9de74c0a8e25d36df79c27d) Importer(815301076,1909f56bfc062723c751e8b465ee728b) (PreviewImporter) -> (artifact id: 'ddc925b84fcabde3eb3a60d7c213bbbf') in 0.00402875 seconds
Number of updated asset objects reloaded before import = 0Number of asset objects unloaded after import = 3

========================================================================
Received Import Request.
  Time since last request: 0.000031 seconds.
  path: Assets/Sprites/Village/Tileset/Tileset_24.asset
  artifactKey: Guid(505db6393966a49bcadf8d6ba68ad77a) Importer(815301076,1909f56bfc062723c751e8b465ee728b)
Start importing Assets/Sprites/Village/Tileset/Tileset_24.asset using Guid(505db6393966a49bcadf8d6ba68ad77a) Importer(815301076,1909f56bfc062723c751e8b465ee728b) (PreviewImporter) -> (artifact id: '4fc87279a5cd282b5ffc95b4545e4d26') in 0.004314041 seconds
Number of updated asset objects reloaded before import = 0Number of asset objects unloaded after import = 3

========================================================================
Received Import Request.
  Time since last request: 0.000034 seconds.
  path: Assets/Sprites/Village/Tileset/Tileset_21.asset
  artifactKey: Guid(0a39d82b1f43c45cbabe142223d49c19) Importer(815301076,1909f56bfc062723c751e8b465ee728b)
Start importing Assets/Sprites/Village/Tileset/Tileset_21.asset using Guid(0a39d82b1f43c45cbabe142223d49c19) Importer(815301076,1909f56bfc062723c751e8b465ee728b) (PreviewImporter) -> (artifact id: '06e2bede0936443036e7fd6603bab278') in 0.004125 seconds
Number of updated asset objects reloaded before import = 0Number of asset objects unloaded after import = 3

========================================================================
Received Import Request.
  Time since last request: 0.000034 seconds.
  path: Assets/Sprites/Village/Tileset/Tileset_45.asset
  artifactKey: Guid(75122e6a779ba4f43a93015fbb6c7aa9) Importer(815301076,1909f56bfc062723c751e8b465ee728b)
Start importing Assets/Sprites/Village/Tileset/Tileset_45.asset using Guid(75122e6a779ba4f43a93015fbb6c7aa9) Importer(815301076,1909f56bfc062723c751e8b465ee728b) (PreviewImporter) -> (artifact id: '9a5032d5b28ac416b8e8ccd0f3d76d5a') in 0.0042935 seconds
Number of updated asset objects reloaded before import = 0Number of asset objects unloaded after import = 3

========================================================================
Received Import Request.
  Time since last request: 0.000036 seconds.
  path: Assets/Sprites/Village/Tileset/Tileset_7.asset
  artifactKey: Guid(e57825890c66e43fda133273b46074ac) Importer(815301076,1909f56bfc062723c751e8b465ee728b)
Start importing Assets/Sprites/Village/Tileset/Tileset_7.asset using Guid(e57825890c66e43fda133273b46074ac) Importer(815301076,1909f56bfc062723c751e8b465ee728b) (PreviewImporter) -> (artifact id: '8d938d70d123318eb16d3a6876a03d55') in 0.003727417 seconds
Number of updated asset objects reloaded before import = 0Number of asset objects unloaded after import = 3

========================================================================
Received Import Request.
  Time since last request: 0.000041 seconds.
  path: Assets/Sprites/Village/Tileset/Tileset_40.asset
  artifactKey: Guid(8f878e9cdffc641fab64ebe908b164d5) Importer(815301076,1909f56bfc062723c751e8b465ee728b)
Start importing Assets/Sprites/Village/Tileset/Tileset_40.asset using Guid(8f878e9cdffc641fab64ebe908b164d5) Importer(815301076,1909f56bfc062723c751e8b465ee728b) (PreviewImporter) -> (artifact id: 'fb5db876febe43ae4ac5db31410ef0a1') in 0.004151 seconds
Number of updated asset objects reloaded before import = 0Number of asset objects unloaded after import = 3

========================================================================
Received Import Request.
  Time since last request: 0.000034 seconds.
  path: Assets/Sprites/Village/Tileset/Tileset_47.asset
  artifactKey: Guid(6e865dc5683694f46b735d185fe61dbc) Importer(815301076,1909f56bfc062723c751e8b465ee728b)
Start importing Assets/Sprites/Village/Tileset/Tileset_47.asset using Guid(6e865dc5683694f46b735d185fe61dbc) Importer(815301076,1909f56bfc062723c751e8b465ee728b) (PreviewImporter) -> (artifact id: '8fef566b00dfd6d004670d9377fecacb') in 0.00455775 seconds
Number of updated asset objects reloaded before import = 0Number of asset objects unloaded after import = 3

========================================================================
Received Import Request.
  Time since last request: 0.000035 seconds.
  path: Assets/Sprites/Village/Tileset/Tileset_34.asset
  artifactKey: Guid(80f088537d96d4ba2ba740ce8d187b9c) Importer(815301076,1909f56bfc062723c751e8b465ee728b)
Start importing Assets/Sprites/Village/Tileset/Tileset_34.asset using Guid(80f088537d96d4ba2ba740ce8d187b9c) Importer(815301076,1909f56bfc062723c751e8b465ee728b) (PreviewImporter) -> (artifact id: '33c46f59da2bb0118d48d5f6450f502c') in 0.0050865 seconds
Number of updated asset objects reloaded before import = 0Number of asset objects unloaded after import = 3

========================================================================
Received Import Request.
  Time since last request: 0.000029 seconds.
  path: Assets/Sprites/Village/Tileset/Tileset_48.asset
  artifactKey: Guid(46d0b0b8b10554c1c835417490622111) Importer(815301076,1909f56bfc062723c751e8b465ee728b)
Start importing Assets/Sprites/Village/Tileset/Tileset_48.asset using Guid(46d0b0b8b10554c1c835417490622111) Importer(815301076,1909f56bfc062723c751e8b465ee728b) (PreviewImporter) -> (artifact id: '37d545fd033c3c02d5b31ec594c00528') in 0.004405167 seconds
Number of updated asset objects reloaded before import = 0Number of asset objects unloaded after import = 3

========================================================================
Received Import Request.
  Time since last request: 0.000032 seconds.
  path: Assets/Sprites/Village/Tileset/Tileset_61.asset
  artifactKey: Guid(47053c168549240c886072b9be3fffcd) Importer(815301076,1909f56bfc062723c751e8b465ee728b)
Start importing Assets/Sprites/Village/Tileset/Tileset_61.asset using Guid(47053c168549240c886072b9be3fffcd) Importer(815301076,1909f56bfc062723c751e8b465ee728b) (PreviewImporter) -> (artifact id: 'c647c22e7afb3940fdb3a0160cd2cd47') in 0.004485334 seconds
Number of updated asset objects reloaded before import = 0Number of asset objects unloaded after import = 3

========================================================================
Received Import Request.
  Time since last request: 0.000032 seconds.
  path: Assets/Sprites/Village/Tileset/Tileset_53.asset
  artifactKey: Guid(f40b6c4d458d24e8594e00e9afe1a588) Importer(815301076,1909f56bfc062723c751e8b465ee728b)
Start importing Assets/Sprites/Village/Tileset/Tileset_53.asset using Guid(f40b6c4d458d24e8594e00e9afe1a588) Importer(815301076,1909f56bfc062723c751e8b465ee728b) (PreviewImporter) -> (artifact id: '6df2b287dd57fad6c267d5a59bdf9b00') in 0.004240167 seconds
Number of updated asset objects reloaded before import = 0Number of asset objects unloaded after import = 3

========================================================================
Received Import Request.
  Time since last request: 0.000056 seconds.
  path: Assets/Sprites/Village/Tileset/Tileset_20.asset
  artifactKey: Guid(fb4b7ad052e3f4915b29aa2a6f966d16) Importer(815301076,1909f56bfc062723c751e8b465ee728b)
Start importing Assets/Sprites/Village/Tileset/Tileset_20.asset using Guid(fb4b7ad052e3f4915b29aa2a6f966d16) Importer(815301076,1909f56bfc062723c751e8b465ee728b) (PreviewImporter) -> (artifact id: '8842b98713c1d4d3e7b664899f1b864c') in 0.00489775 seconds
Number of updated asset objects reloaded before import = 0Number of asset objects unloaded after import = 3

========================================================================
Received Import Request.
  Time since last request: 0.000028 seconds.
  path: Assets/Sprites/Village/Tileset/Tileset_18.asset
  artifactKey: Guid(57eee536e4aad43608e8cb62fb96869f) Importer(815301076,1909f56bfc062723c751e8b465ee728b)
Start importing Assets/Sprites/Village/Tileset/Tileset_18.asset using Guid(57eee536e4aad43608e8cb62fb96869f) Importer(815301076,1909f56bfc062723c751e8b465ee728b) (PreviewImporter) -> (artifact id: '22e9888f4a5f6ff527ecc0b0befffde8') in 0.004414375 seconds
Number of updated asset objects reloaded before import = 0Number of asset objects unloaded after import = 3

========================================================================
Received Import Request.
  Time since last request: 0.000036 seconds.
  path: Assets/Sprites/Village/Tileset/Tileset_49.asset
  artifactKey: Guid(29c9bc483c7f04f59b69f4e7f1686197) Importer(815301076,1909f56bfc062723c751e8b465ee728b)
Start importing Assets/Sprites/Village/Tileset/Tileset_49.asset using Guid(29c9bc483c7f04f59b69f4e7f1686197) Importer(815301076,1909f56bfc062723c751e8b465ee728b) (PreviewImporter) -> (artifact id: 'daf61a93c015d48842cb9b9d1ee6c773') in 0.003975291 seconds
Number of updated asset objects reloaded before import = 0Number of asset objects unloaded after import = 3

========================================================================
Received Import Request.
  Time since last request: 0.000031 seconds.
  path: Assets/Sprites/Village/Tileset/Tileset_44.asset
  artifactKey: Guid(1f203a292d6724bf0b5c91d1b0a8d1b5) Importer(815301076,1909f56bfc062723c751e8b465ee728b)
Start importing Assets/Sprites/Village/Tileset/Tileset_44.asset using Guid(1f203a292d6724bf0b5c91d1b0a8d1b5) Importer(815301076,1909f56bfc062723c751e8b465ee728b) (PreviewImporter) -> (artifact id: 'e3fd3d9c185d3f84af751a5c6a0f42d2') in 0.004572042 seconds
Number of updated asset objects reloaded before import = 0Number of asset objects unloaded after import = 3

========================================================================
Received Import Request.
  Time since last request: 0.000040 seconds.
  path: Assets/Sprites/Village/Tileset/Tileset_59.asset
  artifactKey: Guid(db5dee37eaef34bbc8f4bf793df79c77) Importer(815301076,1909f56bfc062723c751e8b465ee728b)
Start importing Assets/Sprites/Village/Tileset/Tileset_59.asset using Guid(db5dee37eaef34bbc8f4bf793df79c77) Importer(815301076,1909f56bfc062723c751e8b465ee728b) (PreviewImporter) -> (artifact id: 'bd8685871718889bdc5d0fe66ffca187') in 0.004469458 seconds
Number of updated asset objects reloaded before import = 0Number of asset objects unloaded after import = 3

========================================================================
Received Import Request.
  Time since last request: 0.000027 seconds.
  path: Assets/Sprites/Village/Tileset/Tileset_29.asset
  artifactKey: Guid(2152cbbcecc59419ea1f1b0009e17e0c) Importer(815301076,1909f56bfc062723c751e8b465ee728b)
Start importing Assets/Sprites/Village/Tileset/Tileset_29.asset using Guid(2152cbbcecc59419ea1f1b0009e17e0c) Importer(815301076,1909f56bfc062723c751e8b465ee728b) (PreviewImporter) -> (artifact id: 'af5baedf0261b3ffbcc58c9e423d32a7') in 0.004797125 seconds
Number of updated asset objects reloaded before import = 0Number of asset objects unloaded after import = 3

========================================================================
Received Import Request.
  Time since last request: 0.000033 seconds.
  path: Assets/Sprites/Village/Tileset/Tileset_58.asset
  artifactKey: Guid(f7d9ed57c4e654d4ebb99b8814af6529) Importer(815301076,1909f56bfc062723c751e8b465ee728b)
Start importing Assets/Sprites/Village/Tileset/Tileset_58.asset using Guid(f7d9ed57c4e654d4ebb99b8814af6529) Importer(815301076,1909f56bfc062723c751e8b465ee728b) (PreviewImporter) -> (artifact id: '94532e60bc5956008213c75cb7436244') in 0.004911458 seconds
Number of updated asset objects reloaded before import = 0Number of asset objects unloaded after import = 3

========================================================================
Received Import Request.
  Time since last request: 0.000050 seconds.
  path: Assets/Sprites/Village/Tileset/Tileset_71.asset
  artifactKey: Guid(8720705e2d7e74f7e8410706b8c9f1fc) Importer(815301076,1909f56bfc062723c751e8b465ee728b)
Start importing Assets/Sprites/Village/Tileset/Tileset_71.asset using Guid(8720705e2d7e74f7e8410706b8c9f1fc) Importer(815301076,1909f56bfc062723c751e8b465ee728b) (PreviewImporter) -> (artifact id: 'be951bc56c7643a3afb13ecdc4d55c71') in 0.004851958 seconds
Number of updated asset objects reloaded before import = 0Number of asset objects unloaded after import = 3

========================================================================
Received Import Request.
  Time since last request: 0.000043 seconds.
  path: Assets/Sprites/Village/Tileset/Tileset_67.asset
  artifactKey: Guid(17e969e482989475cbe7da281a5a6d68) Importer(815301076,1909f56bfc062723c751e8b465ee728b)
Start importing Assets/Sprites/Village/Tileset/Tileset_67.asset using Guid(17e969e482989475cbe7da281a5a6d68) Importer(815301076,1909f56bfc062723c751e8b465ee728b) (PreviewImporter) -> (artifact id: '803f69209d5d6ee338b60ca7a84f21c9') in 0.004881042 seconds
Number of updated asset objects reloaded before import = 0Number of asset objects unloaded after import = 3

========================================================================
Received Import Request.
  Time since last request: 0.000029 seconds.
  path: Assets/Sprites/Village/Tileset/Tileset_14.asset
  artifactKey: Guid(95e167b4e1f6c4f31a481b93b692e50c) Importer(815301076,1909f56bfc062723c751e8b465ee728b)
Start importing Assets/Sprites/Village/Tileset/Tileset_14.asset using Guid(95e167b4e1f6c4f31a481b93b692e50c) Importer(815301076,1909f56bfc062723c751e8b465ee728b) (PreviewImporter) -> (artifact id: '390bd6ec2a34a315857a4118862ae1ac') in 0.004494375 seconds
Number of updated asset objects reloaded before import = 0Number of asset objects unloaded after import = 3

========================================================================
Received Import Request.
  Time since last request: 0.000027 seconds.
  path: Assets/Sprites/Village/Tileset/Tileset_68.asset
  artifactKey: Guid(0ff772de238f544369b2266bdde6bcdf) Importer(815301076,1909f56bfc062723c751e8b465ee728b)
Start importing Assets/Sprites/Village/Tileset/Tileset_68.asset using Guid(0ff772de238f544369b2266bdde6bcdf) Importer(815301076,1909f56bfc062723c751e8b465ee728b) (PreviewImporter) -> (artifact id: '69db9c77ae957bed8bacc7650ebbae26') in 0.005688833 seconds
Number of updated asset objects reloaded before import = 0Number of asset objects unloaded after import = 3

========================================================================
Received Import Request.
  Time since last request: 70.645508 seconds.
  path: Assets/Sprites/Village/Tileset/Tileset_0.asset
  artifactKey: Guid(259a37b81768d44d09b369bc18825024) Importer(815301076,1909f56bfc062723c751e8b465ee728b)
Start importing Assets/Sprites/Village/Tileset/Tileset_0.asset using Guid(259a37b81768d44d09b369bc18825024) Importer(815301076,1909f56bfc062723c751e8b465ee728b) (PreviewImporter) -> (artifact id: '6c16930bed5d88b60ed9b1341ce14051') in 0.078149833 seconds
Number of updated asset objects reloaded before import = 0Number of asset objects unloaded after import = 3

========================================================================
Received Import Request.
  Time since last request: 0.000064 seconds.
  path: Assets/Sprites/Village/Tileset/Tileset_19.asset
  artifactKey: Guid(a3f2cedca55cf48dea3ee1c9f4514bdd) Importer(815301076,1909f56bfc062723c751e8b465ee728b)
Start importing Assets/Sprites/Village/Tileset/Tileset_19.asset using Guid(a3f2cedca55cf48dea3ee1c9f4514bdd) Importer(815301076,1909f56bfc062723c751e8b465ee728b) (PreviewImporter) -> (artifact id: '24667a08311d61ca0c8355a70c84bd96') in 0.00757475 seconds
Number of updated asset objects reloaded before import = 0Number of asset objects unloaded after import = 3

========================================================================
Received Import Request.
  Time since last request: 0.000023 seconds.
  path: Assets/Sprites/Village/Tileset/Tileset_33.asset
  artifactKey: Guid(619ee350c9de74c0a8e25d36df79c27d) Importer(815301076,1909f56bfc062723c751e8b465ee728b)
Start importing Assets/Sprites/Village/Tileset/Tileset_33.asset using Guid(619ee350c9de74c0a8e25d36df79c27d) Importer(815301076,1909f56bfc062723c751e8b465ee728b) (PreviewImporter) -> (artifact id: 'f0c9251ea79a1a9d450fb3b10a42d738') in 0.005414542 seconds
Number of updated asset objects reloaded before import = 0Number of asset objects unloaded after import = 3

========================================================================
Received Import Request.
  Time since last request: 0.000079 seconds.
  path: Assets/Sprites/Village/Tileset/Tileset_56.asset
  artifactKey: Guid(80a782bf8a53d4b1cace38ba13a4ec75) Importer(815301076,1909f56bfc062723c751e8b465ee728b)
Start importing Assets/Sprites/Village/Tileset/Tileset_56.asset using Guid(80a782bf8a53d4b1cace38ba13a4ec75) Importer(815301076,1909f56bfc062723c751e8b465ee728b) (PreviewImporter) -> (artifact id: '7d1de5aebca20724d32a145e82785130') in 0.003876 seconds
Number of updated asset objects reloaded before import = 0Number of asset objects unloaded after import = 3

========================================================================
Received Import Request.
  Time since last request: 0.000055 seconds.
  path: Assets/Sprites/Village/Tileset/Tileset_24.asset
  artifactKey: Guid(505db6393966a49bcadf8d6ba68ad77a) Importer(815301076,1909f56bfc062723c751e8b465ee728b)
Start importing Assets/Sprites/Village/Tileset/Tileset_24.asset using Guid(505db6393966a49bcadf8d6ba68ad77a) Importer(815301076,1909f56bfc062723c751e8b465ee728b) (PreviewImporter) -> (artifact id: 'a9c4784e28f173d2e80a1734adf0be96') in 0.003924458 seconds
Number of updated asset objects reloaded before import = 0Number of asset objects unloaded after import = 3

========================================================================
Received Import Request.
  Time since last request: 0.000044 seconds.
  path: Assets/Sprites/Village/Tileset/Tileset_2.asset
  artifactKey: Guid(d9ce1585d340b465faadaf64a331efbf) Importer(815301076,1909f56bfc062723c751e8b465ee728b)
Start importing Assets/Sprites/Village/Tileset/Tileset_2.asset using Guid(d9ce1585d340b465faadaf64a331efbf) Importer(815301076,1909f56bfc062723c751e8b465ee728b) (PreviewImporter) -> (artifact id: '6695c3bac401a545b578241abaa6abd6') in 0.009510208 seconds
Number of updated asset objects reloaded before import = 0Number of asset objects unloaded after import = 3

========================================================================
Received Import Request.
  Time since last request: 0.000039 seconds.
  path: Assets/Sprites/Village/Tileset/Tileset_17.asset
  artifactKey: Guid(58fee68c6723345a2b2bc4ee35b14ee9) Importer(815301076,1909f56bfc062723c751e8b465ee728b)
Start importing Assets/Sprites/Village/Tileset/Tileset_17.asset using Guid(58fee68c6723345a2b2bc4ee35b14ee9) Importer(815301076,1909f56bfc062723c751e8b465ee728b) (PreviewImporter) -> (artifact id: '28241ec76d99db11e4961c80f3511131') in 0.005015042 seconds
Number of updated asset objects reloaded before import = 0Number of asset objects unloaded after import = 3

========================================================================
Received Import Request.
  Time since last request: 0.000034 seconds.
  path: Assets/Sprites/Village/Tileset/Tileset_8.asset
  artifactKey: Guid(06541280516764384a12b5027dc286db) Importer(815301076,1909f56bfc062723c751e8b465ee728b)
Start importing Assets/Sprites/Village/Tileset/Tileset_8.asset using Guid(06541280516764384a12b5027dc286db) Importer(815301076,1909f56bfc062723c751e8b465ee728b) (PreviewImporter) -> (artifact id: 'f600f7f37cfff4ea2d25d2e33ed95530') in 0.004632333 seconds
Number of updated asset objects reloaded before import = 0Number of asset objects unloaded after import = 3

========================================================================
Received Import Request.
  Time since last request: 0.000052 seconds.
  path: Assets/Sprites/Village/Tileset/Tileset_10.asset
  artifactKey: Guid(7f99813d20c404be69f58c326c664489) Importer(815301076,1909f56bfc062723c751e8b465ee728b)
Start importing Assets/Sprites/Village/Tileset/Tileset_10.asset using Guid(7f99813d20c404be69f58c326c664489) Importer(815301076,1909f56bfc062723c751e8b465ee728b) (PreviewImporter) -> (artifact id: '720cafcf900b1384b7b47f17b366b456') in 0.005995791 seconds
Number of updated asset objects reloaded before import = 0Number of asset objects unloaded after import = 3

========================================================================
Received Import Request.
  Time since last request: 0.000034 seconds.
  path: Assets/Sprites/Village/Tileset/Tileset_7.asset
  artifactKey: Guid(e57825890c66e43fda133273b46074ac) Importer(815301076,1909f56bfc062723c751e8b465ee728b)
Start importing Assets/Sprites/Village/Tileset/Tileset_7.asset using Guid(e57825890c66e43fda133273b46074ac) Importer(815301076,1909f56bfc062723c751e8b465ee728b) (PreviewImporter) -> (artifact id: '42323244d69ca8451934bedb0a593cd7') in 0.004893583 seconds
Number of updated asset objects reloaded before import = 0Number of asset objects unloaded after import = 3

========================================================================
Received Import Request.
  Time since last request: 0.000051 seconds.
  path: Assets/Sprites/Village/Tileset/Tileset_40.asset
  artifactKey: Guid(8f878e9cdffc641fab64ebe908b164d5) Importer(815301076,1909f56bfc062723c751e8b465ee728b)
Start importing Assets/Sprites/Village/Tileset/Tileset_40.asset using Guid(8f878e9cdffc641fab64ebe908b164d5) Importer(815301076,1909f56bfc062723c751e8b465ee728b) (PreviewImporter) -> (artifact id: 'e20be7688b77da69fed5e66628ab3a55') in 0.004433125 seconds
Number of updated asset objects reloaded before import = 0Number of asset objects unloaded after import = 3

========================================================================
Received Import Request.
  Time since last request: 0.000044 seconds.
  path: Assets/Sprites/Village/Tileset/Tileset_64.asset
  artifactKey: Guid(82fe9e1f8f1de4daa86a91ae97dec406) Importer(815301076,1909f56bfc062723c751e8b465ee728b)
Start importing Assets/Sprites/Village/Tileset/Tileset_64.asset using Guid(82fe9e1f8f1de4daa86a91ae97dec406) Importer(815301076,1909f56bfc062723c751e8b465ee728b) (PreviewImporter) -> (artifact id: '464fe188e90ec3f747d3d1cc44f07f68') in 0.004223875 seconds
Number of updated asset objects reloaded before import = 0Number of asset objects unloaded after import = 3

========================================================================
Received Import Request.
  Time since last request: 0.000032 seconds.
  path: Assets/Sprites/Village/Tileset/Tileset_15.asset
  artifactKey: Guid(b44bf3b6e9b974b52981b86476f6a507) Importer(815301076,1909f56bfc062723c751e8b465ee728b)
Start importing Assets/Sprites/Village/Tileset/Tileset_15.asset using Guid(b44bf3b6e9b974b52981b86476f6a507) Importer(815301076,1909f56bfc062723c751e8b465ee728b) (PreviewImporter) -> (artifact id: '755667a2a7cbbc95b6651a2e3b77fa70') in 0.003765125 seconds
Number of updated asset objects reloaded before import = 0Number of asset objects unloaded after import = 3

========================================================================
Received Import Request.
  Time since last request: 0.000071 seconds.
  path: Assets/Sprites/Village/Tileset/Tileset_34.asset
  artifactKey: Guid(80f088537d96d4ba2ba740ce8d187b9c) Importer(815301076,1909f56bfc062723c751e8b465ee728b)
Start importing Assets/Sprites/Village/Tileset/Tileset_34.asset using Guid(80f088537d96d4ba2ba740ce8d187b9c) Importer(815301076,1909f56bfc062723c751e8b465ee728b) (PreviewImporter) -> (artifact id: '8ddc16c326c9ff0acc0c3abfeb3b6901') in 0.004383625 seconds
Number of updated asset objects reloaded before import = 0Number of asset objects unloaded after import = 3

========================================================================
Received Import Request.
  Time since last request: 0.000032 seconds.
  path: Assets/Sprites/Village/Tileset/Tileset_3.asset
  artifactKey: Guid(d033431d2023a4637abefdcba10fcd88) Importer(815301076,1909f56bfc062723c751e8b465ee728b)
Start importing Assets/Sprites/Village/Tileset/Tileset_3.asset using Guid(d033431d2023a4637abefdcba10fcd88) Importer(815301076,1909f56bfc062723c751e8b465ee728b) (PreviewImporter) -> (artifact id: '89f5a18b6cb88455bc416babc9989a9c') in 0.004373 seconds
Number of updated asset objects reloaded before import = 0Number of asset objects unloaded after import = 3

========================================================================
Received Import Request.
  Time since last request: 0.000045 seconds.
  path: Assets/Sprites/Village/Tileset/Tileset_48.asset
  artifactKey: Guid(46d0b0b8b10554c1c835417490622111) Importer(815301076,1909f56bfc062723c751e8b465ee728b)
Start importing Assets/Sprites/Village/Tileset/Tileset_48.asset using Guid(46d0b0b8b10554c1c835417490622111) Importer(815301076,1909f56bfc062723c751e8b465ee728b) (PreviewImporter) -> (artifact id: 'cf8da62a2f367d8b68d06a3be572db3c') in 0.005977458 seconds
Number of updated asset objects reloaded before import = 0Number of asset objects unloaded after import = 3

========================================================================
Received Import Request.
  Time since last request: 0.000043 seconds.
  path: Assets/Sprites/Village/Tileset/Tileset_66.asset
  artifactKey: Guid(3095dd91fd00e42ee92bb09c2f8dafa0) Importer(815301076,1909f56bfc062723c751e8b465ee728b)
Start importing Assets/Sprites/Village/Tileset/Tileset_66.asset using Guid(3095dd91fd00e42ee92bb09c2f8dafa0) Importer(815301076,1909f56bfc062723c751e8b465ee728b) (PreviewImporter) -> (artifact id: 'f3d08f15241a7b2633270a871dabcb48') in 0.005006333 seconds
Number of updated asset objects reloaded before import = 0Number of asset objects unloaded after import = 3

========================================================================
Received Import Request.
  Time since last request: 0.000033 seconds.
  path: Assets/Sprites/Village/Tileset/Tileset_1.asset
  artifactKey: Guid(13fad71bb7de044b1843ec6eb4966e6c) Importer(815301076,1909f56bfc062723c751e8b465ee728b)
Start importing Assets/Sprites/Village/Tileset/Tileset_1.asset using Guid(13fad71bb7de044b1843ec6eb4966e6c) Importer(815301076,1909f56bfc062723c751e8b465ee728b) (PreviewImporter) -> (artifact id: 'd236ec223f063aff5d9a370289336769') in 0.004048875 seconds
Number of updated asset objects reloaded before import = 0Number of asset objects unloaded after import = 3

========================================================================
Received Import Request.
  Time since last request: 0.000042 seconds.
  path: Assets/Sprites/Village/Tileset/Tileset_69.asset
  artifactKey: Guid(6c95adb87029a492b8b3d362ffbc8310) Importer(815301076,1909f56bfc062723c751e8b465ee728b)
Start importing Assets/Sprites/Village/Tileset/Tileset_69.asset using Guid(6c95adb87029a492b8b3d362ffbc8310) Importer(815301076,1909f56bfc062723c751e8b465ee728b) (PreviewImporter) -> (artifact id: 'f731682ac57c9972ca5faa533e3e2521') in 0.003533167 seconds
Number of updated asset objects reloaded before import = 0Number of asset objects unloaded after import = 3

========================================================================
Received Import Request.
  Time since last request: 0.000035 seconds.
  path: Assets/Sprites/Village/Tileset/Tileset_35.asset
  artifactKey: Guid(ec0497a8102e84d429ea2266d11dbcd9) Importer(815301076,1909f56bfc062723c751e8b465ee728b)
Start importing Assets/Sprites/Village/Tileset/Tileset_35.asset using Guid(ec0497a8102e84d429ea2266d11dbcd9) Importer(815301076,1909f56bfc062723c751e8b465ee728b) (PreviewImporter) -> (artifact id: '2e11772e49dd6c8fd78da7ab944cd94b') in 0.003567667 seconds
Number of updated asset objects reloaded before import = 0Number of asset objects unloaded after import = 3

========================================================================
Received Import Request.
  Time since last request: 0.000029 seconds.
  path: Assets/Sprites/Village/Tileset/Tileset_20.asset
  artifactKey: Guid(fb4b7ad052e3f4915b29aa2a6f966d16) Importer(815301076,1909f56bfc062723c751e8b465ee728b)
Start importing Assets/Sprites/Village/Tileset/Tileset_20.asset using Guid(fb4b7ad052e3f4915b29aa2a6f966d16) Importer(815301076,1909f56bfc062723c751e8b465ee728b) (PreviewImporter) -> (artifact id: 'ca8eb94ee6f99ce499da84ac1ffabd15') in 0.004659958 seconds
Number of updated asset objects reloaded before import = 0Number of asset objects unloaded after import = 3

========================================================================
Received Import Request.
  Time since last request: 0.000045 seconds.
  path: Assets/Sprites/Village/Tileset/Tileset_52.asset
  artifactKey: Guid(79175eca28fd74ad49a86ba1fd4bd3dc) Importer(815301076,1909f56bfc062723c751e8b465ee728b)
Start importing Assets/Sprites/Village/Tileset/Tileset_52.asset using Guid(79175eca28fd74ad49a86ba1fd4bd3dc) Importer(815301076,1909f56bfc062723c751e8b465ee728b) (PreviewImporter) -> (artifact id: '702b7dce919b5043d2f1de55fc54ea3d') in 0.00412425 seconds
Number of updated asset objects reloaded before import = 0Number of asset objects unloaded after import = 3

========================================================================
Received Import Request.
  Time since last request: 0.000023 seconds.
  path: Assets/Sprites/Village/Tileset/Tileset_43.asset
  artifactKey: Guid(0df8dfbc001c54c4bb2f92ecb1e9daec) Importer(815301076,1909f56bfc062723c751e8b465ee728b)
Start importing Assets/Sprites/Village/Tileset/Tileset_43.asset using Guid(0df8dfbc001c54c4bb2f92ecb1e9daec) Importer(815301076,1909f56bfc062723c751e8b465ee728b) (PreviewImporter) -> (artifact id: '4b2b42ae024dc3d8aa9ad0cfd1d561e2') in 0.0040135 seconds
Number of updated asset objects reloaded before import = 0Number of asset objects unloaded after import = 3

========================================================================
Received Import Request.
  Time since last request: 0.000036 seconds.
  path: Assets/Sprites/Village/Tileset/Tileset_60.asset
  artifactKey: Guid(78e733e55ece54c7dbd9818dc72fcb11) Importer(815301076,1909f56bfc062723c751e8b465ee728b)
Start importing Assets/Sprites/Village/Tileset/Tileset_60.asset using Guid(78e733e55ece54c7dbd9818dc72fcb11) Importer(815301076,1909f56bfc062723c751e8b465ee728b) (PreviewImporter) -> (artifact id: 'c72d64e435b746d62ba07068c63a4624') in 0.004194292 seconds
Number of updated asset objects reloaded before import = 0Number of asset objects unloaded after import = 3

========================================================================
Received Import Request.
  Time since last request: 0.000031 seconds.
  path: Assets/Sprites/Village/Tileset/Tileset_39.asset
  artifactKey: Guid(b3acb65b726f14321b54f82509675ede) Importer(815301076,1909f56bfc062723c751e8b465ee728b)
Start importing Assets/Sprites/Village/Tileset/Tileset_39.asset using Guid(b3acb65b726f14321b54f82509675ede) Importer(815301076,1909f56bfc062723c751e8b465ee728b) (PreviewImporter) -> (artifact id: 'dc73df5b2222d43435043a4dc5325bb1') in 0.004440084 seconds
Number of updated asset objects reloaded before import = 0Number of asset objects unloaded after import = 3

========================================================================
Received Import Request.
  Time since last request: 0.000031 seconds.
  path: Assets/Sprites/Village/Tileset/Tileset_27.asset
  artifactKey: Guid(4f0070a6b7ce04a87943407b38bef576) Importer(815301076,1909f56bfc062723c751e8b465ee728b)
Start importing Assets/Sprites/Village/Tileset/Tileset_27.asset using Guid(4f0070a6b7ce04a87943407b38bef576) Importer(815301076,1909f56bfc062723c751e8b465ee728b) (PreviewImporter) -> (artifact id: 'ecc6f233d745f8245427cac08f121e4f') in 0.0038835 seconds
Number of updated asset objects reloaded before import = 0Number of asset objects unloaded after import = 3

========================================================================
Received Import Request.
  Time since last request: 0.000036 seconds.
  path: Assets/Sprites/Village/Tileset/Tileset_63.asset
  artifactKey: Guid(fa0e14a9586d44f85925060ca74bddcb) Importer(815301076,1909f56bfc062723c751e8b465ee728b)
Start importing Assets/Sprites/Village/Tileset/Tileset_63.asset using Guid(fa0e14a9586d44f85925060ca74bddcb) Importer(815301076,1909f56bfc062723c751e8b465ee728b) (PreviewImporter) -> (artifact id: '7a1285e70dd70fc38e4e1815708fec2f') in 0.004274167 seconds
Number of updated asset objects reloaded before import = 0Number of asset objects unloaded after import = 3

========================================================================
Received Import Request.
  Time since last request: 0.000040 seconds.
  path: Assets/Sprites/Village/Tileset/Tileset_13.asset
  artifactKey: Guid(6ab0d10b914b448c6ae5215a4192379e) Importer(815301076,1909f56bfc062723c751e8b465ee728b)
Start importing Assets/Sprites/Village/Tileset/Tileset_13.asset using Guid(6ab0d10b914b448c6ae5215a4192379e) Importer(815301076,1909f56bfc062723c751e8b465ee728b) (PreviewImporter) -> (artifact id: '21566b26b671fc0b57f511b0ff82c9d0') in 0.003784208 seconds
Number of updated asset objects reloaded before import = 0Number of asset objects unloaded after import = 3

========================================================================
Received Import Request.
  Time since last request: 0.000030 seconds.
  path: Assets/Sprites/Village/Tileset/Tileset_29.asset
  artifactKey: Guid(2152cbbcecc59419ea1f1b0009e17e0c) Importer(815301076,1909f56bfc062723c751e8b465ee728b)
Start importing Assets/Sprites/Village/Tileset/Tileset_29.asset using Guid(2152cbbcecc59419ea1f1b0009e17e0c) Importer(815301076,1909f56bfc062723c751e8b465ee728b) (PreviewImporter) -> (artifact id: 'f6b7653887ae0765365017ad66e1fe15') in 0.003895125 seconds
Number of updated asset objects reloaded before import = 0Number of asset objects unloaded after import = 3

========================================================================
Received Import Request.
  Time since last request: 0.000029 seconds.
  path: Assets/Sprites/Village/Tileset/Tileset_58.asset
  artifactKey: Guid(f7d9ed57c4e654d4ebb99b8814af6529) Importer(815301076,1909f56bfc062723c751e8b465ee728b)
Start importing Assets/Sprites/Village/Tileset/Tileset_58.asset using Guid(f7d9ed57c4e654d4ebb99b8814af6529) Importer(815301076,1909f56bfc062723c751e8b465ee728b) (PreviewImporter) -> (artifact id: '2caf02b133e6bc10eef6e25be52c6b25') in 0.003533709 seconds
Number of updated asset objects reloaded before import = 0Number of asset objects unloaded after import = 3

========================================================================
Received Import Request.
  Time since last request: 0.000039 seconds.
  path: Assets/Sprites/Village/Tileset/Tileset_51.asset
  artifactKey: Guid(6fe4377e620d34dec8a3c1854937c835) Importer(815301076,1909f56bfc062723c751e8b465ee728b)
Start importing Assets/Sprites/Village/Tileset/Tileset_51.asset using Guid(6fe4377e620d34dec8a3c1854937c835) Importer(815301076,1909f56bfc062723c751e8b465ee728b) (PreviewImporter) -> (artifact id: '07bb658d83af5cdf337b762328354100') in 0.003554417 seconds
Number of updated asset objects reloaded before import = 0Number of asset objects unloaded after import = 3

========================================================================
Received Import Request.
  Time since last request: 0.000035 seconds.
  path: Assets/Sprites/Village/Tileset/Tileset_71.asset
  artifactKey: Guid(8720705e2d7e74f7e8410706b8c9f1fc) Importer(815301076,1909f56bfc062723c751e8b465ee728b)
Start importing Assets/Sprites/Village/Tileset/Tileset_71.asset using Guid(8720705e2d7e74f7e8410706b8c9f1fc) Importer(815301076,1909f56bfc062723c751e8b465ee728b) (PreviewImporter) -> (artifact id: '7d8555321cdaef45d2fda2387dcf681d') in 0.003927 seconds
Number of updated asset objects reloaded before import = 0Number of asset objects unloaded after import = 3

========================================================================
Received Import Request.
  Time since last request: 0.000032 seconds.
  path: Assets/Sprites/Village/Tileset/Tileset_16.asset
  artifactKey: Guid(c6b9b2e8f00be40f4acf21ece737b2f9) Importer(815301076,1909f56bfc062723c751e8b465ee728b)
Start importing Assets/Sprites/Village/Tileset/Tileset_16.asset using Guid(c6b9b2e8f00be40f4acf21ece737b2f9) Importer(815301076,1909f56bfc062723c751e8b465ee728b) (PreviewImporter) -> (artifact id: '6d8af7507ebba66db69540c72747306b') in 0.0044745 seconds
Number of updated asset objects reloaded before import = 0Number of asset objects unloaded after import = 3

========================================================================
Received Import Request.
  Time since last request: 0.000038 seconds.
  path: Assets/Sprites/Village/Tileset/Tileset_14.asset
  artifactKey: Guid(95e167b4e1f6c4f31a481b93b692e50c) Importer(815301076,1909f56bfc062723c751e8b465ee728b)
Start importing Assets/Sprites/Village/Tileset/Tileset_14.asset using Guid(95e167b4e1f6c4f31a481b93b692e50c) Importer(815301076,1909f56bfc062723c751e8b465ee728b) (PreviewImporter) -> (artifact id: '80dae71ebf8c010435ac186269d64d1f') in 0.005081042 seconds
Number of updated asset objects reloaded before import = 0Number of asset objects unloaded after import = 3

========================================================================
Received Import Request.
  Time since last request: 0.000052 seconds.
  path: Assets/Sprites/Village/Tileset/Tileset_50.asset
  artifactKey: Guid(84d1a7c5eec2943a689bc6a00a07403b) Importer(815301076,1909f56bfc062723c751e8b465ee728b)
Start importing Assets/Sprites/Village/Tileset/Tileset_50.asset using Guid(84d1a7c5eec2943a689bc6a00a07403b) Importer(815301076,1909f56bfc062723c751e8b465ee728b) (PreviewImporter) -> (artifact id: '558ba6f7ea4f71b08c30f2ebfb4cb661') in 0.004374708 seconds
Number of updated asset objects reloaded before import = 0Number of asset objects unloaded after import = 3

========================================================================
Received Import Request.
  Time since last request: 0.000044 seconds.
  path: Assets/Sprites/Village/Tileset/Tileset_68.asset
  artifactKey: Guid(0ff772de238f544369b2266bdde6bcdf) Importer(815301076,1909f56bfc062723c751e8b465ee728b)
Start importing Assets/Sprites/Village/Tileset/Tileset_68.asset using Guid(0ff772de238f544369b2266bdde6bcdf) Importer(815301076,1909f56bfc062723c751e8b465ee728b) (PreviewImporter) -> (artifact id: 'd1d5cb6b528fe8b0fd406f13a4276032') in 0.003521833 seconds
Number of updated asset objects reloaded before import = 0Number of asset objects unloaded after import = 3

========================================================================
Received Import Request.
  Time since last request: 0.000042 seconds.
  path: Assets/Sprites/Village/Tileset/Tileset_55.asset
  artifactKey: Guid(f5ac6ee04255b4a08a1922606762cc09) Importer(815301076,1909f56bfc062723c751e8b465ee728b)
Start importing Assets/Sprites/Village/Tileset/Tileset_55.asset using Guid(f5ac6ee04255b4a08a1922606762cc09) Importer(815301076,1909f56bfc062723c751e8b465ee728b) (PreviewImporter) -> (artifact id: '433deab6c0674ad8888f957134b6dc86') in 0.003986291 seconds
Number of updated asset objects reloaded before import = 0Number of asset objects unloaded after import = 3

========================================================================
Received Import Request.
  Time since last request: 37.816864 seconds.
  path: Assets/Sprites/Village/Tileset/Tileset_73.asset
  artifactKey: Guid(f1181e435baf74b839e41178b703f872) Importer(815301076,1909f56bfc062723c751e8b465ee728b)
Start importing Assets/Sprites/Village/Tileset/Tileset_73.asset using Guid(f1181e435baf74b839e41178b703f872) Importer(815301076,1909f56bfc062723c751e8b465ee728b) (PreviewImporter) -> (artifact id: 'b7751fd4cc9039d39d703ad68fcfb95c') in 0.031644583 seconds
Number of updated asset objects reloaded before import = 0Number of asset objects unloaded after import = 3

========================================================================
Received Import Request.
  Time since last request: 0.000033 seconds.
  path: Assets/Sprites/Village/Tileset/Tileset_81.asset
  artifactKey: Guid(431814e9a114c4517a10c48797523e04) Importer(815301076,1909f56bfc062723c751e8b465ee728b)
Start importing Assets/Sprites/Village/Tileset/Tileset_81.asset using Guid(431814e9a114c4517a10c48797523e04) Importer(815301076,1909f56bfc062723c751e8b465ee728b) (PreviewImporter) -> (artifact id: '2bc5f61a480d9ba27e75f12bfc6eb5f6') in 0.00455375 seconds
Number of updated asset objects reloaded before import = 0Number of asset objects unloaded after import = 3

========================================================================
Received Import Request.
  Time since last request: 0.000026 seconds.
  path: Assets/Sprites/Village/Tileset/Tileset_85.asset
  artifactKey: Guid(8ac818d328d234ceb863f73db776043b) Importer(815301076,1909f56bfc062723c751e8b465ee728b)
Start importing Assets/Sprites/Village/Tileset/Tileset_85.asset using Guid(8ac818d328d234ceb863f73db776043b) Importer(815301076,1909f56bfc062723c751e8b465ee728b) (PreviewImporter) -> (artifact id: '50ff99855f84ee2d3657ab2e0a705a3d') in 0.004715417 seconds
Number of updated asset objects reloaded before import = 0Number of asset objects unloaded after import = 3

========================================================================
Received Import Request.
  Time since last request: 0.000032 seconds.
  path: Assets/Sprites/Village/Tileset/Tileset_105.asset
  artifactKey: Guid(7296ea8c0619845eaadd3706bf03829a) Importer(815301076,1909f56bfc062723c751e8b465ee728b)
Start importing Assets/Sprites/Village/Tileset/Tileset_105.asset using Guid(7296ea8c0619845eaadd3706bf03829a) Importer(815301076,1909f56bfc062723c751e8b465ee728b) (PreviewImporter) -> (artifact id: '4eb669c4b58d9971a802aa5da773d763') in 0.004439875 seconds
Number of updated asset objects reloaded before import = 0Number of asset objects unloaded after import = 3

========================================================================
Received Import Request.
  Time since last request: 0.000032 seconds.
  path: Assets/Sprites/Village/Tileset/Tileset_101.asset
  artifactKey: Guid(9ebfcf8ec0ea44e3eb09fbc9d62ae2ad) Importer(815301076,1909f56bfc062723c751e8b465ee728b)
Start importing Assets/Sprites/Village/Tileset/Tileset_101.asset using Guid(9ebfcf8ec0ea44e3eb09fbc9d62ae2ad) Importer(815301076,1909f56bfc062723c751e8b465ee728b) (PreviewImporter) -> (artifact id: '0c7f2c9872159054e4fbdb2e0b4f4ac1') in 0.004548875 seconds
Number of updated asset objects reloaded before import = 0Number of asset objects unloaded after import = 3

========================================================================
Received Import Request.
  Time since last request: 0.000031 seconds.
  path: Assets/Sprites/Village/Tileset/Tileset_113.asset
  artifactKey: Guid(7145608db90b94b23aad8a3c7bcc0502) Importer(815301076,1909f56bfc062723c751e8b465ee728b)
Start importing Assets/Sprites/Village/Tileset/Tileset_113.asset using Guid(7145608db90b94b23aad8a3c7bcc0502) Importer(815301076,1909f56bfc062723c751e8b465ee728b) (PreviewImporter) -> (artifact id: '341f69cceae277a70a4bf7761739bbc9') in 0.004369083 seconds
Number of updated asset objects reloaded before import = 0Number of asset objects unloaded after import = 3

========================================================================
Received Import Request.
  Time since last request: 0.000030 seconds.
  path: Assets/Sprites/Village/Tileset/Tileset_96.asset
  artifactKey: Guid(8feaf1f6c8efd446dbad6acc3bbfae45) Importer(815301076,1909f56bfc062723c751e8b465ee728b)
Start importing Assets/Sprites/Village/Tileset/Tileset_96.asset using Guid(8feaf1f6c8efd446dbad6acc3bbfae45) Importer(815301076,1909f56bfc062723c751e8b465ee728b) (PreviewImporter) -> (artifact id: '4579e14bd741b14c6bec1863464e61cc') in 0.004467 seconds
Number of updated asset objects reloaded before import = 0Number of asset objects unloaded after import = 3

========================================================================
Received Import Request.
  Time since last request: 0.000036 seconds.
  path: Assets/Sprites/Village/Tileset/Tileset_128.asset
  artifactKey: Guid(cb89f40a702024d448154be491970fac) Importer(815301076,1909f56bfc062723c751e8b465ee728b)
Start importing Assets/Sprites/Village/Tileset/Tileset_128.asset using Guid(cb89f40a702024d448154be491970fac) Importer(815301076,1909f56bfc062723c751e8b465ee728b) (PreviewImporter) -> (artifact id: 'ca74084846317ec6b363874f217e55b2') in 0.004327916 seconds
Number of updated asset objects reloaded before import = 0Number of asset objects unloaded after import = 3

========================================================================
Received Import Request.
  Time since last request: 0.000031 seconds.
  path: Assets/Sprites/Village/Tileset/Tileset_99.asset
  artifactKey: Guid(e903ac42aa6504e40ac0c5757e5a4163) Importer(815301076,1909f56bfc062723c751e8b465ee728b)
Start importing Assets/Sprites/Village/Tileset/Tileset_99.asset using Guid(e903ac42aa6504e40ac0c5757e5a4163) Importer(815301076,1909f56bfc062723c751e8b465ee728b) (PreviewImporter) -> (artifact id: '1dabd3babe8ce71edd7b6d61954acb1f') in 0.00450025 seconds
Number of updated asset objects reloaded before import = 0Number of asset objects unloaded after import = 3

========================================================================
Received Import Request.
  Time since last request: 0.000030 seconds.
  path: Assets/Sprites/Village/Tileset/Tileset_98.asset
  artifactKey: Guid(1f0276cf325894390b2956aae79ff51d) Importer(815301076,1909f56bfc062723c751e8b465ee728b)
Start importing Assets/Sprites/Village/Tileset/Tileset_98.asset using Guid(1f0276cf325894390b2956aae79ff51d) Importer(815301076,1909f56bfc062723c751e8b465ee728b) (PreviewImporter) -> (artifact id: '0a7b976467a2dfe058189823eafc6b00') in 0.004557 seconds
Number of updated asset objects reloaded before import = 0Number of asset objects unloaded after import = 3

========================================================================
Received Import Request.
  Time since last request: 0.000029 seconds.
  path: Assets/Sprites/Village/Tileset/Tileset_87.asset
  artifactKey: Guid(f576f4f37e43c41da9c7b1902cd786f9) Importer(815301076,1909f56bfc062723c751e8b465ee728b)
Start importing Assets/Sprites/Village/Tileset/Tileset_87.asset using Guid(f576f4f37e43c41da9c7b1902cd786f9) Importer(815301076,1909f56bfc062723c751e8b465ee728b) (PreviewImporter) -> (artifact id: 'ee830bc365e6a04f029b5338b643338c') in 0.004237875 seconds
Number of updated asset objects reloaded before import = 0Number of asset objects unloaded after import = 3

========================================================================
Received Import Request.
  Time since last request: 0.000027 seconds.
  path: Assets/Sprites/Village/Tileset/Tileset_125.asset
  artifactKey: Guid(63c1d9cdb2f444781addd1c9a0ed1fa4) Importer(815301076,1909f56bfc062723c751e8b465ee728b)
Start importing Assets/Sprites/Village/Tileset/Tileset_125.asset using Guid(63c1d9cdb2f444781addd1c9a0ed1fa4) Importer(815301076,1909f56bfc062723c751e8b465ee728b) (PreviewImporter) -> (artifact id: 'f69c68626f3bd0f5ab288aef9d779828') in 0.004113083 seconds
Number of updated asset objects reloaded before import = 0Number of asset objects unloaded after import = 3

========================================================================
Received Import Request.
  Time since last request: 0.000029 seconds.
  path: Assets/Sprites/Village/Tileset/Tileset_126.asset
  artifactKey: Guid(d3d30fe7910d5472d8c9cfa9851da03e) Importer(815301076,1909f56bfc062723c751e8b465ee728b)
Start importing Assets/Sprites/Village/Tileset/Tileset_126.asset using Guid(d3d30fe7910d5472d8c9cfa9851da03e) Importer(815301076,1909f56bfc062723c751e8b465ee728b) (PreviewImporter) -> (artifact id: '2dd0eae6e2ca6d9344026760d56dcb59') in 0.004670834 seconds
Number of updated asset objects reloaded before import = 0Number of asset objects unloaded after import = 3

========================================================================
Received Import Request.
  Time since last request: 0.000027 seconds.
  path: Assets/Sprites/Village/Tileset/Tileset_88.asset
  artifactKey: Guid(dd6f3e2c4a9be49f7bcee2fbe3a39e1a) Importer(815301076,1909f56bfc062723c751e8b465ee728b)
Start importing Assets/Sprites/Village/Tileset/Tileset_88.asset using Guid(dd6f3e2c4a9be49f7bcee2fbe3a39e1a) Importer(815301076,1909f56bfc062723c751e8b465ee728b) (PreviewImporter) -> (artifact id: 'cdecae211315c9a470de353bc712a97c') in 0.004400875 seconds
Number of updated asset objects reloaded before import = 0Number of asset objects unloaded after import = 3

========================================================================
Received Import Request.
  Time since last request: 0.000032 seconds.
  path: Assets/Sprites/Village/Tileset/Tileset_127.asset
  artifactKey: Guid(377b1efbaf7fc43e1ad58e1a1c7278be) Importer(815301076,1909f56bfc062723c751e8b465ee728b)
Start importing Assets/Sprites/Village/Tileset/Tileset_127.asset using Guid(377b1efbaf7fc43e1ad58e1a1c7278be) Importer(815301076,1909f56bfc062723c751e8b465ee728b) (PreviewImporter) -> (artifact id: '38b9b511dc31e5b755234745e8eb8186') in 0.004662666 seconds
Number of updated asset objects reloaded before import = 0Number of asset objects unloaded after import = 3

========================================================================
Received Import Request.
  Time since last request: 0.000034 seconds.
  path: Assets/Sprites/Village/Tileset/Tileset_79.asset
  artifactKey: Guid(496c0ea9053e34399ba9a3a2d6c9b75b) Importer(815301076,1909f56bfc062723c751e8b465ee728b)
Start importing Assets/Sprites/Village/Tileset/Tileset_79.asset using Guid(496c0ea9053e34399ba9a3a2d6c9b75b) Importer(815301076,1909f56bfc062723c751e8b465ee728b) (PreviewImporter) -> (artifact id: 'efc4b8a19fa9e66e535be8bb14bb6db1') in 0.004076875 seconds
Number of updated asset objects reloaded before import = 0Number of asset objects unloaded after import = 3

========================================================================
Received Import Request.
  Time since last request: 0.000051 seconds.
  path: Assets/Sprites/Village/Tileset/Tileset_123.asset
  artifactKey: Guid(f0179e2aad7634326b3c2da81cda71e7) Importer(815301076,1909f56bfc062723c751e8b465ee728b)
Start importing Assets/Sprites/Village/Tileset/Tileset_123.asset using Guid(f0179e2aad7634326b3c2da81cda71e7) Importer(815301076,1909f56bfc062723c751e8b465ee728b) (PreviewImporter) -> (artifact id: '7011867665c7210016bd97c3d086fdea') in 0.004226792 seconds
Number of updated asset objects reloaded before import = 0Number of asset objects unloaded after import = 3

========================================================================
Received Import Request.
  Time since last request: 0.000051 seconds.
  path: Assets/Sprites/Village/Tileset/Tileset_122.asset
  artifactKey: Guid(89927e564730948beb77c7b08c6174dd) Importer(815301076,1909f56bfc062723c751e8b465ee728b)
Start importing Assets/Sprites/Village/Tileset/Tileset_122.asset using Guid(89927e564730948beb77c7b08c6174dd) Importer(815301076,1909f56bfc062723c751e8b465ee728b) (PreviewImporter) -> (artifact id: '1d4492ee046ed007a25d745ee77578f7') in 0.0051255 seconds
Number of updated asset objects reloaded before import = 0Number of asset objects unloaded after import = 3

========================================================================
Received Import Request.
  Time since last request: 0.000051 seconds.
  path: Assets/Sprites/Village/Tileset/Tileset_103.asset
  artifactKey: Guid(f241eac1715f245f588a04dd2fed516d) Importer(815301076,1909f56bfc062723c751e8b465ee728b)
Start importing Assets/Sprites/Village/Tileset/Tileset_103.asset using Guid(f241eac1715f245f588a04dd2fed516d) Importer(815301076,1909f56bfc062723c751e8b465ee728b) (PreviewImporter) -> (artifact id: '5a54b87ca569c649b731ec6d29f34928') in 0.005029166 seconds
Number of updated asset objects reloaded before import = 0Number of asset objects unloaded after import = 3

Editor requested this worker to shutdown with reason: Scaling down because of idle timeout
AssetImportWorker is now disconnected from the server
Process exiting
