Unity Editor version:    6000.2.6f2 (4a4dcaec6541)
Branch:                  6000.2/respin/6000.2.6f2-cc51a95c03
Build type:              Release
Batch mode:              YES
macOS version:           Version 14.1 (Build 23B2073)
Darwin version:          23.1.0
Architecture:            arm64
Running under Rosetta:   NO
Available memory:        36864 MB
Date:                    2026-02-09T12:35:58Z
[Licensing::Module] Trying to connect to existing licensing client channel...
[Licensing::IpcConnector] Successfully connected to: "LicenseClient-jiooqAcu6Nz-74HJ4C5nv" at "2026-02-09T12:35:58.139681Z"

COMMAND LINE ARGUMENTS:
/Applications/Unity/Hub/Editor/6000.2.6f2/Unity.app/Contents/MacOS/Unity
-adb2
-batchMode
-noUpm
-name
AssetImportWorker16
-projectPath
/Users/tuan/Documents/Game/Idle Merchant Guild/Idle Merchant Guild
-logFile
Logs/AssetImportWorker16.log
-srvPort
59015
-licensingIpc
LicenseClient-jiooqAcu6Nz-74HJ4C5nv
-job-worker-count
5
-background-job-worker-count
8
-gc-helper-count
1
-name AssetImport
Successfully changed project path to: /Users/tuan/Documents/Game/Idle Merchant Guild/Idle Merchant Guild
/Users/tuan/Documents/Game/Idle Merchant Guild/Idle Merchant Guild
[UnityMemory] Configuration Parameters - Can be set up in boot.config
    "memorysetup-allocator-temp-initial-block-size-main=262144"
    "memorysetup-allocator-temp-initial-block-size-worker=262144"
    "memorysetup-bucket-allocator-granularity=16"
    "memorysetup-bucket-allocator-bucket-count=8"
    "memorysetup-bucket-allocator-block-size=33554432"
    "memorysetup-bucket-allocator-block-count=8"
    "memorysetup-main-allocator-block-size=16777216"
    "memorysetup-thread-allocator-block-size=16777216"
    "memorysetup-gfx-main-allocator-block-size=16777216"
    "memorysetup-gfx-thread-allocator-block-size=16777216"
    "memorysetup-cache-allocator-block-size=4194304"
    "memorysetup-typetree-allocator-block-size=2097152"
    "memorysetup-profiler-bucket-allocator-granularity=16"
    "memorysetup-profiler-bucket-allocator-bucket-count=8"
    "memorysetup-profiler-bucket-allocator-block-size=33554432"
    "memorysetup-profiler-bucket-allocator-block-count=8"
    "memorysetup-profiler-allocator-block-size=16777216"
    "memorysetup-profiler-editor-allocator-block-size=1048576"
    "memorysetup-temp-allocator-size-main=16777216"
    "memorysetup-job-temp-allocator-block-size=2097152"
    "memorysetup-job-temp-allocator-block-size-background=1048576"
    "memorysetup-job-temp-allocator-reduction-small-platforms=262144"
    "memorysetup-temp-allocator-size-background-worker=32768"
    "memorysetup-temp-allocator-size-job-worker=262144"
    "memorysetup-temp-allocator-size-preload-manager=33554432"
    "memorysetup-temp-allocator-size-nav-mesh-worker=65536"
    "memorysetup-temp-allocator-size-audio-worker=65536"
    "memorysetup-temp-allocator-size-cloud-worker=32768"
    "memorysetup-temp-allocator-size-gi-baking-worker=262144"
    "memorysetup-temp-allocator-size-gi-baking-worker=262144"
    "memorysetup-temp-allocator-size-gi-baking-worker=262144"
    "memorysetup-temp-allocator-size-gi-baking-worker=262144"
    "memorysetup-temp-allocator-size-gi-baking-worker=262144"
    "memorysetup-temp-allocator-size-gfx=262144"
Player connection [7957159616]  Target information:

Player connection [7957159616]  * "[IP] 192.168.1.174 [Port] 0 [Flags] 2 [Guid] 3130449479 [EditorId] 3130449479 [Version] 1048832 [Id] OSXEditor(0,tuan-macbookpro.internal.alliancesoftware.com.au) [Debug] 1 [PackageName] OSXEditor [ProjectName] Editor" 

Player connection [7957159616]  * "[IP] 172.16.128.83 [Port] 0 [Flags] 2 [Guid] 3130449479 [EditorId] 3130449479 [Version] 1048832 [Id] OSXEditor(0,tuan-macbookpro.internal.alliancesoftware.com.au) [Debug] 1 [PackageName] OSXEditor [ProjectName] Editor" 

Player connection [7957159616] Host joined multi-casting on [225.0.0.222:54997]...
Player connection [7957159616] Host joined alternative multi-casting on [225.0.0.222:34997]...
JobSystem: Creating JobQueue using job-worker-count value 5
Input System module state changed to: Initialized.
[Physics::Module] Initialized fallback backend.
[Physics::Module] Id: 0xdecafbad
Library Redirect Path: Library/
[Physics::Module] Selected backend.
[Physics::Module] Name: PhysX
[Physics::Module] Id: 0xf2b8ea05
[Physics::Module] SDK Version: 4.1.2
[Physics::Module] Integration Version: 1.0.0
[Physics::Module] Threading Mode: Multi-Threaded
Refreshing native plugins compatible for Editor in 3.31 ms, found 3 plugins.
Preloading 0 native plugins for Editor in 0.00 ms.
Initialize engine version: 6000.2.6f2 (4a4dcaec6541)
[Subsystems] Discovering subsystems at path /Applications/Unity/Hub/Editor/6000.2.6f2/Unity.app/Contents/Resources/UnitySubsystems
[Subsystems] Discovering subsystems at path /Users/tuan/Documents/Game/Idle Merchant Guild/Idle Merchant Guild/Assets
GfxDevice: creating device client; kGfxThreadingModeNonThreaded
 preferred device: Apple M3 Pro (high power)
Metal devices available: 1
0: Apple M3 Pro (high power)
Using device Apple M3 Pro (high power)
Initializing Metal device caps: Apple M3 Pro
Mac GPU Family: 2
Apple GPU Family: 9
MSL Version: 3.0
Has Float MSAA: 1
Has Float Filtering: 1
ReadWrite Texture Tier: 2
Initialize mono
Mono path[0] = '/Applications/Unity/Hub/Editor/6000.2.6f2/Unity.app/Contents/Managed'
Mono path[1] = '/Applications/Unity/Hub/Editor/6000.2.6f2/Unity.app/Contents/MonoBleedingEdge/lib/mono/unityjit-macos'
Mono config path = '/Applications/Unity/Hub/Editor/6000.2.6f2/Unity.app/Contents/MonoBleedingEdge/etc'
Using monoOptions --debugger-agent=transport=dt_socket,embedding=1,server=y,suspend=n,address=127.0.0.1:56712
Begin MonoManager ReloadAssembly
[Licensing::Client] Code 10 while verifying Licensing Client signature (process Id: 3674, path: "/Applications/Unity Hub.app/Contents/Frameworks/UnityLicensingClient_V1.app/Contents/MacOS/Unity.Licensing.Client")
[Licensing::Module] LicensingClient has failed validation; ignoring
[Licensing::Client] Handshaking with LicensingClient:
  Version:                 1.17.4+4293ba1
  Session Id:              94d2d051d620494c900ac2d9233cf224
  Correlation Id:          39a4a07bf70fb1c08317681dee785bef
  External correlation Id: 311740945403305135
  Machine Id:              r03sfJLGi3ZcU2lmeRaNq5BVOsU=
[Licensing::Module] Successfully connected to LicensingClient on channel: "LicenseClient-jiooqAcu6Nz-74HJ4C5nv" (connect: 0.00s, validation: 0.00s, handshake: 0.34s)
[Licensing::IpcConnector] Successfully connected to: "LicenseClient-jiooqAcu6Nz-74HJ4C5nv-notifications" at "2026-02-09T12:35:58.484623Z"
[Licensing::Module] Licensing Background thread has ended after 0.34s
Registering precompiled unity dll's ...
Register platform support module: /Applications/Unity/Hub/Editor/6000.2.6f2/Unity.app/Contents/PlaybackEngines/MacStandaloneSupport/UnityEditor.OSXStandalone.Extensions.dll
Register platform support module: /Applications/Unity/Hub/Editor/6000.2.6f2/PlaybackEngines/WindowsStandaloneSupport/UnityEditor.WindowsStandalone.Extensions.dll
Registered in 0.000951 seconds.
- Loaded All Assemblies, in  0.246 seconds
Native extension for WindowsStandalone target not found
Native extension for OSXStandalone target not found
Mono: successfully reloaded assembly
- Finished resetting the current domain, in  0.200 seconds
Domain Reload Profiling: 445ms
	BeginReloadAssembly (79ms)
		ExecutionOrderSort (0ms)
		DisableScriptedObjects (0ms)
		BackupInstance (0ms)
		ReleaseScriptingObjects (0ms)
		CreateAndSetChildDomain (0ms)
	RebuildCommonClasses (24ms)
	RebuildNativeTypeToScriptingClass (9ms)
	initialDomainReloadingComplete (27ms)
	LoadAllAssembliesAndSetupDomain (106ms)
		LoadAssemblies (79ms)
		RebuildTransferFunctionScriptingTraits (0ms)
		AnalyzeDomain (104ms)
			TypeCache.Refresh (103ms)
				TypeCache.ScanAssembly (95ms)
			BuildScriptInfoCaches (0ms)
			ResolveRequiredComponents (0ms)
	FinalizeReload (200ms)
		ReleaseScriptCaches (0ms)
		RebuildScriptCaches (0ms)
		SetupLoadedEditorAssemblies (171ms)
			LogAssemblyErrors (0ms)
			InitializePlatformSupportModulesInManaged (28ms)
			SetLoadedEditorAssemblies (2ms)
			BeforeProcessingInitializeOnLoad (39ms)
			ProcessInitializeOnLoadAttributes (69ms)
			ProcessInitializeOnLoadMethodAttributes (32ms)
			AfterProcessingInitializeOnLoad (0ms)
			EditorAssembliesLoaded (0ms)
		ExecutionOrderSort2 (0ms)
		AwakeInstancesAfterBackupRestoration (0ms)
========================================================================
Worker process is ready to serve import requests
Import Worker Mode flag is 0x00
Begin MonoManager ReloadAssembly
[Licensing::Client] Successfully resolved entitlement details
[Licensing::Module] License group:
  Id: 698689-UnityPersXXXX
  Product: Unity Personal
  Type: Assigned
  Expiration: Unlimited
- Loaded All Assemblies, in  0.453 seconds
Refreshing native plugins compatible for Editor in 0.37 ms, found 3 plugins.
Native extension for WindowsStandalone target not found
Native extension for OSXStandalone target not found
Package Manager log level set to [2]
[Package Manager] Failed to launch server process. Reason: Unity was launched with the -noUpm command-line argument
[Package Manager] Unable to send message (not connected to server process).
[Package Manager] Cannot connect to Unity Package Manager local server
Mono: successfully reloaded assembly
- Finished resetting the current domain, in  0.539 seconds
Domain Reload Profiling: 993ms
	BeginReloadAssembly (75ms)
		ExecutionOrderSort (0ms)
		DisableScriptedObjects (3ms)
		BackupInstance (0ms)
		ReleaseScriptingObjects (0ms)
		CreateAndSetChildDomain (23ms)
	RebuildCommonClasses (24ms)
	RebuildNativeTypeToScriptingClass (9ms)
	initialDomainReloadingComplete (19ms)
	LoadAllAssembliesAndSetupDomain (326ms)
		LoadAssemblies (187ms)
		RebuildTransferFunctionScriptingTraits (0ms)
		AnalyzeDomain (165ms)
			TypeCache.Refresh (128ms)
				TypeCache.ScanAssembly (117ms)
			BuildScriptInfoCaches (28ms)
			ResolveRequiredComponents (7ms)
	FinalizeReload (540ms)
		ReleaseScriptCaches (0ms)
		RebuildScriptCaches (0ms)
		SetupLoadedEditorAssemblies (463ms)
			LogAssemblyErrors (0ms)
			InitializePlatformSupportModulesInManaged (1ms)
			SetLoadedEditorAssemblies (4ms)
			BeforeProcessingInitializeOnLoad (82ms)
			ProcessInitializeOnLoadAttributes (301ms)
			ProcessInitializeOnLoadMethodAttributes (74ms)
			AfterProcessingInitializeOnLoad (1ms)
			EditorAssembliesLoaded (0ms)
		ExecutionOrderSort2 (0ms)
		AwakeInstancesAfterBackupRestoration (2ms)
WARNING: Shader Unsupported: 'Universal Render Pipeline/VR/SpatialMapping/Wireframe' - All subshaders removed
WARNING: Shader Did you use #pragma only_renderers and omit this platform?
WARNING: Shader If subshaders removal was intentional, you may have forgotten turning Fallback off?
WARNING: Shader Unsupported: 'Universal Render Pipeline/VR/SpatialMapping/Wireframe' - All subshaders removed
WARNING: Shader Did you use #pragma only_renderers and omit this platform?
WARNING: Shader If subshaders removal was intentional, you may have forgotten turning Fallback off?
Launching external process: /Applications/Unity/Hub/Editor/6000.2.6f2/Unity.app/Contents/Tools/UnityShaderCompiler
Launched and connected shader compiler UnityShaderCompiler after 0.05 seconds
Refreshing native plugins compatible for Editor in 0.44 ms, found 3 plugins.
Preloading 0 native plugins for Editor in 0.00 ms.
Unloading 15 Unused Serialized files (Serialized files now loaded: 0)
Unloading 6884 unused Assets / (4.1 MB). Loaded Objects now: 7613.
Memory consumption went from 142.3 MB to 138.2 MB.
Total: 5.686292 ms (FindLiveObjects: 0.550500 ms CreateObjectMapping: 0.158250 ms MarkObjects: 3.957833 ms  DeleteObjects: 1.019375 ms)

========================================================================
Received Import Request.
  Time since last request: 1506551.457645 seconds.
  path: Assets/Sprites/Village/Tileset/MainLevBuild_798.asset
  artifactKey: Guid(fa42848e3bcf84a6dbfff056168a4ae3) Importer(2089858483,192608db42251d675da83286b1cce702)
Start importing Assets/Sprites/Village/Tileset/MainLevBuild_798.asset using Guid(fa42848e3bcf84a6dbfff056168a4ae3) Importer(2089858483,192608db42251d675da83286b1cce702) (ScriptedImporter) -> (artifact id: '9b5eeb362c41dc9e19334052a9cce613') in 0.14200625 seconds
Number of updated asset objects reloaded before import = 0Number of asset objects unloaded after import = 2

========================================================================
Received Import Request.
  Time since last request: 0.000040 seconds.
  path: Assets/Sprites/Village/Tileset/MainLevBuild_799.asset
  artifactKey: Guid(5d57245fa9d70462ab687512299f4e1b) Importer(2089858483,192608db42251d675da83286b1cce702)
Start importing Assets/Sprites/Village/Tileset/MainLevBuild_799.asset using Guid(5d57245fa9d70462ab687512299f4e1b) Importer(2089858483,192608db42251d675da83286b1cce702) (ScriptedImporter) -> (artifact id: 'af4c557f737d4245fbbfc42d47ad95e6') in 0.003564792 seconds
Number of updated asset objects reloaded before import = 0Number of asset objects unloaded after import = 2

========================================================================
Received Import Request.
  Time since last request: 0.000033 seconds.
  path: Assets/Sprites/Village/Tileset/MainLevBuild_685.asset
  artifactKey: Guid(df810bc8e8005476cb5681923f20d4ae) Importer(2089858483,192608db42251d675da83286b1cce702)
Start importing Assets/Sprites/Village/Tileset/MainLevBuild_685.asset using Guid(df810bc8e8005476cb5681923f20d4ae) Importer(2089858483,192608db42251d675da83286b1cce702) (ScriptedImporter) -> (artifact id: 'bc86450ee6f332b70a4031f04db2113e') in 0.005215667 seconds
Number of updated asset objects reloaded before import = 0Number of asset objects unloaded after import = 2

========================================================================
Received Import Request.
  Time since last request: 0.000037 seconds.
  path: Assets/Sprites/Village/Tileset/MainLevBuild_225.asset
  artifactKey: Guid(f369b792b60784044ba6795fbb5e5d8a) Importer(2089858483,192608db42251d675da83286b1cce702)
Start importing Assets/Sprites/Village/Tileset/MainLevBuild_225.asset using Guid(f369b792b60784044ba6795fbb5e5d8a) Importer(2089858483,192608db42251d675da83286b1cce702) (ScriptedImporter) -> (artifact id: 'ff4cdacb20170f8de0f9799ca53f9a54') in 0.003301833 seconds
Number of updated asset objects reloaded before import = 0Number of asset objects unloaded after import = 2

========================================================================
Received Import Request.
  Time since last request: 0.000031 seconds.
  path: Assets/Sprites/Village/Tileset/MainLevBuild_139.asset
  artifactKey: Guid(a964f9e9d48064e70afe1e078b3b7d31) Importer(2089858483,192608db42251d675da83286b1cce702)
Start importing Assets/Sprites/Village/Tileset/MainLevBuild_139.asset using Guid(a964f9e9d48064e70afe1e078b3b7d31) Importer(2089858483,192608db42251d675da83286b1cce702) (ScriptedImporter) -> (artifact id: 'e563f06ad6e94668329e27c8217f4db3') in 0.002957375 seconds
Number of updated asset objects reloaded before import = 0Number of asset objects unloaded after import = 2

========================================================================
Received Import Request.
  Time since last request: 0.000035 seconds.
  path: Assets/Sprites/Village/Tileset/MainLevBuild_1060.asset
  artifactKey: Guid(409339ff9754b45538603f664f691c0c) Importer(2089858483,192608db42251d675da83286b1cce702)
Start importing Assets/Sprites/Village/Tileset/MainLevBuild_1060.asset using Guid(409339ff9754b45538603f664f691c0c) Importer(2089858483,192608db42251d675da83286b1cce702) (ScriptedImporter) -> (artifact id: 'd5fe15bbfb93e84b630997c1472ced01') in 0.003736875 seconds
Number of updated asset objects reloaded before import = 0Number of asset objects unloaded after import = 2

========================================================================
Received Import Request.
  Time since last request: 0.000051 seconds.
  path: Assets/Sprites/Village/Tileset/MainLevBuild_780.asset
  artifactKey: Guid(d491d230b60c747e99455be88b1e685e) Importer(2089858483,192608db42251d675da83286b1cce702)
Start importing Assets/Sprites/Village/Tileset/MainLevBuild_780.asset using Guid(d491d230b60c747e99455be88b1e685e) Importer(2089858483,192608db42251d675da83286b1cce702) (ScriptedImporter) -> (artifact id: '052ab3758fab4404f0189bf7fde8637e') in 0.002772 seconds
Number of updated asset objects reloaded before import = 0Number of asset objects unloaded after import = 2

========================================================================
Received Import Request.
  Time since last request: 0.000036 seconds.
  path: Assets/Sprites/Village/Tileset/MainLevBuild_93.asset
  artifactKey: Guid(6bbf3fd8f831340679adef4d9778f8a3) Importer(2089858483,192608db42251d675da83286b1cce702)
Start importing Assets/Sprites/Village/Tileset/MainLevBuild_93.asset using Guid(6bbf3fd8f831340679adef4d9778f8a3) Importer(2089858483,192608db42251d675da83286b1cce702) (ScriptedImporter) -> (artifact id: '3c353f632794d68cfb6a3c5b68b95e4e') in 0.002932666 seconds
Number of updated asset objects reloaded before import = 0Number of asset objects unloaded after import = 2

========================================================================
Received Import Request.
  Time since last request: 0.000040 seconds.
  path: Assets/Sprites/Village/Tileset/MainLevBuild_902.asset
  artifactKey: Guid(637c79b71b1494ee08bb7ed59fc0f221) Importer(2089858483,192608db42251d675da83286b1cce702)
Start importing Assets/Sprites/Village/Tileset/MainLevBuild_902.asset using Guid(637c79b71b1494ee08bb7ed59fc0f221) Importer(2089858483,192608db42251d675da83286b1cce702) (ScriptedImporter) -> (artifact id: '60ece2c2d6058566a92a1746d80fc06b') in 0.002986708 seconds
Number of updated asset objects reloaded before import = 0Number of asset objects unloaded after import = 2

========================================================================
Received Import Request.
  Time since last request: 0.000036 seconds.
  path: Assets/Sprites/Village/Tileset/MainLevBuild_386.asset
  artifactKey: Guid(871a95ff9ad274796ab5b87e82396c3c) Importer(2089858483,192608db42251d675da83286b1cce702)
Start importing Assets/Sprites/Village/Tileset/MainLevBuild_386.asset using Guid(871a95ff9ad274796ab5b87e82396c3c) Importer(2089858483,192608db42251d675da83286b1cce702) (ScriptedImporter) -> (artifact id: 'ea69fbed21b43782dfc8c0784a90d912') in 0.002918291 seconds
Number of updated asset objects reloaded before import = 0Number of asset objects unloaded after import = 2

========================================================================
Received Import Request.
  Time since last request: 0.000041 seconds.
  path: Assets/Sprites/Village/Tileset/MainLevBuild_641.asset
  artifactKey: Guid(7eb6565705d2f42669f003752d4b73ab) Importer(2089858483,192608db42251d675da83286b1cce702)
Start importing Assets/Sprites/Village/Tileset/MainLevBuild_641.asset using Guid(7eb6565705d2f42669f003752d4b73ab) Importer(2089858483,192608db42251d675da83286b1cce702) (ScriptedImporter) -> (artifact id: '93f071e5a003ca9cfb96fa896dfdae33') in 0.002905791 seconds
Number of updated asset objects reloaded before import = 0Number of asset objects unloaded after import = 2

========================================================================
Received Import Request.
  Time since last request: 0.000033 seconds.
  path: Assets/Sprites/Village/Tileset/MainLevBuild_950.asset
  artifactKey: Guid(4d659dd9448744ed39469d5c24afda0b) Importer(2089858483,192608db42251d675da83286b1cce702)
Start importing Assets/Sprites/Village/Tileset/MainLevBuild_950.asset using Guid(4d659dd9448744ed39469d5c24afda0b) Importer(2089858483,192608db42251d675da83286b1cce702) (ScriptedImporter) -> (artifact id: '04964c4347a91c236784425fda162f44') in 0.004814709 seconds
Number of updated asset objects reloaded before import = 0Number of asset objects unloaded after import = 2

========================================================================
Received Import Request.
  Time since last request: 0.000038 seconds.
  path: Assets/Sprites/Village/Tileset/MainLevBuild_485.asset
  artifactKey: Guid(ca495732877d6437b8d7dcf39477059d) Importer(2089858483,192608db42251d675da83286b1cce702)
Start importing Assets/Sprites/Village/Tileset/MainLevBuild_485.asset using Guid(ca495732877d6437b8d7dcf39477059d) Importer(2089858483,192608db42251d675da83286b1cce702) (ScriptedImporter) -> (artifact id: 'ebe99ede1ae4c682c7d6481cefbc2f6e') in 0.002804375 seconds
Number of updated asset objects reloaded before import = 0Number of asset objects unloaded after import = 2

========================================================================
Received Import Request.
  Time since last request: 0.000035 seconds.
  path: Assets/Sprites/Village/Tileset/MainLevBuild_62.asset
  artifactKey: Guid(97797f9f27dd840bf9c7fc7f6466f777) Importer(2089858483,192608db42251d675da83286b1cce702)
Start importing Assets/Sprites/Village/Tileset/MainLevBuild_62.asset using Guid(97797f9f27dd840bf9c7fc7f6466f777) Importer(2089858483,192608db42251d675da83286b1cce702) (ScriptedImporter) -> (artifact id: '9b96b1c2d080e941c0bc9b52763fa3e0') in 0.003002458 seconds
Number of updated asset objects reloaded before import = 0Number of asset objects unloaded after import = 2

========================================================================
Received Import Request.
  Time since last request: 0.000037 seconds.
  path: Assets/Sprites/Village/Tileset/MainLevBuild_1027.asset
  artifactKey: Guid(788a5f259e56f4f3c90a0459f2176ea0) Importer(2089858483,192608db42251d675da83286b1cce702)
Start importing Assets/Sprites/Village/Tileset/MainLevBuild_1027.asset using Guid(788a5f259e56f4f3c90a0459f2176ea0) Importer(2089858483,192608db42251d675da83286b1cce702) (ScriptedImporter) -> (artifact id: '5eba916864d830ed112befd90f9d8769') in 0.002777958 seconds
Number of updated asset objects reloaded before import = 0Number of asset objects unloaded after import = 2

========================================================================
Received Import Request.
  Time since last request: 0.000031 seconds.
  path: Assets/Sprites/Village/Tileset/MainLevBuild_625.asset
  artifactKey: Guid(8c99b0b11f88c480ab5d30768e8f7538) Importer(2089858483,192608db42251d675da83286b1cce702)
Start importing Assets/Sprites/Village/Tileset/MainLevBuild_625.asset using Guid(8c99b0b11f88c480ab5d30768e8f7538) Importer(2089858483,192608db42251d675da83286b1cce702) (ScriptedImporter) -> (artifact id: 'dca29942de6944766be836b1ae950828') in 0.002694459 seconds
Number of updated asset objects reloaded before import = 0Number of asset objects unloaded after import = 2

========================================================================
Received Import Request.
  Time since last request: 0.000037 seconds.
  path: Assets/Sprites/Village/Tileset/MainLevBuild_822.asset
  artifactKey: Guid(7e5bc061b12cc4a94b8325219ef59413) Importer(2089858483,192608db42251d675da83286b1cce702)
Start importing Assets/Sprites/Village/Tileset/MainLevBuild_822.asset using Guid(7e5bc061b12cc4a94b8325219ef59413) Importer(2089858483,192608db42251d675da83286b1cce702) (ScriptedImporter) -> (artifact id: '765fe2e2c4763836e2b75bb0dcc66f49') in 0.002778042 seconds
Number of updated asset objects reloaded before import = 0Number of asset objects unloaded after import = 2

========================================================================
Received Import Request.
  Time since last request: 0.000034 seconds.
  path: Assets/Sprites/Village/Tileset/MainLevBuild_612.asset
  artifactKey: Guid(bf860f4fbcc9446719e0fedb03eafd03) Importer(2089858483,192608db42251d675da83286b1cce702)
Start importing Assets/Sprites/Village/Tileset/MainLevBuild_612.asset using Guid(bf860f4fbcc9446719e0fedb03eafd03) Importer(2089858483,192608db42251d675da83286b1cce702) (ScriptedImporter) -> (artifact id: '140c5a0177a3b0911f781f44b6c446e3') in 0.002695875 seconds
Number of updated asset objects reloaded before import = 0Number of asset objects unloaded after import = 2

========================================================================
Received Import Request.
  Time since last request: 0.000036 seconds.
  path: Assets/Sprites/Village/Tileset/MainLevBuild_375.asset
  artifactKey: Guid(9eb498db75382480986c568777810dfb) Importer(2089858483,192608db42251d675da83286b1cce702)
Start importing Assets/Sprites/Village/Tileset/MainLevBuild_375.asset using Guid(9eb498db75382480986c568777810dfb) Importer(2089858483,192608db42251d675da83286b1cce702) (ScriptedImporter) -> (artifact id: 'a4ac62a5e4245c138b88ad7be65c8cb9') in 0.002579583 seconds
Number of updated asset objects reloaded before import = 0Number of asset objects unloaded after import = 2

========================================================================
Received Import Request.
  Time since last request: 0.000034 seconds.
  path: Assets/Sprites/Village/Tileset/MainLevBuild_534.asset
  artifactKey: Guid(122c351162a1a40ee936b754151c81c4) Importer(2089858483,192608db42251d675da83286b1cce702)
Start importing Assets/Sprites/Village/Tileset/MainLevBuild_534.asset using Guid(122c351162a1a40ee936b754151c81c4) Importer(2089858483,192608db42251d675da83286b1cce702) (ScriptedImporter) -> (artifact id: 'b2ebf645b36b1ff91452a4f0a7979df0') in 0.003058916 seconds
Number of updated asset objects reloaded before import = 0Number of asset objects unloaded after import = 2

========================================================================
Received Import Request.
  Time since last request: 0.000036 seconds.
  path: Assets/Sprites/Village/Tileset/MainLevBuild_626.asset
  artifactKey: Guid(7fb1f1ae1e27a426ab34f9c37f3f9b35) Importer(2089858483,192608db42251d675da83286b1cce702)
Start importing Assets/Sprites/Village/Tileset/MainLevBuild_626.asset using Guid(7fb1f1ae1e27a426ab34f9c37f3f9b35) Importer(2089858483,192608db42251d675da83286b1cce702) (ScriptedImporter) -> (artifact id: '89c84eea61c442c18ce6d2e4c9a867bd') in 0.002947833 seconds
Number of updated asset objects reloaded before import = 0Number of asset objects unloaded after import = 2

========================================================================
Received Import Request.
  Time since last request: 0.000045 seconds.
  path: Assets/Sprites/Village/Tileset/MainLevBuild_963.asset
  artifactKey: Guid(ccc04584f1df24a88b64c4dccfc7e984) Importer(2089858483,192608db42251d675da83286b1cce702)
Start importing Assets/Sprites/Village/Tileset/MainLevBuild_963.asset using Guid(ccc04584f1df24a88b64c4dccfc7e984) Importer(2089858483,192608db42251d675da83286b1cce702) (ScriptedImporter) -> (artifact id: '1d59cb4a6862ff27f6c9332bd0d8dfcb') in 0.002778042 seconds
Number of updated asset objects reloaded before import = 0Number of asset objects unloaded after import = 2

========================================================================
Received Import Request.
  Time since last request: 0.000041 seconds.
  path: Assets/Sprites/Village/Tileset/MainLevBuild_477.asset
  artifactKey: Guid(35a58f9936eea4b1c901d45e3a0ed332) Importer(2089858483,192608db42251d675da83286b1cce702)
Start importing Assets/Sprites/Village/Tileset/MainLevBuild_477.asset using Guid(35a58f9936eea4b1c901d45e3a0ed332) Importer(2089858483,192608db42251d675da83286b1cce702) (ScriptedImporter) -> (artifact id: '408c9e4dd371d017a099b6b308b6cff2') in 0.002838625 seconds
Number of updated asset objects reloaded before import = 0Number of asset objects unloaded after import = 2

========================================================================
Received Import Request.
  Time since last request: 0.000039 seconds.
  path: Assets/Sprites/Village/Tileset/MainLevBuild_859.asset
  artifactKey: Guid(d4d29cd38b8014b06810a90a5ef7745a) Importer(2089858483,192608db42251d675da83286b1cce702)
Start importing Assets/Sprites/Village/Tileset/MainLevBuild_859.asset using Guid(d4d29cd38b8014b06810a90a5ef7745a) Importer(2089858483,192608db42251d675da83286b1cce702) (ScriptedImporter) -> (artifact id: 'a01f196f91d2fd0285fe9c196be63dc4') in 0.002612375 seconds
Number of updated asset objects reloaded before import = 0Number of asset objects unloaded after import = 2

========================================================================
Received Import Request.
  Time since last request: 0.000030 seconds.
  path: Assets/Sprites/Village/Tileset/MainLevBuild_312.asset
  artifactKey: Guid(424fdf2440c1e44f184b6c3d681aced3) Importer(2089858483,192608db42251d675da83286b1cce702)
Start importing Assets/Sprites/Village/Tileset/MainLevBuild_312.asset using Guid(424fdf2440c1e44f184b6c3d681aced3) Importer(2089858483,192608db42251d675da83286b1cce702) (ScriptedImporter) -> (artifact id: 'af6bca56800d4008193eed967a14df09') in 0.004799125 seconds
Number of updated asset objects reloaded before import = 0Number of asset objects unloaded after import = 2

========================================================================
Received Import Request.
  Time since last request: 0.000070 seconds.
  path: Assets/Sprites/Village/Tileset/MainLevBuild_925.asset
  artifactKey: Guid(8763a465ac10e4815948c4a051dbf674) Importer(2089858483,192608db42251d675da83286b1cce702)
Start importing Assets/Sprites/Village/Tileset/MainLevBuild_925.asset using Guid(8763a465ac10e4815948c4a051dbf674) Importer(2089858483,192608db42251d675da83286b1cce702) (ScriptedImporter) -> (artifact id: 'b85268d29d8cfb73cc8f9151b912223e') in 0.00287125 seconds
Number of updated asset objects reloaded before import = 0Number of asset objects unloaded after import = 2

========================================================================
Received Import Request.
  Time since last request: 0.000032 seconds.
  path: Assets/Sprites/Village/Tileset/MainLevBuild_167.asset
  artifactKey: Guid(5e8c9590a2b3c4340ae87479464627dd) Importer(2089858483,192608db42251d675da83286b1cce702)
Start importing Assets/Sprites/Village/Tileset/MainLevBuild_167.asset using Guid(5e8c9590a2b3c4340ae87479464627dd) Importer(2089858483,192608db42251d675da83286b1cce702) (ScriptedImporter) -> (artifact id: '02b04ca428d4b8af5029ad458c5efa3b') in 0.002762291 seconds
Number of updated asset objects reloaded before import = 0Number of asset objects unloaded after import = 2

========================================================================
Received Import Request.
  Time since last request: 0.000029 seconds.
  path: Assets/Sprites/Village/Tileset/MainLevBuild_981.asset
  artifactKey: Guid(444986f3652a94f94bed989dad3da521) Importer(2089858483,192608db42251d675da83286b1cce702)
Start importing Assets/Sprites/Village/Tileset/MainLevBuild_981.asset using Guid(444986f3652a94f94bed989dad3da521) Importer(2089858483,192608db42251d675da83286b1cce702) (ScriptedImporter) -> (artifact id: 'e2334670b362af6ce3fa9a4f1cf6dd72') in 0.002568083 seconds
Number of updated asset objects reloaded before import = 0Number of asset objects unloaded after import = 2

========================================================================
Received Import Request.
  Time since last request: 0.000043 seconds.
  path: Assets/Sprites/Village/Tileset/MainLevBuild_428.asset
  artifactKey: Guid(c53f1c949947b4941a3fba881ffc44e9) Importer(2089858483,192608db42251d675da83286b1cce702)
Start importing Assets/Sprites/Village/Tileset/MainLevBuild_428.asset using Guid(c53f1c949947b4941a3fba881ffc44e9) Importer(2089858483,192608db42251d675da83286b1cce702) (ScriptedImporter) -> (artifact id: 'dcb9501fdd68bc6017771bbc587dae26') in 0.003095959 seconds
Number of updated asset objects reloaded before import = 0Number of asset objects unloaded after import = 2

========================================================================
Received Import Request.
  Time since last request: 0.000034 seconds.
  path: Assets/Sprites/Village/Tileset/MainLevBuild_725.asset
  artifactKey: Guid(99a08a01aebdb4f76adaa12f295ce063) Importer(2089858483,192608db42251d675da83286b1cce702)
Start importing Assets/Sprites/Village/Tileset/MainLevBuild_725.asset using Guid(99a08a01aebdb4f76adaa12f295ce063) Importer(2089858483,192608db42251d675da83286b1cce702) (ScriptedImporter) -> (artifact id: 'f4dea5c5b32fe9fa1a1c8d38bb3f24b7') in 0.002607416 seconds
Number of updated asset objects reloaded before import = 0Number of asset objects unloaded after import = 2

========================================================================
Received Import Request.
  Time since last request: 0.000033 seconds.
  path: Assets/Sprites/Village/Tileset/MainLevBuild_825.asset
  artifactKey: Guid(58e198a282d514f12add7c44334677bb) Importer(2089858483,192608db42251d675da83286b1cce702)
Start importing Assets/Sprites/Village/Tileset/MainLevBuild_825.asset using Guid(58e198a282d514f12add7c44334677bb) Importer(2089858483,192608db42251d675da83286b1cce702) (ScriptedImporter) -> (artifact id: '40b9a258058c4feb0d4fe775eaf76e85') in 0.002938334 seconds
Number of updated asset objects reloaded before import = 0Number of asset objects unloaded after import = 2

========================================================================
Received Import Request.
  Time since last request: 0.000035 seconds.
  path: Assets/Sprites/Village/Tileset/MainLevBuild_204.asset
  artifactKey: Guid(81fc6d6e3d98e4a48abcddc67df27c16) Importer(2089858483,192608db42251d675da83286b1cce702)
Start importing Assets/Sprites/Village/Tileset/MainLevBuild_204.asset using Guid(81fc6d6e3d98e4a48abcddc67df27c16) Importer(2089858483,192608db42251d675da83286b1cce702) (ScriptedImporter) -> (artifact id: 'e0c9017a8c8ee02de8ec6e9c2865d6ce') in 0.002764125 seconds
Number of updated asset objects reloaded before import = 0Number of asset objects unloaded after import = 2

========================================================================
Received Import Request.
  Time since last request: 0.000046 seconds.
  path: Assets/Sprites/Village/Tileset/MainLevBuild_720.asset
  artifactKey: Guid(6c1eaad59c1aa491190e2f17f12611c0) Importer(2089858483,192608db42251d675da83286b1cce702)
Start importing Assets/Sprites/Village/Tileset/MainLevBuild_720.asset using Guid(6c1eaad59c1aa491190e2f17f12611c0) Importer(2089858483,192608db42251d675da83286b1cce702) (ScriptedImporter) -> (artifact id: '7b7a0aa399e1c921aa9ee5581f544ade') in 0.002732125 seconds
Number of updated asset objects reloaded before import = 0Number of asset objects unloaded after import = 2

========================================================================
Received Import Request.
  Time since last request: 0.000062 seconds.
  path: Assets/Sprites/Village/Tileset/MainLevBuild_114.asset
  artifactKey: Guid(cb948acca5d594680aa8907d34d2ddaf) Importer(2089858483,192608db42251d675da83286b1cce702)
Start importing Assets/Sprites/Village/Tileset/MainLevBuild_114.asset using Guid(cb948acca5d594680aa8907d34d2ddaf) Importer(2089858483,192608db42251d675da83286b1cce702) (ScriptedImporter) -> (artifact id: '3b86310595d6a583e3f2b53d5c3ab7da') in 0.002620792 seconds
Number of updated asset objects reloaded before import = 0Number of asset objects unloaded after import = 2

========================================================================
Received Import Request.
  Time since last request: 0.000054 seconds.
  path: Assets/Sprites/Village/Tileset/MainLevBuild_577.asset
  artifactKey: Guid(bbbe82008a849482e8af09a0463a1f4e) Importer(2089858483,192608db42251d675da83286b1cce702)
Start importing Assets/Sprites/Village/Tileset/MainLevBuild_577.asset using Guid(bbbe82008a849482e8af09a0463a1f4e) Importer(2089858483,192608db42251d675da83286b1cce702) (ScriptedImporter) -> (artifact id: '2daa2cb4790ff7732b58bf942b56279e') in 0.00280875 seconds
Number of updated asset objects reloaded before import = 0Number of asset objects unloaded after import = 2

========================================================================
Received Import Request.
  Time since last request: 0.000041 seconds.
  path: Assets/Sprites/Village/Tileset/MainLevBuild_855.asset
  artifactKey: Guid(caf953b91a42949aea0222c57aba00bb) Importer(2089858483,192608db42251d675da83286b1cce702)
Start importing Assets/Sprites/Village/Tileset/MainLevBuild_855.asset using Guid(caf953b91a42949aea0222c57aba00bb) Importer(2089858483,192608db42251d675da83286b1cce702) (ScriptedImporter) -> (artifact id: '6a42ae0fcd5b0cba909bf978a3748ff5') in 0.003817334 seconds
Number of updated asset objects reloaded before import = 0Number of asset objects unloaded after import = 2

========================================================================
Received Import Request.
  Time since last request: 0.000025 seconds.
  path: Assets/Sprites/Village/Tileset/MainLevBuild_623.asset
  artifactKey: Guid(17cf55ed84c9b470a978579f43b9710b) Importer(2089858483,192608db42251d675da83286b1cce702)
Start importing Assets/Sprites/Village/Tileset/MainLevBuild_623.asset using Guid(17cf55ed84c9b470a978579f43b9710b) Importer(2089858483,192608db42251d675da83286b1cce702) (ScriptedImporter) -> (artifact id: 'd7704240f15c057efec709ed089aada2') in 0.002448833 seconds
Number of updated asset objects reloaded before import = 0Number of asset objects unloaded after import = 2

========================================================================
Received Import Request.
  Time since last request: 0.000053 seconds.
  path: Assets/Sprites/Village/Tileset/MainLevBuild_442.asset
  artifactKey: Guid(38d65aead431e42f998995f934a74682) Importer(2089858483,192608db42251d675da83286b1cce702)
Start importing Assets/Sprites/Village/Tileset/MainLevBuild_442.asset using Guid(38d65aead431e42f998995f934a74682) Importer(2089858483,192608db42251d675da83286b1cce702) (ScriptedImporter) -> (artifact id: '56d096d29f742c74d926797b89149fa8') in 0.004611042 seconds
Number of updated asset objects reloaded before import = 0Number of asset objects unloaded after import = 2

========================================================================
Received Import Request.
  Time since last request: 0.000034 seconds.
  path: Assets/Sprites/Village/Tileset/MainLevBuild_551.asset
  artifactKey: Guid(b221edf6a8a1c43ea92884f772069772) Importer(2089858483,192608db42251d675da83286b1cce702)
Start importing Assets/Sprites/Village/Tileset/MainLevBuild_551.asset using Guid(b221edf6a8a1c43ea92884f772069772) Importer(2089858483,192608db42251d675da83286b1cce702) (ScriptedImporter) -> (artifact id: 'bbc4f73ea2ee9564383a6bddb33376fa') in 0.002712292 seconds
Number of updated asset objects reloaded before import = 0Number of asset objects unloaded after import = 2

========================================================================
Received Import Request.
  Time since last request: 0.000038 seconds.
  path: Assets/Sprites/Village/Tileset/MainLevBuild_430.asset
  artifactKey: Guid(4ed768d515bd04ece888fbb49675bda4) Importer(2089858483,192608db42251d675da83286b1cce702)
Start importing Assets/Sprites/Village/Tileset/MainLevBuild_430.asset using Guid(4ed768d515bd04ece888fbb49675bda4) Importer(2089858483,192608db42251d675da83286b1cce702) (ScriptedImporter) -> (artifact id: '1723d38862e8edc51304e074d633dec6') in 0.0028595 seconds
Number of updated asset objects reloaded before import = 0Number of asset objects unloaded after import = 2

========================================================================
Received Import Request.
  Time since last request: 0.000037 seconds.
  path: Assets/Sprites/Village/Tileset/MainLevBuild_159.asset
  artifactKey: Guid(81d9d02e58a8b4de188b7047ab3c1cd3) Importer(2089858483,192608db42251d675da83286b1cce702)
Start importing Assets/Sprites/Village/Tileset/MainLevBuild_159.asset using Guid(81d9d02e58a8b4de188b7047ab3c1cd3) Importer(2089858483,192608db42251d675da83286b1cce702) (ScriptedImporter) -> (artifact id: '151dff706d40bfb4d12077af7901570e') in 0.002538167 seconds
Number of updated asset objects reloaded before import = 0Number of asset objects unloaded after import = 2

========================================================================
Received Import Request.
  Time since last request: 0.000034 seconds.
  path: Assets/Sprites/Village/Tileset/MainLevBuild_880.asset
  artifactKey: Guid(082f8f7e0b4494b8dbbcc21cb55696d8) Importer(2089858483,192608db42251d675da83286b1cce702)
Start importing Assets/Sprites/Village/Tileset/MainLevBuild_880.asset using Guid(082f8f7e0b4494b8dbbcc21cb55696d8) Importer(2089858483,192608db42251d675da83286b1cce702) (ScriptedImporter) -> (artifact id: '01713ddef96fb0d6e0d3b1f6bb1a3520') in 0.002564792 seconds
Number of updated asset objects reloaded before import = 0Number of asset objects unloaded after import = 2

========================================================================
Received Import Request.
  Time since last request: 0.000040 seconds.
  path: Assets/Sprites/Village/Tileset/MainLevBuild_760.asset
  artifactKey: Guid(77f8ba353f98743a595f97d09ff3512d) Importer(2089858483,192608db42251d675da83286b1cce702)
Start importing Assets/Sprites/Village/Tileset/MainLevBuild_760.asset using Guid(77f8ba353f98743a595f97d09ff3512d) Importer(2089858483,192608db42251d675da83286b1cce702) (ScriptedImporter) -> (artifact id: '6b5e91227e449deb1fcdad158134bd6d') in 0.002622167 seconds
Number of updated asset objects reloaded before import = 0Number of asset objects unloaded after import = 2

========================================================================
Received Import Request.
  Time since last request: 0.000030 seconds.
  path: Assets/Sprites/Village/Tileset/MainLevBuild_900.asset
  artifactKey: Guid(626eae67d54cc452ab45ece4288ee523) Importer(2089858483,192608db42251d675da83286b1cce702)
Start importing Assets/Sprites/Village/Tileset/MainLevBuild_900.asset using Guid(626eae67d54cc452ab45ece4288ee523) Importer(2089858483,192608db42251d675da83286b1cce702) (ScriptedImporter) -> (artifact id: 'b4beb3d464e6c3ab471620c7b3915e7e') in 0.002295875 seconds
Number of updated asset objects reloaded before import = 0Number of asset objects unloaded after import = 2

========================================================================
Received Import Request.
  Time since last request: 0.000030 seconds.
  path: Assets/Sprites/Village/Tileset/MainLevBuild_847.asset
  artifactKey: Guid(a27a2cb1b72ca42e4b8389c488dccd3d) Importer(2089858483,192608db42251d675da83286b1cce702)
Start importing Assets/Sprites/Village/Tileset/MainLevBuild_847.asset using Guid(a27a2cb1b72ca42e4b8389c488dccd3d) Importer(2089858483,192608db42251d675da83286b1cce702) (ScriptedImporter) -> (artifact id: '9cb66422ae253094c6db272cdaab865a') in 0.002633916 seconds
Number of updated asset objects reloaded before import = 0Number of asset objects unloaded after import = 2

========================================================================
Received Import Request.
  Time since last request: 0.000029 seconds.
  path: Assets/Sprites/Village/Tileset/MainLevBuild_83.asset
  artifactKey: Guid(c00a137f60e0649088904cf9b6a38dc4) Importer(2089858483,192608db42251d675da83286b1cce702)
Start importing Assets/Sprites/Village/Tileset/MainLevBuild_83.asset using Guid(c00a137f60e0649088904cf9b6a38dc4) Importer(2089858483,192608db42251d675da83286b1cce702) (ScriptedImporter) -> (artifact id: 'cf4161590a16d1b21cfc2e7934b1c59c') in 0.002613125 seconds
Number of updated asset objects reloaded before import = 0Number of asset objects unloaded after import = 2

========================================================================
Received Import Request.
  Time since last request: 0.000032 seconds.
  path: Assets/Sprites/Village/Tileset/MainLevBuild_101.asset
  artifactKey: Guid(ac4aea25768e64974ab11150be5ac1bd) Importer(2089858483,192608db42251d675da83286b1cce702)
Start importing Assets/Sprites/Village/Tileset/MainLevBuild_101.asset using Guid(ac4aea25768e64974ab11150be5ac1bd) Importer(2089858483,192608db42251d675da83286b1cce702) (ScriptedImporter) -> (artifact id: '90f9c13de0169ebab907b8c4a780ee4d') in 0.002730042 seconds
Number of updated asset objects reloaded before import = 0Number of asset objects unloaded after import = 2

========================================================================
Received Import Request.
  Time since last request: 0.000047 seconds.
  path: Assets/Sprites/Village/Tileset/MainLevBuild_457.asset
  artifactKey: Guid(8321234a0c4b94c7bb4c8003072de7e5) Importer(2089858483,192608db42251d675da83286b1cce702)
Start importing Assets/Sprites/Village/Tileset/MainLevBuild_457.asset using Guid(8321234a0c4b94c7bb4c8003072de7e5) Importer(2089858483,192608db42251d675da83286b1cce702) (ScriptedImporter) -> (artifact id: '681720298c923b9dfb1ed471894fd6e5') in 0.002811375 seconds
Number of updated asset objects reloaded before import = 0Number of asset objects unloaded after import = 2

========================================================================
Received Import Request.
  Time since last request: 0.000044 seconds.
  path: Assets/Sprites/Village/Tileset/MainLevBuild_463.asset
  artifactKey: Guid(2f1c9cf65284d40aea87a15c34312da4) Importer(2089858483,192608db42251d675da83286b1cce702)
Start importing Assets/Sprites/Village/Tileset/MainLevBuild_463.asset using Guid(2f1c9cf65284d40aea87a15c34312da4) Importer(2089858483,192608db42251d675da83286b1cce702) (ScriptedImporter) -> (artifact id: '70acc6dcd8d4c7eb83a844c77d01ccd2') in 0.002522417 seconds
Number of updated asset objects reloaded before import = 0Number of asset objects unloaded after import = 2

========================================================================
Received Import Request.
  Time since last request: 0.000036 seconds.
  path: Assets/Sprites/Village/Tileset/MainLevBuild_371.asset
  artifactKey: Guid(39fec8cfbde714114812504329437cd6) Importer(2089858483,192608db42251d675da83286b1cce702)
Start importing Assets/Sprites/Village/Tileset/MainLevBuild_371.asset using Guid(39fec8cfbde714114812504329437cd6) Importer(2089858483,192608db42251d675da83286b1cce702) (ScriptedImporter) -> (artifact id: '4a79912fa29efab077235656c91ec62b') in 0.004588625 seconds
Number of updated asset objects reloaded before import = 0Number of asset objects unloaded after import = 2

========================================================================
Received Import Request.
  Time since last request: 0.000037 seconds.
  path: Assets/Sprites/Village/Tileset/MainLevBuild_230.asset
  artifactKey: Guid(039a5c92966264f1a992650d8bebef14) Importer(2089858483,192608db42251d675da83286b1cce702)
Start importing Assets/Sprites/Village/Tileset/MainLevBuild_230.asset using Guid(039a5c92966264f1a992650d8bebef14) Importer(2089858483,192608db42251d675da83286b1cce702) (ScriptedImporter) -> (artifact id: 'bb29edf8a611ccbb1a9ae301dad5cc84') in 0.0029055 seconds
Number of updated asset objects reloaded before import = 0Number of asset objects unloaded after import = 2

========================================================================
Received Import Request.
  Time since last request: 0.000034 seconds.
  path: Assets/Sprites/Village/Tileset/MainLevBuild_904.asset
  artifactKey: Guid(78b85f7309499484786a67b41c5ebc41) Importer(2089858483,192608db42251d675da83286b1cce702)
Start importing Assets/Sprites/Village/Tileset/MainLevBuild_904.asset using Guid(78b85f7309499484786a67b41c5ebc41) Importer(2089858483,192608db42251d675da83286b1cce702) (ScriptedImporter) -> (artifact id: '83498e5f74f0c165f4322ba6e16b1577') in 0.002627667 seconds
Number of updated asset objects reloaded before import = 0Number of asset objects unloaded after import = 2

========================================================================
Received Import Request.
  Time since last request: 0.000038 seconds.
  path: Assets/Sprites/Village/Tileset/MainLevBuild_865.asset
  artifactKey: Guid(6f2b36c50f7ba4fbe9d18bf990047b77) Importer(2089858483,192608db42251d675da83286b1cce702)
Start importing Assets/Sprites/Village/Tileset/MainLevBuild_865.asset using Guid(6f2b36c50f7ba4fbe9d18bf990047b77) Importer(2089858483,192608db42251d675da83286b1cce702) (ScriptedImporter) -> (artifact id: 'ab870a9a67a2d4621d6ccb3c1cbbf8da') in 0.002700709 seconds
Number of updated asset objects reloaded before import = 0Number of asset objects unloaded after import = 2

========================================================================
Received Import Request.
  Time since last request: 0.000040 seconds.
  path: Assets/Sprites/Village/Tileset/MainLevBuild_982.asset
  artifactKey: Guid(67740fce97a084c30bc1cd06840b2fca) Importer(2089858483,192608db42251d675da83286b1cce702)
Start importing Assets/Sprites/Village/Tileset/MainLevBuild_982.asset using Guid(67740fce97a084c30bc1cd06840b2fca) Importer(2089858483,192608db42251d675da83286b1cce702) (ScriptedImporter) -> (artifact id: 'cace89773404344980bed98242975498') in 0.003120542 seconds
Number of updated asset objects reloaded before import = 0Number of asset objects unloaded after import = 2

========================================================================
Received Import Request.
  Time since last request: 0.000032 seconds.
  path: Assets/Sprites/Village/Tileset/MainLevBuild_378.asset
  artifactKey: Guid(e49002a14dbd14296a828731987bfa1e) Importer(2089858483,192608db42251d675da83286b1cce702)
Start importing Assets/Sprites/Village/Tileset/MainLevBuild_378.asset using Guid(e49002a14dbd14296a828731987bfa1e) Importer(2089858483,192608db42251d675da83286b1cce702) (ScriptedImporter) -> (artifact id: 'bcdae54c261f32e584a5a16a30d08c9c') in 0.00323475 seconds
Number of updated asset objects reloaded before import = 0Number of asset objects unloaded after import = 2

========================================================================
Received Import Request.
  Time since last request: 0.000037 seconds.
  path: Assets/Sprites/Village/Tileset/MainLevBuild_140.asset
  artifactKey: Guid(59a112585a58e4347a4b528f1e1cb8dc) Importer(2089858483,192608db42251d675da83286b1cce702)
Start importing Assets/Sprites/Village/Tileset/MainLevBuild_140.asset using Guid(59a112585a58e4347a4b528f1e1cb8dc) Importer(2089858483,192608db42251d675da83286b1cce702) (ScriptedImporter) -> (artifact id: 'f9662a3390dfdd8bf4b1860a4654fe4c') in 0.00287275 seconds
Number of updated asset objects reloaded before import = 0Number of asset objects unloaded after import = 2

========================================================================
Received Import Request.
  Time since last request: 0.000041 seconds.
  path: Assets/Sprites/Village/Tileset/MainLevBuild_621.asset
  artifactKey: Guid(7dabeaa53c1074c3abb7dc2116d3b5ff) Importer(2089858483,192608db42251d675da83286b1cce702)
Start importing Assets/Sprites/Village/Tileset/MainLevBuild_621.asset using Guid(7dabeaa53c1074c3abb7dc2116d3b5ff) Importer(2089858483,192608db42251d675da83286b1cce702) (ScriptedImporter) -> (artifact id: 'b952618fd5a2397c93f1ee79f1e74e19') in 0.002785958 seconds
Number of updated asset objects reloaded before import = 0Number of asset objects unloaded after import = 2

========================================================================
Received Import Request.
  Time since last request: 0.000033 seconds.
  path: Assets/Sprites/Village/Tileset/MainLevBuild_469.asset
  artifactKey: Guid(ea4fa32706816494995742b6a82712f4) Importer(2089858483,192608db42251d675da83286b1cce702)
Start importing Assets/Sprites/Village/Tileset/MainLevBuild_469.asset using Guid(ea4fa32706816494995742b6a82712f4) Importer(2089858483,192608db42251d675da83286b1cce702) (ScriptedImporter) -> (artifact id: 'd611e867c12a076b90d2b943dd2703a4') in 0.002751708 seconds
Number of updated asset objects reloaded before import = 0Number of asset objects unloaded after import = 2

========================================================================
Received Import Request.
  Time since last request: 0.000078 seconds.
  path: Assets/Sprites/Village/Tileset/MainLevBuild_722.asset
  artifactKey: Guid(f19d22b25aa31416fa803c721973c4a6) Importer(2089858483,192608db42251d675da83286b1cce702)
Start importing Assets/Sprites/Village/Tileset/MainLevBuild_722.asset using Guid(f19d22b25aa31416fa803c721973c4a6) Importer(2089858483,192608db42251d675da83286b1cce702) (ScriptedImporter) -> (artifact id: '125cbfc7a1b47d597c7ff6e198ad1c83') in 0.006498333 seconds
Number of updated asset objects reloaded before import = 0Number of asset objects unloaded after import = 2

========================================================================
Received Import Request.
  Time since last request: 0.000115 seconds.
  path: Assets/Sprites/Village/Tileset/MainLevBuild_624.asset
  artifactKey: Guid(1c67ea1af97e54653a1d96ea93d85d0d) Importer(2089858483,192608db42251d675da83286b1cce702)
Start importing Assets/Sprites/Village/Tileset/MainLevBuild_624.asset using Guid(1c67ea1af97e54653a1d96ea93d85d0d) Importer(2089858483,192608db42251d675da83286b1cce702) (ScriptedImporter) -> (artifact id: '84202c71d684f2e31a9d00202eac7918') in 0.002641208 seconds
Number of updated asset objects reloaded before import = 0Number of asset objects unloaded after import = 2

========================================================================
Received Import Request.
  Time since last request: 0.000044 seconds.
  path: Assets/Sprites/Village/Tileset/MainLevBuild_241.asset
  artifactKey: Guid(ea2131f87770f456288c40067ff6ba01) Importer(2089858483,192608db42251d675da83286b1cce702)
Start importing Assets/Sprites/Village/Tileset/MainLevBuild_241.asset using Guid(ea2131f87770f456288c40067ff6ba01) Importer(2089858483,192608db42251d675da83286b1cce702) (ScriptedImporter) -> (artifact id: 'de628a8a43a1e8c5028d04228def6a75') in 0.004897542 seconds
Number of updated asset objects reloaded before import = 0Number of asset objects unloaded after import = 2

========================================================================
Received Import Request.
  Time since last request: 0.000041 seconds.
  path: Assets/Sprites/Village/Tileset/MainLevBuild_1012.asset
  artifactKey: Guid(2c8df72e166ad4d5ea528035e264fb77) Importer(2089858483,192608db42251d675da83286b1cce702)
Start importing Assets/Sprites/Village/Tileset/MainLevBuild_1012.asset using Guid(2c8df72e166ad4d5ea528035e264fb77) Importer(2089858483,192608db42251d675da83286b1cce702) (ScriptedImporter) -> (artifact id: 'a07f541441ec825de36e38c92f9fd789') in 0.003017334 seconds
Number of updated asset objects reloaded before import = 0Number of asset objects unloaded after import = 2

========================================================================
Received Import Request.
  Time since last request: 0.000032 seconds.
  path: Assets/Sprites/Village/Tileset/MainLevBuild_315.asset
  artifactKey: Guid(15459f66d932e4c9b8681866a8596974) Importer(2089858483,192608db42251d675da83286b1cce702)
Start importing Assets/Sprites/Village/Tileset/MainLevBuild_315.asset using Guid(15459f66d932e4c9b8681866a8596974) Importer(2089858483,192608db42251d675da83286b1cce702) (ScriptedImporter) -> (artifact id: '1b0f2af56b2cf853e41150abd33e1355') in 0.0045555 seconds
Number of updated asset objects reloaded before import = 0Number of asset objects unloaded after import = 2

========================================================================
Received Import Request.
  Time since last request: 0.000036 seconds.
  path: Assets/Sprites/Village/Tileset/MainLevBuild_168.asset
  artifactKey: Guid(f25773223b84642b682611acc2596ccb) Importer(2089858483,192608db42251d675da83286b1cce702)
Start importing Assets/Sprites/Village/Tileset/MainLevBuild_168.asset using Guid(f25773223b84642b682611acc2596ccb) Importer(2089858483,192608db42251d675da83286b1cce702) (ScriptedImporter) -> (artifact id: '61dbe47c84a0a70bcb1888077f61f8af') in 0.002754583 seconds
Number of updated asset objects reloaded before import = 0Number of asset objects unloaded after import = 2

========================================================================
Received Import Request.
  Time since last request: 0.000033 seconds.
  path: Assets/Sprites/Village/Tileset/MainLevBuild_266.asset
  artifactKey: Guid(d627af663e046446cb055f1c1c2b7b79) Importer(2089858483,192608db42251d675da83286b1cce702)
Start importing Assets/Sprites/Village/Tileset/MainLevBuild_266.asset using Guid(d627af663e046446cb055f1c1c2b7b79) Importer(2089858483,192608db42251d675da83286b1cce702) (ScriptedImporter) -> (artifact id: '70c47e1d63a3da349c9825b321109d68') in 0.002808292 seconds
Number of updated asset objects reloaded before import = 0Number of asset objects unloaded after import = 2

========================================================================
Received Import Request.
  Time since last request: 0.000038 seconds.
  path: Assets/Sprites/Village/Tileset/MainLevBuild_752.asset
  artifactKey: Guid(4c3091686798549509a0409dde7af45e) Importer(2089858483,192608db42251d675da83286b1cce702)
Start importing Assets/Sprites/Village/Tileset/MainLevBuild_752.asset using Guid(4c3091686798549509a0409dde7af45e) Importer(2089858483,192608db42251d675da83286b1cce702) (ScriptedImporter) -> (artifact id: 'e606788224be8eb0bfa7cbd7bda1e3c9') in 0.002795584 seconds
Number of updated asset objects reloaded before import = 0Number of asset objects unloaded after import = 2

========================================================================
Received Import Request.
  Time since last request: 0.000032 seconds.
  path: Assets/Sprites/Village/Tileset/MainLevBuild_1023.asset
  artifactKey: Guid(200f97cf2edb04431add9e3ce6b2cc7c) Importer(2089858483,192608db42251d675da83286b1cce702)
Start importing Assets/Sprites/Village/Tileset/MainLevBuild_1023.asset using Guid(200f97cf2edb04431add9e3ce6b2cc7c) Importer(2089858483,192608db42251d675da83286b1cce702) (ScriptedImporter) -> (artifact id: '34f9c9d0a2fa4a2f86370a99459674f9') in 0.00285925 seconds
Number of updated asset objects reloaded before import = 0Number of asset objects unloaded after import = 2

========================================================================
Received Import Request.
  Time since last request: 0.000037 seconds.
  path: Assets/Sprites/Village/Tileset/MainLevBuild_89.asset
  artifactKey: Guid(9482a4f474637491d96ad7e866a05de0) Importer(2089858483,192608db42251d675da83286b1cce702)
Start importing Assets/Sprites/Village/Tileset/MainLevBuild_89.asset using Guid(9482a4f474637491d96ad7e866a05de0) Importer(2089858483,192608db42251d675da83286b1cce702) (ScriptedImporter) -> (artifact id: '8ee966b3ea0c72770b95dc65ff9fd1c6') in 0.002921042 seconds
Number of updated asset objects reloaded before import = 0Number of asset objects unloaded after import = 2

========================================================================
Received Import Request.
  Time since last request: 0.000066 seconds.
  path: Assets/Sprites/Village/Tileset/MainLevBuild_1061.asset
  artifactKey: Guid(ff49b31b4d8694c0e967a772e8f96311) Importer(2089858483,192608db42251d675da83286b1cce702)
Start importing Assets/Sprites/Village/Tileset/MainLevBuild_1061.asset using Guid(ff49b31b4d8694c0e967a772e8f96311) Importer(2089858483,192608db42251d675da83286b1cce702) (ScriptedImporter) -> (artifact id: 'a0c78d2b8b631677b33e03881ab3abe2') in 0.002819166 seconds
Number of updated asset objects reloaded before import = 0Number of asset objects unloaded after import = 2

========================================================================
Received Import Request.
  Time since last request: 0.000044 seconds.
  path: Assets/Sprites/Village/Tileset/MainLevBuild_217.asset
  artifactKey: Guid(bc4a58dedf342476a8df923d18d778a2) Importer(2089858483,192608db42251d675da83286b1cce702)
Start importing Assets/Sprites/Village/Tileset/MainLevBuild_217.asset using Guid(bc4a58dedf342476a8df923d18d778a2) Importer(2089858483,192608db42251d675da83286b1cce702) (ScriptedImporter) -> (artifact id: '193321ddb57e61f0057c0fc870f3d7a7') in 0.002772042 seconds
Number of updated asset objects reloaded before import = 0Number of asset objects unloaded after import = 2

========================================================================
Received Import Request.
  Time since last request: 0.000038 seconds.
  path: Assets/Sprites/Village/Tileset/MainLevBuild_573.asset
  artifactKey: Guid(d49fd26e9c207489f8936e8fc182c1d8) Importer(2089858483,192608db42251d675da83286b1cce702)
Start importing Assets/Sprites/Village/Tileset/MainLevBuild_573.asset using Guid(d49fd26e9c207489f8936e8fc182c1d8) Importer(2089858483,192608db42251d675da83286b1cce702) (ScriptedImporter) -> (artifact id: '5ded32dea50964eb5663cce42b1337f7') in 0.002877667 seconds
Number of updated asset objects reloaded before import = 0Number of asset objects unloaded after import = 2

========================================================================
Received Import Request.
  Time since last request: 0.000039 seconds.
  path: Assets/Sprites/Village/Tileset/MainLevBuild_1038.asset
  artifactKey: Guid(ecca81b6fd585439ea14e67f68f5a68b) Importer(2089858483,192608db42251d675da83286b1cce702)
Start importing Assets/Sprites/Village/Tileset/MainLevBuild_1038.asset using Guid(ecca81b6fd585439ea14e67f68f5a68b) Importer(2089858483,192608db42251d675da83286b1cce702) (ScriptedImporter) -> (artifact id: 'ed94c24ba5d1b663f792e4f76e2bcf2f') in 0.002810125 seconds
Number of updated asset objects reloaded before import = 0Number of asset objects unloaded after import = 2

========================================================================
Received Import Request.
  Time since last request: 0.000036 seconds.
  path: Assets/Sprites/Village/Tileset/MainLevBuild_761.asset
  artifactKey: Guid(d20d2f8bb0dff4fe798aed6bc3c36389) Importer(2089858483,192608db42251d675da83286b1cce702)
Start importing Assets/Sprites/Village/Tileset/MainLevBuild_761.asset using Guid(d20d2f8bb0dff4fe798aed6bc3c36389) Importer(2089858483,192608db42251d675da83286b1cce702) (ScriptedImporter) -> (artifact id: '4a90feb044ec086c98a100cd8f3b582d') in 0.002756291 seconds
Number of updated asset objects reloaded before import = 0Number of asset objects unloaded after import = 2

========================================================================
Received Import Request.
  Time since last request: 0.000040 seconds.
  path: Assets/Sprites/Village/Tileset/MainLevBuild_78.asset
  artifactKey: Guid(0f19091e2ddf148878cb9d8247f0bca5) Importer(2089858483,192608db42251d675da83286b1cce702)
Start importing Assets/Sprites/Village/Tileset/MainLevBuild_78.asset using Guid(0f19091e2ddf148878cb9d8247f0bca5) Importer(2089858483,192608db42251d675da83286b1cce702) (ScriptedImporter) -> (artifact id: '79167ee8c59dc02106737b9b9c0cb063') in 0.002790583 seconds
Number of updated asset objects reloaded before import = 0Number of asset objects unloaded after import = 2

========================================================================
Received Import Request.
  Time since last request: 0.000051 seconds.
  path: Assets/Sprites/Village/Tileset/MainLevBuild_983.asset
  artifactKey: Guid(5e859180b1043400f9bf36b87c9ef4b3) Importer(2089858483,192608db42251d675da83286b1cce702)
Start importing Assets/Sprites/Village/Tileset/MainLevBuild_983.asset using Guid(5e859180b1043400f9bf36b87c9ef4b3) Importer(2089858483,192608db42251d675da83286b1cce702) (ScriptedImporter) -> (artifact id: 'a6a467fb8bf49135e3ae4886043617a3') in 0.0030495 seconds
Number of updated asset objects reloaded before import = 0Number of asset objects unloaded after import = 2

========================================================================
Received Import Request.
  Time since last request: 0.000036 seconds.
  path: Assets/Sprites/Village/Tileset/MainLevBuild_256.asset
  artifactKey: Guid(8e2b3af0fc1094f8cab3f4df2a6de4e2) Importer(2089858483,192608db42251d675da83286b1cce702)
Start importing Assets/Sprites/Village/Tileset/MainLevBuild_256.asset using Guid(8e2b3af0fc1094f8cab3f4df2a6de4e2) Importer(2089858483,192608db42251d675da83286b1cce702) (ScriptedImporter) -> (artifact id: 'd421bb653fd8489cc868396b9544cba1') in 0.004774375 seconds
Number of updated asset objects reloaded before import = 0Number of asset objects unloaded after import = 2

========================================================================
Received Import Request.
  Time since last request: 0.000032 seconds.
  path: Assets/Sprites/Village/Tileset/MainLevBuild_374.asset
  artifactKey: Guid(b28e959bd16e647c38500a2808ec5484) Importer(2089858483,192608db42251d675da83286b1cce702)
Start importing Assets/Sprites/Village/Tileset/MainLevBuild_374.asset using Guid(b28e959bd16e647c38500a2808ec5484) Importer(2089858483,192608db42251d675da83286b1cce702) (ScriptedImporter) -> (artifact id: '1df8a0c779cff66337145881d4d4e45f') in 0.002807959 seconds
Number of updated asset objects reloaded before import = 0Number of asset objects unloaded after import = 2

========================================================================
Received Import Request.
  Time since last request: 0.000040 seconds.
  path: Assets/Sprites/Village/Tileset/MainLevBuild_845.asset
  artifactKey: Guid(001d96705b15d47fcadec0fd980da0c4) Importer(2089858483,192608db42251d675da83286b1cce702)
Start importing Assets/Sprites/Village/Tileset/MainLevBuild_845.asset using Guid(001d96705b15d47fcadec0fd980da0c4) Importer(2089858483,192608db42251d675da83286b1cce702) (ScriptedImporter) -> (artifact id: '2e3d65430d2b11168ab15715a988daae') in 0.0030125 seconds
Number of updated asset objects reloaded before import = 0Number of asset objects unloaded after import = 2

========================================================================
Received Import Request.
  Time since last request: 0.000050 seconds.
  path: Assets/Sprites/Village/Tileset/MainLevBuild_359.asset
  artifactKey: Guid(3b1fe2cc3edda4ceeb9a81a80e96fad5) Importer(2089858483,192608db42251d675da83286b1cce702)
Start importing Assets/Sprites/Village/Tileset/MainLevBuild_359.asset using Guid(3b1fe2cc3edda4ceeb9a81a80e96fad5) Importer(2089858483,192608db42251d675da83286b1cce702) (ScriptedImporter) -> (artifact id: 'b29b5871c7b74311a827adba3f378828') in 0.002895042 seconds
Number of updated asset objects reloaded before import = 0Number of asset objects unloaded after import = 2

========================================================================
Received Import Request.
  Time since last request: 0.000044 seconds.
  path: Assets/Sprites/Village/Tileset/MainLevBuild_651.asset
  artifactKey: Guid(f3169bceae6484851871c0c7a834f66f) Importer(2089858483,192608db42251d675da83286b1cce702)
Start importing Assets/Sprites/Village/Tileset/MainLevBuild_651.asset using Guid(f3169bceae6484851871c0c7a834f66f) Importer(2089858483,192608db42251d675da83286b1cce702) (ScriptedImporter) -> (artifact id: 'cf804de821c601b107a230b39b6b4840') in 0.00320175 seconds
Number of updated asset objects reloaded before import = 0Number of asset objects unloaded after import = 2

========================================================================
Received Import Request.
  Time since last request: 0.000039 seconds.
  path: Assets/Sprites/Village/Tileset/MainLevBuild_523.asset
  artifactKey: Guid(a19eeab6190894d578ba17b06ba0be08) Importer(2089858483,192608db42251d675da83286b1cce702)
Start importing Assets/Sprites/Village/Tileset/MainLevBuild_523.asset using Guid(a19eeab6190894d578ba17b06ba0be08) Importer(2089858483,192608db42251d675da83286b1cce702) (ScriptedImporter) -> (artifact id: '82013ba2fc20b0bd687a70d967b2df59') in 0.002926875 seconds
Number of updated asset objects reloaded before import = 0Number of asset objects unloaded after import = 2

========================================================================
Received Import Request.
  Time since last request: 0.000039 seconds.
  path: Assets/Sprites/Village/Tileset/MainLevBuild_445.asset
  artifactKey: Guid(260eb763bc9504b049be99fa6b88c36b) Importer(2089858483,192608db42251d675da83286b1cce702)
Start importing Assets/Sprites/Village/Tileset/MainLevBuild_445.asset using Guid(260eb763bc9504b049be99fa6b88c36b) Importer(2089858483,192608db42251d675da83286b1cce702) (ScriptedImporter) -> (artifact id: 'daf78adda0b12b0cd63b3ae1e2bc6a9d') in 0.002932084 seconds
Number of updated asset objects reloaded before import = 0Number of asset objects unloaded after import = 2

========================================================================
Received Import Request.
  Time since last request: 0.000061 seconds.
  path: Assets/Sprites/Village/Tileset/MainLevBuild_665.asset
  artifactKey: Guid(d7bedd0f5e82d4c978b6f6bd2c914275) Importer(2089858483,192608db42251d675da83286b1cce702)
Start importing Assets/Sprites/Village/Tileset/MainLevBuild_665.asset using Guid(d7bedd0f5e82d4c978b6f6bd2c914275) Importer(2089858483,192608db42251d675da83286b1cce702) (ScriptedImporter) -> (artifact id: 'cf68546b259c24164790530175551024') in 0.003014417 seconds
Number of updated asset objects reloaded before import = 0Number of asset objects unloaded after import = 2

========================================================================
Received Import Request.
  Time since last request: 0.000039 seconds.
  path: Assets/Sprites/Village/Tileset/MainLevBuild_171.asset
  artifactKey: Guid(2768dba2f42ed4ac58fc6eddc7d1991f) Importer(2089858483,192608db42251d675da83286b1cce702)
Start importing Assets/Sprites/Village/Tileset/MainLevBuild_171.asset using Guid(2768dba2f42ed4ac58fc6eddc7d1991f) Importer(2089858483,192608db42251d675da83286b1cce702) (ScriptedImporter) -> (artifact id: '5afb52a1d7c2f3dd8c4e5bb682263ed4') in 0.0028605 seconds
Number of updated asset objects reloaded before import = 0Number of asset objects unloaded after import = 2

========================================================================
Received Import Request.
  Time since last request: 0.000062 seconds.
  path: Assets/Sprites/Village/Tileset/MainLevBuild_808.asset
  artifactKey: Guid(a84a262ad6ce64768be7267c6d1dfd2a) Importer(2089858483,192608db42251d675da83286b1cce702)
Start importing Assets/Sprites/Village/Tileset/MainLevBuild_808.asset using Guid(a84a262ad6ce64768be7267c6d1dfd2a) Importer(2089858483,192608db42251d675da83286b1cce702) (ScriptedImporter) -> (artifact id: '2ddccc7763847e6a244d801097b77b9c') in 0.00283975 seconds
Number of updated asset objects reloaded before import = 0Number of asset objects unloaded after import = 2

========================================================================
Received Import Request.
  Time since last request: 0.000037 seconds.
  path: Assets/Sprites/Village/Tileset/MainLevBuild_714.asset
  artifactKey: Guid(76189ed95adc94daca7b39b6a0b30d51) Importer(2089858483,192608db42251d675da83286b1cce702)
Start importing Assets/Sprites/Village/Tileset/MainLevBuild_714.asset using Guid(76189ed95adc94daca7b39b6a0b30d51) Importer(2089858483,192608db42251d675da83286b1cce702) (ScriptedImporter) -> (artifact id: 'd8a8018f1f81b4ec8a38e8d7cf8d115d') in 0.002950792 seconds
Number of updated asset objects reloaded before import = 0Number of asset objects unloaded after import = 2

========================================================================
Received Import Request.
  Time since last request: 0.000064 seconds.
  path: Assets/Sprites/Village/Tileset/MainLevBuild_1036.asset
  artifactKey: Guid(1e4e0a36dd01045969b6f943346e5817) Importer(2089858483,192608db42251d675da83286b1cce702)
Start importing Assets/Sprites/Village/Tileset/MainLevBuild_1036.asset using Guid(1e4e0a36dd01045969b6f943346e5817) Importer(2089858483,192608db42251d675da83286b1cce702) (ScriptedImporter) -> (artifact id: '896a11f15341a041319b9f7841b4b301') in 0.002895375 seconds
Number of updated asset objects reloaded before import = 0Number of asset objects unloaded after import = 2

========================================================================
Received Import Request.
  Time since last request: 0.000048 seconds.
  path: Assets/Sprites/Village/Tileset/MainLevBuild_921.asset
  artifactKey: Guid(7be3d82b881fa46c39062c37a86374aa) Importer(2089858483,192608db42251d675da83286b1cce702)
Start importing Assets/Sprites/Village/Tileset/MainLevBuild_921.asset using Guid(7be3d82b881fa46c39062c37a86374aa) Importer(2089858483,192608db42251d675da83286b1cce702) (ScriptedImporter) -> (artifact id: 'b877f0d7a2690c2dc28f0a0dcb19709f') in 0.004429042 seconds
Number of updated asset objects reloaded before import = 0Number of asset objects unloaded after import = 2

========================================================================
Received Import Request.
  Time since last request: 0.000040 seconds.
  path: Assets/Sprites/Village/Tileset/MainLevBuild_943.asset
  artifactKey: Guid(978416e13d1d3496089eb55757199d1f) Importer(2089858483,192608db42251d675da83286b1cce702)
Start importing Assets/Sprites/Village/Tileset/MainLevBuild_943.asset using Guid(978416e13d1d3496089eb55757199d1f) Importer(2089858483,192608db42251d675da83286b1cce702) (ScriptedImporter) -> (artifact id: '2ab06834a21413669cdc491edc44b759') in 0.002283292 seconds
Number of updated asset objects reloaded before import = 0Number of asset objects unloaded after import = 2

========================================================================
Received Import Request.
  Time since last request: 0.000036 seconds.
  path: Assets/Sprites/Village/Tileset/MainLevBuild_546.asset
  artifactKey: Guid(08fc2b56cdbfa43edae3767cb65a1fc8) Importer(2089858483,192608db42251d675da83286b1cce702)
Start importing Assets/Sprites/Village/Tileset/MainLevBuild_546.asset using Guid(08fc2b56cdbfa43edae3767cb65a1fc8) Importer(2089858483,192608db42251d675da83286b1cce702) (ScriptedImporter) -> (artifact id: '8855c6582bad390565517ad6d53601a9') in 0.002569667 seconds
Number of updated asset objects reloaded before import = 0Number of asset objects unloaded after import = 2

========================================================================
Received Import Request.
  Time since last request: 0.000051 seconds.
  path: Assets/Sprites/Village/Tileset/MainLevBuild_1026.asset
  artifactKey: Guid(6fee059dbc60f444ea55b7361f694852) Importer(2089858483,192608db42251d675da83286b1cce702)
Start importing Assets/Sprites/Village/Tileset/MainLevBuild_1026.asset using Guid(6fee059dbc60f444ea55b7361f694852) Importer(2089858483,192608db42251d675da83286b1cce702) (ScriptedImporter) -> (artifact id: '71914165a96bcbb135c0f4c8e203be4e') in 0.00282525 seconds
Number of updated asset objects reloaded before import = 0Number of asset objects unloaded after import = 2

========================================================================
Received Import Request.
  Time since last request: 0.000037 seconds.
  path: Assets/Sprites/Village/Tileset/MainLevBuild_456.asset
  artifactKey: Guid(effa6f1bd746b4c15ae107158a7ae89e) Importer(2089858483,192608db42251d675da83286b1cce702)
Start importing Assets/Sprites/Village/Tileset/MainLevBuild_456.asset using Guid(effa6f1bd746b4c15ae107158a7ae89e) Importer(2089858483,192608db42251d675da83286b1cce702) (ScriptedImporter) -> (artifact id: 'd104b44919eef68ead08a4aab719d6ae') in 0.002713833 seconds
Number of updated asset objects reloaded before import = 0Number of asset objects unloaded after import = 2

========================================================================
Received Import Request.
  Time since last request: 0.000030 seconds.
  path: Assets/Sprites/Village/Tileset/MainLevBuild_395.asset
  artifactKey: Guid(2e749ae94884a4d0fa64c724bab640a5) Importer(2089858483,192608db42251d675da83286b1cce702)
Start importing Assets/Sprites/Village/Tileset/MainLevBuild_395.asset using Guid(2e749ae94884a4d0fa64c724bab640a5) Importer(2089858483,192608db42251d675da83286b1cce702) (ScriptedImporter) -> (artifact id: '16ef62e038a9ff587db8087fd3f28555') in 0.002602042 seconds
Number of updated asset objects reloaded before import = 0Number of asset objects unloaded after import = 2

========================================================================
Received Import Request.
  Time since last request: 0.000044 seconds.
  path: Assets/Sprites/Village/Tileset/MainLevBuild_598.asset
  artifactKey: Guid(7ef4060ae5cc64b22b1217872d671fba) Importer(2089858483,192608db42251d675da83286b1cce702)
Start importing Assets/Sprites/Village/Tileset/MainLevBuild_598.asset using Guid(7ef4060ae5cc64b22b1217872d671fba) Importer(2089858483,192608db42251d675da83286b1cce702) (ScriptedImporter) -> (artifact id: 'dfb3d3d022b80543424d9b18045195dc') in 0.002739084 seconds
Number of updated asset objects reloaded before import = 0Number of asset objects unloaded after import = 2

========================================================================
Received Import Request.
  Time since last request: 0.000033 seconds.
  path: Assets/Sprites/Village/Tileset/MainLevBuild_304.asset
  artifactKey: Guid(467564f6b953845a3987c05a590da5cf) Importer(2089858483,192608db42251d675da83286b1cce702)
Start importing Assets/Sprites/Village/Tileset/MainLevBuild_304.asset using Guid(467564f6b953845a3987c05a590da5cf) Importer(2089858483,192608db42251d675da83286b1cce702) (ScriptedImporter) -> (artifact id: 'f4c64bf34645a85202708da49250ed4a') in 0.002512958 seconds
Number of updated asset objects reloaded before import = 0Number of asset objects unloaded after import = 2

========================================================================
Received Import Request.
  Time since last request: 0.000035 seconds.
  path: Assets/Sprites/Village/Tileset/MainLevBuild_59.asset
  artifactKey: Guid(b1bbd461c2af64812a0da636f8838eb9) Importer(2089858483,192608db42251d675da83286b1cce702)
Start importing Assets/Sprites/Village/Tileset/MainLevBuild_59.asset using Guid(b1bbd461c2af64812a0da636f8838eb9) Importer(2089858483,192608db42251d675da83286b1cce702) (ScriptedImporter) -> (artifact id: '2570d9b747e7c1b500d0c74843a52aa7') in 0.002907125 seconds
Number of updated asset objects reloaded before import = 0Number of asset objects unloaded after import = 2

========================================================================
Received Import Request.
  Time since last request: 0.000041 seconds.
  path: Assets/Sprites/Village/Tileset/MainLevBuild_117.asset
  artifactKey: Guid(e5a50125b8e0d4b798536ddd0a2f38bd) Importer(2089858483,192608db42251d675da83286b1cce702)
Start importing Assets/Sprites/Village/Tileset/MainLevBuild_117.asset using Guid(e5a50125b8e0d4b798536ddd0a2f38bd) Importer(2089858483,192608db42251d675da83286b1cce702) (ScriptedImporter) -> (artifact id: '143e92bc4b97d2eb69c3f280de1e624f') in 0.002668958 seconds
Number of updated asset objects reloaded before import = 0Number of asset objects unloaded after import = 2

========================================================================
Received Import Request.
  Time since last request: 0.000034 seconds.
  path: Assets/Sprites/Village/Tileset/MainLevBuild_805.asset
  artifactKey: Guid(6a92d20a024054e06a4b767e96180723) Importer(2089858483,192608db42251d675da83286b1cce702)
Start importing Assets/Sprites/Village/Tileset/MainLevBuild_805.asset using Guid(6a92d20a024054e06a4b767e96180723) Importer(2089858483,192608db42251d675da83286b1cce702) (ScriptedImporter) -> (artifact id: '7fe5255b3193af69796e451bd800abcb') in 0.002707875 seconds
Number of updated asset objects reloaded before import = 0Number of asset objects unloaded after import = 2

========================================================================
Received Import Request.
  Time since last request: 0.000043 seconds.
  path: Assets/Sprites/Village/Tileset/MainLevBuild_124.asset
  artifactKey: Guid(4a25977be296c418aa41fefc916286d7) Importer(2089858483,192608db42251d675da83286b1cce702)
Start importing Assets/Sprites/Village/Tileset/MainLevBuild_124.asset using Guid(4a25977be296c418aa41fefc916286d7) Importer(2089858483,192608db42251d675da83286b1cce702) (ScriptedImporter) -> (artifact id: '767142224e9315bb551f3f58c84569a7') in 0.002660083 seconds
Number of updated asset objects reloaded before import = 0Number of asset objects unloaded after import = 2

========================================================================
Received Import Request.
  Time since last request: 0.000033 seconds.
  path: Assets/Sprites/Village/Tileset/MainLevBuild_149.asset
  artifactKey: Guid(b3cc9e3a0d3074f2b9df0835ce62e896) Importer(2089858483,192608db42251d675da83286b1cce702)
Start importing Assets/Sprites/Village/Tileset/MainLevBuild_149.asset using Guid(b3cc9e3a0d3074f2b9df0835ce62e896) Importer(2089858483,192608db42251d675da83286b1cce702) (ScriptedImporter) -> (artifact id: '33e384d43e27fc79635313e62cbec127') in 0.002635375 seconds
Number of updated asset objects reloaded before import = 0Number of asset objects unloaded after import = 2

========================================================================
Received Import Request.
  Time since last request: 0.000037 seconds.
  path: Assets/Sprites/Village/Tileset/MainLevBuild_1045.asset
  artifactKey: Guid(176f1e1e4f1674931a3fc62e032a7942) Importer(2089858483,192608db42251d675da83286b1cce702)
Start importing Assets/Sprites/Village/Tileset/MainLevBuild_1045.asset using Guid(176f1e1e4f1674931a3fc62e032a7942) Importer(2089858483,192608db42251d675da83286b1cce702) (ScriptedImporter) -> (artifact id: 'f5b61b663a9dc914ae2afa7f32636cd8') in 0.004699917 seconds
Number of updated asset objects reloaded before import = 0Number of asset objects unloaded after import = 2

========================================================================
Received Import Request.
  Time since last request: 0.000039 seconds.
  path: Assets/Sprites/Village/Tileset/MainLevBuild_330.asset
  artifactKey: Guid(04464549a41d04fde9dffd78b408a598) Importer(2089858483,192608db42251d675da83286b1cce702)
Start importing Assets/Sprites/Village/Tileset/MainLevBuild_330.asset using Guid(04464549a41d04fde9dffd78b408a598) Importer(2089858483,192608db42251d675da83286b1cce702) (ScriptedImporter) -> (artifact id: '6efee79ab63b15f341d2f28562279ca5') in 0.002329541 seconds
Number of updated asset objects reloaded before import = 0Number of asset objects unloaded after import = 2

========================================================================
Received Import Request.
  Time since last request: 0.000031 seconds.
  path: Assets/Sprites/Village/Tileset/MainLevBuild_419.asset
  artifactKey: Guid(c28f3b7bbca7c4b6dbe8c53f3f86cbf4) Importer(2089858483,192608db42251d675da83286b1cce702)
Start importing Assets/Sprites/Village/Tileset/MainLevBuild_419.asset using Guid(c28f3b7bbca7c4b6dbe8c53f3f86cbf4) Importer(2089858483,192608db42251d675da83286b1cce702) (ScriptedImporter) -> (artifact id: 'be9e496dfe1330635fd82ecc197589aa') in 0.003767083 seconds
Number of updated asset objects reloaded before import = 0Number of asset objects unloaded after import = 2

========================================================================
Received Import Request.
  Time since last request: 0.000045 seconds.
  path: Assets/Sprites/Village/Tileset/MainLevBuild_112.asset
  artifactKey: Guid(c9439a373b0f14c88b75532164e6fab2) Importer(2089858483,192608db42251d675da83286b1cce702)
Start importing Assets/Sprites/Village/Tileset/MainLevBuild_112.asset using Guid(c9439a373b0f14c88b75532164e6fab2) Importer(2089858483,192608db42251d675da83286b1cce702) (ScriptedImporter) -> (artifact id: 'e68340efad5e19ea84576ecb5306c724') in 0.01042575 seconds
Number of updated asset objects reloaded before import = 0Number of asset objects unloaded after import = 2

========================================================================
Received Import Request.
  Time since last request: 0.000030 seconds.
  path: Assets/Sprites/Village/Tileset/MainLevBuild_705.asset
  artifactKey: Guid(7ee79f80a3db0487bba3a5fb5aec5906) Importer(2089858483,192608db42251d675da83286b1cce702)
Start importing Assets/Sprites/Village/Tileset/MainLevBuild_705.asset using Guid(7ee79f80a3db0487bba3a5fb5aec5906) Importer(2089858483,192608db42251d675da83286b1cce702) (ScriptedImporter) -> (artifact id: '1b080175bb0120328e12d40eb0bd255d') in 0.002826792 seconds
Number of updated asset objects reloaded before import = 0Number of asset objects unloaded after import = 2

========================================================================
Received Import Request.
  Time since last request: 0.000037 seconds.
  path: Assets/Sprites/Village/Tileset/MainLevBuild_1017.asset
  artifactKey: Guid(401585e84d7304133bf4f1a23c1cad56) Importer(2089858483,192608db42251d675da83286b1cce702)
Start importing Assets/Sprites/Village/Tileset/MainLevBuild_1017.asset using Guid(401585e84d7304133bf4f1a23c1cad56) Importer(2089858483,192608db42251d675da83286b1cce702) (ScriptedImporter) -> (artifact id: '11a6247085adc5bb63131c0102330290') in 0.002962875 seconds
Number of updated asset objects reloaded before import = 0Number of asset objects unloaded after import = 2

========================================================================
Received Import Request.
  Time since last request: 0.000033 seconds.
  path: Assets/Sprites/Village/Tileset/MainLevBuild_234.asset
  artifactKey: Guid(e9a56613f18f0409ea852d73752f357d) Importer(2089858483,192608db42251d675da83286b1cce702)
Start importing Assets/Sprites/Village/Tileset/MainLevBuild_234.asset using Guid(e9a56613f18f0409ea852d73752f357d) Importer(2089858483,192608db42251d675da83286b1cce702) (ScriptedImporter) -> (artifact id: '059a57b45cdca2f01d52b40759e29180') in 0.00280425 seconds
Number of updated asset objects reloaded before import = 0Number of asset objects unloaded after import = 2

========================================================================
Received Import Request.
  Time since last request: 0.000046 seconds.
  path: Assets/Sprites/Village/Tileset/MainLevBuild_707.asset
  artifactKey: Guid(e3bc77338f21a413f941e95e487175e9) Importer(2089858483,192608db42251d675da83286b1cce702)
Start importing Assets/Sprites/Village/Tileset/MainLevBuild_707.asset using Guid(e3bc77338f21a413f941e95e487175e9) Importer(2089858483,192608db42251d675da83286b1cce702) (ScriptedImporter) -> (artifact id: '05424023d9b27f1d49012a899c51c37b') in 0.003024584 seconds
Number of updated asset objects reloaded before import = 0Number of asset objects unloaded after import = 2

========================================================================
Received Import Request.
  Time since last request: 0.000052 seconds.
  path: Assets/Sprites/Village/Tileset/MainLevBuild_664.asset
  artifactKey: Guid(125f79e78090f48ec890cd0d9e1a4abb) Importer(2089858483,192608db42251d675da83286b1cce702)
Start importing Assets/Sprites/Village/Tileset/MainLevBuild_664.asset using Guid(125f79e78090f48ec890cd0d9e1a4abb) Importer(2089858483,192608db42251d675da83286b1cce702) (ScriptedImporter) -> (artifact id: '153051e33dc2a57c6137ce338f3f7d52') in 0.002880916 seconds
Number of updated asset objects reloaded before import = 0Number of asset objects unloaded after import = 2

========================================================================
Received Import Request.
  Time since last request: 0.000037 seconds.
  path: Assets/Sprites/Village/Tileset/MainLevBuild_344.asset
  artifactKey: Guid(e3fd03c1e0b424cd2bc1830b3cdec9ac) Importer(2089858483,192608db42251d675da83286b1cce702)
Start importing Assets/Sprites/Village/Tileset/MainLevBuild_344.asset using Guid(e3fd03c1e0b424cd2bc1830b3cdec9ac) Importer(2089858483,192608db42251d675da83286b1cce702) (ScriptedImporter) -> (artifact id: 'fe72ac7a312baa7303836b047e44b1f4') in 0.002662833 seconds
Number of updated asset objects reloaded before import = 0Number of asset objects unloaded after import = 2

========================================================================
Received Import Request.
  Time since last request: 0.000033 seconds.
  path: Assets/Sprites/Village/Tileset/MainLevBuild_903.asset
  artifactKey: Guid(736d963629b9b47f480177c1e73488e7) Importer(2089858483,192608db42251d675da83286b1cce702)
Start importing Assets/Sprites/Village/Tileset/MainLevBuild_903.asset using Guid(736d963629b9b47f480177c1e73488e7) Importer(2089858483,192608db42251d675da83286b1cce702) (ScriptedImporter) -> (artifact id: '80eec45f9f0e0e43cd3f7bb7ec605446') in 0.002610708 seconds
Number of updated asset objects reloaded before import = 0Number of asset objects unloaded after import = 2

========================================================================
Received Import Request.
  Time since last request: 0.000037 seconds.
  path: Assets/Sprites/Village/Tileset/MainLevBuild_932.asset
  artifactKey: Guid(85178892ad01140a9ba5050f9e9ef738) Importer(2089858483,192608db42251d675da83286b1cce702)
Start importing Assets/Sprites/Village/Tileset/MainLevBuild_932.asset using Guid(85178892ad01140a9ba5050f9e9ef738) Importer(2089858483,192608db42251d675da83286b1cce702) (ScriptedImporter) -> (artifact id: 'd284ecd241d67f9f1098958ef340ee21') in 0.002700875 seconds
Number of updated asset objects reloaded before import = 0Number of asset objects unloaded after import = 2

========================================================================
Received Import Request.
  Time since last request: 0.000037 seconds.
  path: Assets/Sprites/Village/Tileset/MainLevBuild_356.asset
  artifactKey: Guid(77182449562c840f290fc1bd80f0b7d6) Importer(2089858483,192608db42251d675da83286b1cce702)
Start importing Assets/Sprites/Village/Tileset/MainLevBuild_356.asset using Guid(77182449562c840f290fc1bd80f0b7d6) Importer(2089858483,192608db42251d675da83286b1cce702) (ScriptedImporter) -> (artifact id: '7d047420e7857bf923a9b4ef062a635e') in 0.004590625 seconds
Number of updated asset objects reloaded before import = 0Number of asset objects unloaded after import = 2

========================================================================
Received Import Request.
  Time since last request: 0.000032 seconds.
  path: Assets/Sprites/Village/Tileset/MainLevBuild_917.asset
  artifactKey: Guid(cb4412783cb73401f81f87f516bb19a2) Importer(2089858483,192608db42251d675da83286b1cce702)
Start importing Assets/Sprites/Village/Tileset/MainLevBuild_917.asset using Guid(cb4412783cb73401f81f87f516bb19a2) Importer(2089858483,192608db42251d675da83286b1cce702) (ScriptedImporter) -> (artifact id: '537d6c51cce66063bf34b83dddaafa97') in 0.004520042 seconds
Number of updated asset objects reloaded before import = 0Number of asset objects unloaded after import = 2

========================================================================
Received Import Request.
  Time since last request: 0.000029 seconds.
  path: Assets/Sprites/Village/Tileset/MainLevBuild_512.asset
  artifactKey: Guid(2c9bbc1b8244e4b9988530e8f123685d) Importer(2089858483,192608db42251d675da83286b1cce702)
Start importing Assets/Sprites/Village/Tileset/MainLevBuild_512.asset using Guid(2c9bbc1b8244e4b9988530e8f123685d) Importer(2089858483,192608db42251d675da83286b1cce702) (ScriptedImporter) -> (artifact id: 'f73917d8ed13e5bc22de586dd037af8b') in 0.002733542 seconds
Number of updated asset objects reloaded before import = 0Number of asset objects unloaded after import = 2

========================================================================
Received Import Request.
  Time since last request: 0.000032 seconds.
  path: Assets/Sprites/Village/Tileset/MainLevBuild_939.asset
  artifactKey: Guid(1069f9727ab164eb79c0dbb250617e14) Importer(2089858483,192608db42251d675da83286b1cce702)
Start importing Assets/Sprites/Village/Tileset/MainLevBuild_939.asset using Guid(1069f9727ab164eb79c0dbb250617e14) Importer(2089858483,192608db42251d675da83286b1cce702) (ScriptedImporter) -> (artifact id: '93eca57736d3f2a793a2a3ff04eb89ad') in 0.002628625 seconds
Number of updated asset objects reloaded before import = 0Number of asset objects unloaded after import = 2

========================================================================
Received Import Request.
  Time since last request: 0.000044 seconds.
  path: Assets/Sprites/Village/Tileset/MainLevBuild_850.asset
  artifactKey: Guid(b2418fd5ea6aa4860b9139fe9f780d49) Importer(2089858483,192608db42251d675da83286b1cce702)
Start importing Assets/Sprites/Village/Tileset/MainLevBuild_850.asset using Guid(b2418fd5ea6aa4860b9139fe9f780d49) Importer(2089858483,192608db42251d675da83286b1cce702) (ScriptedImporter) -> (artifact id: 'b446daec3cd34fb5a2cb814ee1bb77b0') in 0.00272725 seconds
Number of updated asset objects reloaded before import = 0Number of asset objects unloaded after import = 2

========================================================================
Received Import Request.
  Time since last request: 0.000031 seconds.
  path: Assets/Sprites/Village/Tileset/MainLevBuild_854.asset
  artifactKey: Guid(b5a4ce94dd1b64cf18af61856bcbbade) Importer(2089858483,192608db42251d675da83286b1cce702)
Start importing Assets/Sprites/Village/Tileset/MainLevBuild_854.asset using Guid(b5a4ce94dd1b64cf18af61856bcbbade) Importer(2089858483,192608db42251d675da83286b1cce702) (ScriptedImporter) -> (artifact id: '0e27860685e4f057c66a41dd5e65f604') in 0.002720417 seconds
Number of updated asset objects reloaded before import = 0Number of asset objects unloaded after import = 2

========================================================================
Received Import Request.
  Time since last request: 0.000030 seconds.
  path: Assets/Sprites/Village/Tileset/MainLevBuild_203.asset
  artifactKey: Guid(e1c2ccd654470419ea11efcfcc36b3e3) Importer(2089858483,192608db42251d675da83286b1cce702)
Start importing Assets/Sprites/Village/Tileset/MainLevBuild_203.asset using Guid(e1c2ccd654470419ea11efcfcc36b3e3) Importer(2089858483,192608db42251d675da83286b1cce702) (ScriptedImporter) -> (artifact id: '3b113c0358eaec1c6a7c996fba8ead13') in 0.00266625 seconds
Number of updated asset objects reloaded before import = 0Number of asset objects unloaded after import = 2

========================================================================
Received Import Request.
  Time since last request: 0.000033 seconds.
  path: Assets/Sprites/Village/Tileset/MainLevBuild_962.asset
  artifactKey: Guid(d280436b5490040d6a3cfbb20c84d809) Importer(2089858483,192608db42251d675da83286b1cce702)
Start importing Assets/Sprites/Village/Tileset/MainLevBuild_962.asset using Guid(d280436b5490040d6a3cfbb20c84d809) Importer(2089858483,192608db42251d675da83286b1cce702) (ScriptedImporter) -> (artifact id: '7f16badc5e05f12443d7ea8a27f905a9') in 0.002627792 seconds
Number of updated asset objects reloaded before import = 0Number of asset objects unloaded after import = 2

========================================================================
Received Import Request.
  Time since last request: 0.000034 seconds.
  path: Assets/Sprites/Village/Tileset/MainLevBuild_1005.asset
  artifactKey: Guid(3d56d109012c14575b84ca5b9b4a96ec) Importer(2089858483,192608db42251d675da83286b1cce702)
Start importing Assets/Sprites/Village/Tileset/MainLevBuild_1005.asset using Guid(3d56d109012c14575b84ca5b9b4a96ec) Importer(2089858483,192608db42251d675da83286b1cce702) (ScriptedImporter) -> (artifact id: '2218e96e2c86d949f555d37384588207') in 0.00317525 seconds
Number of updated asset objects reloaded before import = 0Number of asset objects unloaded after import = 2

========================================================================
Received Import Request.
  Time since last request: 0.000040 seconds.
  path: Assets/Sprites/Village/Tileset/MainLevBuild_361.asset
  artifactKey: Guid(54993dc36dac94aeabb8c5ddcb5a0099) Importer(2089858483,192608db42251d675da83286b1cce702)
Start importing Assets/Sprites/Village/Tileset/MainLevBuild_361.asset using Guid(54993dc36dac94aeabb8c5ddcb5a0099) Importer(2089858483,192608db42251d675da83286b1cce702) (ScriptedImporter) -> (artifact id: '05495506c7a60c9786fe5160d2888c5d') in 0.003127834 seconds
Number of updated asset objects reloaded before import = 0Number of asset objects unloaded after import = 2

========================================================================
Received Import Request.
  Time since last request: 0.000033 seconds.
  path: Assets/Sprites/Village/Tileset/MainLevBuild_674.asset
  artifactKey: Guid(8e279a3c4af06454498fae521a55e5ce) Importer(2089858483,192608db42251d675da83286b1cce702)
Start importing Assets/Sprites/Village/Tileset/MainLevBuild_674.asset using Guid(8e279a3c4af06454498fae521a55e5ce) Importer(2089858483,192608db42251d675da83286b1cce702) (ScriptedImporter) -> (artifact id: 'a75e1531f11c92f0d547901b7b874d3d') in 0.002789709 seconds
Number of updated asset objects reloaded before import = 0Number of asset objects unloaded after import = 2

========================================================================
Received Import Request.
  Time since last request: 0.000036 seconds.
  path: Assets/Sprites/Village/Tileset/MainLevBuild_753.asset
  artifactKey: Guid(ba5950f4a0b4c49388627d98e3eb7040) Importer(2089858483,192608db42251d675da83286b1cce702)
Start importing Assets/Sprites/Village/Tileset/MainLevBuild_753.asset using Guid(ba5950f4a0b4c49388627d98e3eb7040) Importer(2089858483,192608db42251d675da83286b1cce702) (ScriptedImporter) -> (artifact id: '7b68eded0215c5ea398f4b836238b27a') in 0.002986833 seconds
Number of updated asset objects reloaded before import = 0Number of asset objects unloaded after import = 2

========================================================================
Received Import Request.
  Time since last request: 0.000033 seconds.
  path: Assets/Sprites/Village/Tileset/MainLevBuild_475.asset
  artifactKey: Guid(007306ee2f98e45eeb7c7bb5ba8cbaef) Importer(2089858483,192608db42251d675da83286b1cce702)
Start importing Assets/Sprites/Village/Tileset/MainLevBuild_475.asset using Guid(007306ee2f98e45eeb7c7bb5ba8cbaef) Importer(2089858483,192608db42251d675da83286b1cce702) (ScriptedImporter) -> (artifact id: 'afb412a2e434f13fa0ab46689884399d') in 0.003122542 seconds
Number of updated asset objects reloaded before import = 0Number of asset objects unloaded after import = 2

========================================================================
Received Import Request.
  Time since last request: 0.000041 seconds.
  path: Assets/Sprites/Village/Tileset/MainLevBuild_170.asset
  artifactKey: Guid(5e589559202d142a9978bee072573c9f) Importer(2089858483,192608db42251d675da83286b1cce702)
Start importing Assets/Sprites/Village/Tileset/MainLevBuild_170.asset using Guid(5e589559202d142a9978bee072573c9f) Importer(2089858483,192608db42251d675da83286b1cce702) (ScriptedImporter) -> (artifact id: '6b99c5a0d903ce78f64faf9ba62bbcb5') in 0.002839792 seconds
Number of updated asset objects reloaded before import = 0Number of asset objects unloaded after import = 2

========================================================================
Received Import Request.
  Time since last request: 0.000031 seconds.
  path: Assets/Sprites/Village/Tileset/MainLevBuild_215.asset
  artifactKey: Guid(fc470ca971d2a48bca90689818b08d13) Importer(2089858483,192608db42251d675da83286b1cce702)
Start importing Assets/Sprites/Village/Tileset/MainLevBuild_215.asset using Guid(fc470ca971d2a48bca90689818b08d13) Importer(2089858483,192608db42251d675da83286b1cce702) (ScriptedImporter) -> (artifact id: '63559ebf951a45b228c514514b706fa2') in 0.004607125 seconds
Number of updated asset objects reloaded before import = 0Number of asset objects unloaded after import = 2

========================================================================
Received Import Request.
  Time since last request: 0.000032 seconds.
  path: Assets/Sprites/Village/Tileset/MainLevBuild_496.asset
  artifactKey: Guid(c7db58557eb1f4ceb85e74ab12095e5e) Importer(2089858483,192608db42251d675da83286b1cce702)
Start importing Assets/Sprites/Village/Tileset/MainLevBuild_496.asset using Guid(c7db58557eb1f4ceb85e74ab12095e5e) Importer(2089858483,192608db42251d675da83286b1cce702) (ScriptedImporter) -> (artifact id: '746cf283de8843e3198a096abd55647d') in 0.002606792 seconds
Number of updated asset objects reloaded before import = 0Number of asset objects unloaded after import = 2

========================================================================
Received Import Request.
  Time since last request: 0.000072 seconds.
  path: Assets/Sprites/Village/Tileset/MainLevBuild_210.asset
  artifactKey: Guid(c1da7cb40064a40109437461a83a1db9) Importer(2089858483,192608db42251d675da83286b1cce702)
Start importing Assets/Sprites/Village/Tileset/MainLevBuild_210.asset using Guid(c1da7cb40064a40109437461a83a1db9) Importer(2089858483,192608db42251d675da83286b1cce702) (ScriptedImporter) -> (artifact id: 'be12f8f0e2caeb71f9dcc9fdf993f848') in 0.00315775 seconds
Number of updated asset objects reloaded before import = 0Number of asset objects unloaded after import = 2

========================================================================
Received Import Request.
  Time since last request: 0.000034 seconds.
  path: Assets/Sprites/Village/Tileset/MainLevBuild_758.asset
  artifactKey: Guid(ce9669e865cda4782848c9cafe1173d7) Importer(2089858483,192608db42251d675da83286b1cce702)
Start importing Assets/Sprites/Village/Tileset/MainLevBuild_758.asset using Guid(ce9669e865cda4782848c9cafe1173d7) Importer(2089858483,192608db42251d675da83286b1cce702) (ScriptedImporter) -> (artifact id: '3878c67ec41428abe5264f6dd8aa93e1') in 0.0028215 seconds
Number of updated asset objects reloaded before import = 0Number of asset objects unloaded after import = 2

========================================================================
Received Import Request.
  Time since last request: 0.000053 seconds.
  path: Assets/Sprites/Village/Tileset/MainLevBuild_108.asset
  artifactKey: Guid(825abdbdb724b41669888e0cbfcd0375) Importer(2089858483,192608db42251d675da83286b1cce702)
Start importing Assets/Sprites/Village/Tileset/MainLevBuild_108.asset using Guid(825abdbdb724b41669888e0cbfcd0375) Importer(2089858483,192608db42251d675da83286b1cce702) (ScriptedImporter) -> (artifact id: '6922533d90f04b341188dcf7f3a71b44') in 0.002859125 seconds
Number of updated asset objects reloaded before import = 0Number of asset objects unloaded after import = 2

========================================================================
Received Import Request.
  Time since last request: 0.000047 seconds.
  path: Assets/Sprites/Village/Tileset/MainLevBuild_593.asset
  artifactKey: Guid(08346ddc10408467caac0aef1df94242) Importer(2089858483,192608db42251d675da83286b1cce702)
Start importing Assets/Sprites/Village/Tileset/MainLevBuild_593.asset using Guid(08346ddc10408467caac0aef1df94242) Importer(2089858483,192608db42251d675da83286b1cce702) (ScriptedImporter) -> (artifact id: '3e6b3537f96595836d05641b26cd3b76') in 0.002795417 seconds
Number of updated asset objects reloaded before import = 0Number of asset objects unloaded after import = 2

========================================================================
Received Import Request.
  Time since last request: 0.000035 seconds.
  path: Assets/Sprites/Village/Tileset/MainLevBuild_492.asset
  artifactKey: Guid(1629c029583674342811705ec3cbc460) Importer(2089858483,192608db42251d675da83286b1cce702)
Start importing Assets/Sprites/Village/Tileset/MainLevBuild_492.asset using Guid(1629c029583674342811705ec3cbc460) Importer(2089858483,192608db42251d675da83286b1cce702) (ScriptedImporter) -> (artifact id: 'd667cbc299c258ffdd957ae01a0e07a9') in 0.002737583 seconds
Number of updated asset objects reloaded before import = 0Number of asset objects unloaded after import = 2

========================================================================
Received Import Request.
  Time since last request: 0.000036 seconds.
  path: Assets/Sprites/Village/Tileset/MainLevBuild_998.asset
  artifactKey: Guid(fcae6ae9e6ab54baea89c9577575077b) Importer(2089858483,192608db42251d675da83286b1cce702)
Start importing Assets/Sprites/Village/Tileset/MainLevBuild_998.asset using Guid(fcae6ae9e6ab54baea89c9577575077b) Importer(2089858483,192608db42251d675da83286b1cce702) (ScriptedImporter) -> (artifact id: 'a930aeda7dbcb6971a0116eca20276e2') in 0.002837625 seconds
Number of updated asset objects reloaded before import = 0Number of asset objects unloaded after import = 2

========================================================================
Received Import Request.
  Time since last request: 0.000028 seconds.
  path: Assets/Sprites/Village/Tileset/MainLevBuild_314.asset
  artifactKey: Guid(93235d04110e04ef5914e12eb7d9a2d2) Importer(2089858483,192608db42251d675da83286b1cce702)
Start importing Assets/Sprites/Village/Tileset/MainLevBuild_314.asset using Guid(93235d04110e04ef5914e12eb7d9a2d2) Importer(2089858483,192608db42251d675da83286b1cce702) (ScriptedImporter) -> (artifact id: '37c3f6b0862956c30dcc50c25684bd37') in 0.002993 seconds
Number of updated asset objects reloaded before import = 0Number of asset objects unloaded after import = 2

========================================================================
Received Import Request.
  Time since last request: 0.000030 seconds.
  path: Assets/Sprites/Village/Tileset/MainLevBuild_283.asset
  artifactKey: Guid(6228896f8be1b4e43ad1bc9a469cb941) Importer(2089858483,192608db42251d675da83286b1cce702)
Start importing Assets/Sprites/Village/Tileset/MainLevBuild_283.asset using Guid(6228896f8be1b4e43ad1bc9a469cb941) Importer(2089858483,192608db42251d675da83286b1cce702) (ScriptedImporter) -> (artifact id: 'f0ee0d0deaa1e0bd6a50e699d7395ce3') in 0.002672167 seconds
Number of updated asset objects reloaded before import = 0Number of asset objects unloaded after import = 2

========================================================================
Received Import Request.
  Time since last request: 0.000035 seconds.
  path: Assets/Sprites/Village/Tileset/MainLevBuild_200.asset
  artifactKey: Guid(b6505e8ad68dd4c6c879eace012ea90d) Importer(2089858483,192608db42251d675da83286b1cce702)
Start importing Assets/Sprites/Village/Tileset/MainLevBuild_200.asset using Guid(b6505e8ad68dd4c6c879eace012ea90d) Importer(2089858483,192608db42251d675da83286b1cce702) (ScriptedImporter) -> (artifact id: 'c3f580e24faf43fbe17cb8920177083b') in 0.0027265 seconds
Number of updated asset objects reloaded before import = 0Number of asset objects unloaded after import = 2

========================================================================
Received Import Request.
  Time since last request: 0.000030 seconds.
  path: Assets/Sprites/Village/Tileset/MainLevBuild_988.asset
  artifactKey: Guid(c30b6030f43d2415daef500d0035f668) Importer(2089858483,192608db42251d675da83286b1cce702)
Start importing Assets/Sprites/Village/Tileset/MainLevBuild_988.asset using Guid(c30b6030f43d2415daef500d0035f668) Importer(2089858483,192608db42251d675da83286b1cce702) (ScriptedImporter) -> (artifact id: 'a664653c1da7a8018196d9a29e0ef4a8') in 0.002812958 seconds
Number of updated asset objects reloaded before import = 0Number of asset objects unloaded after import = 2

========================================================================
Received Import Request.
  Time since last request: 0.000027 seconds.
  path: Assets/Sprites/Village/Tileset/MainLevBuild_693.asset
  artifactKey: Guid(084f8920e833d4a50b56ac5987ef59cb) Importer(2089858483,192608db42251d675da83286b1cce702)
Start importing Assets/Sprites/Village/Tileset/MainLevBuild_693.asset using Guid(084f8920e833d4a50b56ac5987ef59cb) Importer(2089858483,192608db42251d675da83286b1cce702) (ScriptedImporter) -> (artifact id: '2ffc6b9f4919b5a0af8b7f0ed4380249') in 0.002837833 seconds
Number of updated asset objects reloaded before import = 0Number of asset objects unloaded after import = 2

========================================================================
Received Import Request.
  Time since last request: 0.000031 seconds.
  path: Assets/Sprites/Village/Tileset/MainLevBuild_941.asset
  artifactKey: Guid(82364d0b3a6ee4ff6bf83b003021ac1e) Importer(2089858483,192608db42251d675da83286b1cce702)
Start importing Assets/Sprites/Village/Tileset/MainLevBuild_941.asset using Guid(82364d0b3a6ee4ff6bf83b003021ac1e) Importer(2089858483,192608db42251d675da83286b1cce702) (ScriptedImporter) -> (artifact id: '899468892728749a8f708bd1c7447500') in 0.004700125 seconds
Number of updated asset objects reloaded before import = 0Number of asset objects unloaded after import = 2

========================================================================
Received Import Request.
  Time since last request: 0.000054 seconds.
  path: Assets/Sprites/Village/Tileset/MainLevBuild_450.asset
  artifactKey: Guid(533bcf21451f4460e8bb117aa6fff14b) Importer(2089858483,192608db42251d675da83286b1cce702)
Start importing Assets/Sprites/Village/Tileset/MainLevBuild_450.asset using Guid(533bcf21451f4460e8bb117aa6fff14b) Importer(2089858483,192608db42251d675da83286b1cce702) (ScriptedImporter) -> (artifact id: '91756778b75acb12a711443bf5b99674') in 0.002660167 seconds
Number of updated asset objects reloaded before import = 0Number of asset objects unloaded after import = 2

========================================================================
Received Import Request.
  Time since last request: 0.000034 seconds.
  path: Assets/Sprites/Village/Tileset/MainLevBuild_95.asset
  artifactKey: Guid(4505c726692184aefa67c187773215a9) Importer(2089858483,192608db42251d675da83286b1cce702)
Start importing Assets/Sprites/Village/Tileset/MainLevBuild_95.asset using Guid(4505c726692184aefa67c187773215a9) Importer(2089858483,192608db42251d675da83286b1cce702) (ScriptedImporter) -> (artifact id: 'c615341d55d379cecc94780304682002') in 0.002939958 seconds
Number of updated asset objects reloaded before import = 0Number of asset objects unloaded after import = 2

========================================================================
Received Import Request.
  Time since last request: 0.000049 seconds.
  path: Assets/Sprites/Village/Tileset/MainLevBuild_325.asset
  artifactKey: Guid(f07ecaf291de64b19b33116f956415ff) Importer(2089858483,192608db42251d675da83286b1cce702)
Start importing Assets/Sprites/Village/Tileset/MainLevBuild_325.asset using Guid(f07ecaf291de64b19b33116f956415ff) Importer(2089858483,192608db42251d675da83286b1cce702) (ScriptedImporter) -> (artifact id: '5cded09b4e2636c6d918b491fdc2933e') in 0.002710875 seconds
Number of updated asset objects reloaded before import = 0Number of asset objects unloaded after import = 2

========================================================================
Received Import Request.
  Time since last request: 0.000031 seconds.
  path: Assets/Sprites/Village/Tileset/MainLevBuild_856.asset
  artifactKey: Guid(60cf6488dff2441fd912601d70751476) Importer(2089858483,192608db42251d675da83286b1cce702)
Start importing Assets/Sprites/Village/Tileset/MainLevBuild_856.asset using Guid(60cf6488dff2441fd912601d70751476) Importer(2089858483,192608db42251d675da83286b1cce702) (ScriptedImporter) -> (artifact id: '53458c96fbe289e2d7ab3ebb904e6ac2') in 0.002657959 seconds
Number of updated asset objects reloaded before import = 0Number of asset objects unloaded after import = 2

========================================================================
Received Import Request.
  Time since last request: 0.000030 seconds.
  path: Assets/Sprites/Village/Tileset/MainLevBuild_545.asset
  artifactKey: Guid(2f2b8b598a4004d5881854444cd56bfa) Importer(2089858483,192608db42251d675da83286b1cce702)
Start importing Assets/Sprites/Village/Tileset/MainLevBuild_545.asset using Guid(2f2b8b598a4004d5881854444cd56bfa) Importer(2089858483,192608db42251d675da83286b1cce702) (ScriptedImporter) -> (artifact id: 'ccb10287d8ffaa23cb3c6512c6e062b6') in 0.002706917 seconds
Number of updated asset objects reloaded before import = 0Number of asset objects unloaded after import = 2

========================================================================
Received Import Request.
  Time since last request: 0.000032 seconds.
  path: Assets/Sprites/Village/Tileset/MainLevBuild_581.asset
  artifactKey: Guid(8586f6abed2dc490a85e9c33cdac6745) Importer(2089858483,192608db42251d675da83286b1cce702)
Start importing Assets/Sprites/Village/Tileset/MainLevBuild_581.asset using Guid(8586f6abed2dc490a85e9c33cdac6745) Importer(2089858483,192608db42251d675da83286b1cce702) (ScriptedImporter) -> (artifact id: '54d787926e0cd27addff62b5861705cf') in 0.002787709 seconds
Number of updated asset objects reloaded before import = 0Number of asset objects unloaded after import = 2

========================================================================
Received Import Request.
  Time since last request: 0.000035 seconds.
  path: Assets/Sprites/Village/Tileset/MainLevBuild_79.asset
  artifactKey: Guid(7b8b469be0c8d448e8f49134ede04c4d) Importer(2089858483,192608db42251d675da83286b1cce702)
Start importing Assets/Sprites/Village/Tileset/MainLevBuild_79.asset using Guid(7b8b469be0c8d448e8f49134ede04c4d) Importer(2089858483,192608db42251d675da83286b1cce702) (ScriptedImporter) -> (artifact id: 'fb77c2f9d569d533345905c127ceec2c') in 0.00267525 seconds
Number of updated asset objects reloaded before import = 0Number of asset objects unloaded after import = 2

========================================================================
Received Import Request.
  Time since last request: 0.000032 seconds.
  path: Assets/Sprites/Village/Tileset/MainLevBuild_269.asset
  artifactKey: Guid(22a5fbe7975e6466fabdf72e1f3ff7ea) Importer(2089858483,192608db42251d675da83286b1cce702)
Start importing Assets/Sprites/Village/Tileset/MainLevBuild_269.asset using Guid(22a5fbe7975e6466fabdf72e1f3ff7ea) Importer(2089858483,192608db42251d675da83286b1cce702) (ScriptedImporter) -> (artifact id: '47cd265572e4d07779ec7441af728ceb') in 0.002786459 seconds
Number of updated asset objects reloaded before import = 0Number of asset objects unloaded after import = 2

========================================================================
Received Import Request.
  Time since last request: 0.000033 seconds.
  path: Assets/Sprites/Village/Tileset/MainLevBuild_441.asset
  artifactKey: Guid(ea38f7eda5b124a4da65c2ce746d41af) Importer(2089858483,192608db42251d675da83286b1cce702)
Start importing Assets/Sprites/Village/Tileset/MainLevBuild_441.asset using Guid(ea38f7eda5b124a4da65c2ce746d41af) Importer(2089858483,192608db42251d675da83286b1cce702) (ScriptedImporter) -> (artifact id: 'ac2027b34639b175a5bb4bddd8e10ceb') in 0.002742292 seconds
Number of updated asset objects reloaded before import = 0Number of asset objects unloaded after import = 2

========================================================================
Received Import Request.
  Time since last request: 0.000045 seconds.
  path: Assets/Sprites/Village/Tileset/MainLevBuild_355.asset
  artifactKey: Guid(c9a46f88655b04ee9b2323f31802f5ec) Importer(2089858483,192608db42251d675da83286b1cce702)
Start importing Assets/Sprites/Village/Tileset/MainLevBuild_355.asset using Guid(c9a46f88655b04ee9b2323f31802f5ec) Importer(2089858483,192608db42251d675da83286b1cce702) (ScriptedImporter) -> (artifact id: '2a3aa3fa6e757b05a4e6d06e275298b8') in 0.002709791 seconds
Number of updated asset objects reloaded before import = 0Number of asset objects unloaded after import = 2

========================================================================
Received Import Request.
  Time since last request: 0.000030 seconds.
  path: Assets/Sprites/Village/Tileset/MainLevBuild_661.asset
  artifactKey: Guid(e4663a569550b49a88c155cf439033ab) Importer(2089858483,192608db42251d675da83286b1cce702)
Start importing Assets/Sprites/Village/Tileset/MainLevBuild_661.asset using Guid(e4663a569550b49a88c155cf439033ab) Importer(2089858483,192608db42251d675da83286b1cce702) (ScriptedImporter) -> (artifact id: '68f76f6129cec77d101f256e0bae7c0e') in 0.002818542 seconds
Number of updated asset objects reloaded before import = 0Number of asset objects unloaded after import = 2

========================================================================
Received Import Request.
  Time since last request: 0.000034 seconds.
  path: Assets/Sprites/Village/Tileset/MainLevBuild_67.asset
  artifactKey: Guid(d71ec6f071def4ce8af657c5875251db) Importer(2089858483,192608db42251d675da83286b1cce702)
Start importing Assets/Sprites/Village/Tileset/MainLevBuild_67.asset using Guid(d71ec6f071def4ce8af657c5875251db) Importer(2089858483,192608db42251d675da83286b1cce702) (ScriptedImporter) -> (artifact id: 'c7c9e3eee85fbefe1215419447c3c478') in 0.002948625 seconds
Number of updated asset objects reloaded before import = 0Number of asset objects unloaded after import = 2

========================================================================
Received Import Request.
  Time since last request: 0.000034 seconds.
  path: Assets/Sprites/Village/Tileset/MainLevBuild_80.asset
  artifactKey: Guid(88645176ccb794caa864dfbb8e47ab6e) Importer(2089858483,192608db42251d675da83286b1cce702)
Start importing Assets/Sprites/Village/Tileset/MainLevBuild_80.asset using Guid(88645176ccb794caa864dfbb8e47ab6e) Importer(2089858483,192608db42251d675da83286b1cce702) (ScriptedImporter) -> (artifact id: '2ff56f539fd92c5189c6e9c7bc3f5390') in 0.002964 seconds
Number of updated asset objects reloaded before import = 0Number of asset objects unloaded after import = 2

========================================================================
Received Import Request.
  Time since last request: 0.000033 seconds.
  path: Assets/Sprites/Village/Tileset/MainLevBuild_747.asset
  artifactKey: Guid(fa7e25715db374f4b9bccadd5f0a72e8) Importer(2089858483,192608db42251d675da83286b1cce702)
Start importing Assets/Sprites/Village/Tileset/MainLevBuild_747.asset using Guid(fa7e25715db374f4b9bccadd5f0a72e8) Importer(2089858483,192608db42251d675da83286b1cce702) (ScriptedImporter) -> (artifact id: '08e9acfe72f6c9ea377cc6713e6bff18') in 0.004327958 seconds
Number of updated asset objects reloaded before import = 0Number of asset objects unloaded after import = 2

========================================================================
Received Import Request.
  Time since last request: 0.000038 seconds.
  path: Assets/Sprites/Village/Tileset/MainLevBuild_285.asset
  artifactKey: Guid(f76190884c76d47f1ade79f9a1d8def5) Importer(2089858483,192608db42251d675da83286b1cce702)
Start importing Assets/Sprites/Village/Tileset/MainLevBuild_285.asset using Guid(f76190884c76d47f1ade79f9a1d8def5) Importer(2089858483,192608db42251d675da83286b1cce702) (ScriptedImporter) -> (artifact id: '6251d899a59425177b4e3c62d0c59cd9') in 0.00283075 seconds
Number of updated asset objects reloaded before import = 0Number of asset objects unloaded after import = 2

========================================================================
Received Import Request.
  Time since last request: 0.000028 seconds.
  path: Assets/Sprites/Village/Tileset/MainLevBuild_348.asset
  artifactKey: Guid(21df150989ace43c3b7ef0b6ed8793fb) Importer(2089858483,192608db42251d675da83286b1cce702)
Start importing Assets/Sprites/Village/Tileset/MainLevBuild_348.asset using Guid(21df150989ace43c3b7ef0b6ed8793fb) Importer(2089858483,192608db42251d675da83286b1cce702) (ScriptedImporter) -> (artifact id: '3846a4f4734901125c9d5db783e7f8aa') in 0.002991916 seconds
Number of updated asset objects reloaded before import = 0Number of asset objects unloaded after import = 2

========================================================================
Received Import Request.
  Time since last request: 0.000028 seconds.
  path: Assets/Sprites/Village/Tileset/MainLevBuild_901.asset
  artifactKey: Guid(fcbc504860fa64e078c072e2e4d39ad7) Importer(2089858483,192608db42251d675da83286b1cce702)
Start importing Assets/Sprites/Village/Tileset/MainLevBuild_901.asset using Guid(fcbc504860fa64e078c072e2e4d39ad7) Importer(2089858483,192608db42251d675da83286b1cce702) (ScriptedImporter) -> (artifact id: '3910ec05ce19fc98eb89da40a27c9836') in 0.002872292 seconds
Number of updated asset objects reloaded before import = 0Number of asset objects unloaded after import = 2

========================================================================
Received Import Request.
  Time since last request: 0.000034 seconds.
  path: Assets/Sprites/Village/Tileset/MainLevBuild_296.asset
  artifactKey: Guid(d0cbe35b405494cea9ad4b8d03e12a05) Importer(2089858483,192608db42251d675da83286b1cce702)
Start importing Assets/Sprites/Village/Tileset/MainLevBuild_296.asset using Guid(d0cbe35b405494cea9ad4b8d03e12a05) Importer(2089858483,192608db42251d675da83286b1cce702) (ScriptedImporter) -> (artifact id: 'ac91467c5869c9c89cdff595c0a41660') in 0.00258425 seconds
Number of updated asset objects reloaded before import = 0Number of asset objects unloaded after import = 2

========================================================================
Received Import Request.
  Time since last request: 0.000058 seconds.
  path: Assets/Sprites/Village/Tileset/MainLevBuild_522.asset
  artifactKey: Guid(39f5e4277b060458093377650bbf8c82) Importer(2089858483,192608db42251d675da83286b1cce702)
Start importing Assets/Sprites/Village/Tileset/MainLevBuild_522.asset using Guid(39f5e4277b060458093377650bbf8c82) Importer(2089858483,192608db42251d675da83286b1cce702) (ScriptedImporter) -> (artifact id: '32a2dbfd08d3c0eafcbd26377558dd9b') in 0.003052708 seconds
Number of updated asset objects reloaded before import = 0Number of asset objects unloaded after import = 2

========================================================================
Received Import Request.
  Time since last request: 0.000034 seconds.
  path: Assets/Sprites/Village/Tileset/MainLevBuild_233.asset
  artifactKey: Guid(d3e209cfdfc2649b1a23d32b1523deed) Importer(2089858483,192608db42251d675da83286b1cce702)
Start importing Assets/Sprites/Village/Tileset/MainLevBuild_233.asset using Guid(d3e209cfdfc2649b1a23d32b1523deed) Importer(2089858483,192608db42251d675da83286b1cce702) (ScriptedImporter) -> (artifact id: '22c8b624a95a6ad4edb9d045c4e32c18') in 0.002860042 seconds
Number of updated asset objects reloaded before import = 0Number of asset objects unloaded after import = 2

========================================================================
Received Import Request.
  Time since last request: 0.000039 seconds.
  path: Assets/Sprites/Village/Tileset/MainLevBuild_279.asset
  artifactKey: Guid(a1e181464356d480d89deb0a6c1a8cb4) Importer(2089858483,192608db42251d675da83286b1cce702)
Start importing Assets/Sprites/Village/Tileset/MainLevBuild_279.asset using Guid(a1e181464356d480d89deb0a6c1a8cb4) Importer(2089858483,192608db42251d675da83286b1cce702) (ScriptedImporter) -> (artifact id: 'f9df52c3109d38e967dc559f87a6e9f9') in 0.002808 seconds
Number of updated asset objects reloaded before import = 0Number of asset objects unloaded after import = 2

========================================================================
Received Import Request.
  Time since last request: 0.000030 seconds.
  path: Assets/Sprites/Village/Tileset/MainLevBuild_125.asset
  artifactKey: Guid(722659f3c98dd449089c28abca362530) Importer(2089858483,192608db42251d675da83286b1cce702)
Start importing Assets/Sprites/Village/Tileset/MainLevBuild_125.asset using Guid(722659f3c98dd449089c28abca362530) Importer(2089858483,192608db42251d675da83286b1cce702) (ScriptedImporter) -> (artifact id: 'd736b58348ee9e1663e347e617c197ff') in 0.003000709 seconds
Number of updated asset objects reloaded before import = 0Number of asset objects unloaded after import = 2

========================================================================
Received Import Request.
  Time since last request: 0.000053 seconds.
  path: Assets/Sprites/Village/Tileset/MainLevBuild_394.asset
  artifactKey: Guid(ee9e76272e5684959bbf377f9bc4b2d5) Importer(2089858483,192608db42251d675da83286b1cce702)
Start importing Assets/Sprites/Village/Tileset/MainLevBuild_394.asset using Guid(ee9e76272e5684959bbf377f9bc4b2d5) Importer(2089858483,192608db42251d675da83286b1cce702) (ScriptedImporter) -> (artifact id: '69f3287df8ea3cade15be149d56abe60') in 0.002885042 seconds
Number of updated asset objects reloaded before import = 0Number of asset objects unloaded after import = 2

========================================================================
Received Import Request.
  Time since last request: 0.000031 seconds.
  path: Assets/Sprites/Village/Tileset/MainLevBuild_840.asset
  artifactKey: Guid(3ee6ed5536f024a1bacca0b87f0b5cd9) Importer(2089858483,192608db42251d675da83286b1cce702)
Start importing Assets/Sprites/Village/Tileset/MainLevBuild_840.asset using Guid(3ee6ed5536f024a1bacca0b87f0b5cd9) Importer(2089858483,192608db42251d675da83286b1cce702) (ScriptedImporter) -> (artifact id: '1b421aa2ab39e23bf3eaa16fa3d9db2b') in 0.002795333 seconds
Number of updated asset objects reloaded before import = 0Number of asset objects unloaded after import = 2

========================================================================
Received Import Request.
  Time since last request: 0.000033 seconds.
  path: Assets/Sprites/Village/Tileset/MainLevBuild_699.asset
  artifactKey: Guid(bda3a38d22d3d4217bbcfb7ede17b8f7) Importer(2089858483,192608db42251d675da83286b1cce702)
Start importing Assets/Sprites/Village/Tileset/MainLevBuild_699.asset using Guid(bda3a38d22d3d4217bbcfb7ede17b8f7) Importer(2089858483,192608db42251d675da83286b1cce702) (ScriptedImporter) -> (artifact id: '303663360110600092bff528a9b0b1fd') in 0.002693416 seconds
Number of updated asset objects reloaded before import = 0Number of asset objects unloaded after import = 2

========================================================================
Received Import Request.
  Time since last request: 0.000030 seconds.
  path: Assets/Sprites/Village/Tileset/MainLevBuild_587.asset
  artifactKey: Guid(1dbcb1caa800840dea49f094fd86f534) Importer(2089858483,192608db42251d675da83286b1cce702)
Start importing Assets/Sprites/Village/Tileset/MainLevBuild_587.asset using Guid(1dbcb1caa800840dea49f094fd86f534) Importer(2089858483,192608db42251d675da83286b1cce702) (ScriptedImporter) -> (artifact id: '14df60d596541620b14b2357b834d713') in 0.00283425 seconds
Number of updated asset objects reloaded before import = 0Number of asset objects unloaded after import = 2

========================================================================
Received Import Request.
  Time since last request: 0.000033 seconds.
  path: Assets/Sprites/Village/Tileset/MainLevBuild_201.asset
  artifactKey: Guid(ef916a035d90a404982057be9457cbbb) Importer(2089858483,192608db42251d675da83286b1cce702)
Start importing Assets/Sprites/Village/Tileset/MainLevBuild_201.asset using Guid(ef916a035d90a404982057be9457cbbb) Importer(2089858483,192608db42251d675da83286b1cce702) (ScriptedImporter) -> (artifact id: '77f0b0c1f54897158127930e2e51a9a3') in 0.004979958 seconds
Number of updated asset objects reloaded before import = 0Number of asset objects unloaded after import = 2

========================================================================
Received Import Request.
  Time since last request: 0.000029 seconds.
  path: Assets/Sprites/Village/Tileset/MainLevBuild_213.asset
  artifactKey: Guid(15cd6400c988b435e8fa89bd657793cb) Importer(2089858483,192608db42251d675da83286b1cce702)
Start importing Assets/Sprites/Village/Tileset/MainLevBuild_213.asset using Guid(15cd6400c988b435e8fa89bd657793cb) Importer(2089858483,192608db42251d675da83286b1cce702) (ScriptedImporter) -> (artifact id: '1b9b26fae65c878369a19e53219c7c70') in 0.003000583 seconds
Number of updated asset objects reloaded before import = 0Number of asset objects unloaded after import = 2

========================================================================
Received Import Request.
  Time since last request: 0.000050 seconds.
  path: Assets/Sprites/Village/Tileset/MainLevBuild_1029.asset
  artifactKey: Guid(274887b0e1e7b4b05a9618087dd315e8) Importer(2089858483,192608db42251d675da83286b1cce702)
Start importing Assets/Sprites/Village/Tileset/MainLevBuild_1029.asset using Guid(274887b0e1e7b4b05a9618087dd315e8) Importer(2089858483,192608db42251d675da83286b1cce702) (ScriptedImporter) -> (artifact id: 'd02871f94cf6dfbb45bf1817fad980c9') in 0.002835625 seconds
Number of updated asset objects reloaded before import = 0Number of asset objects unloaded after import = 2

========================================================================
Received Import Request.
  Time since last request: 0.000047 seconds.
  path: Assets/Sprites/Village/Tileset/MainLevBuild_922.asset
  artifactKey: Guid(0bec3ee49d86244db97bdc7d21d369ce) Importer(2089858483,192608db42251d675da83286b1cce702)
Start importing Assets/Sprites/Village/Tileset/MainLevBuild_922.asset using Guid(0bec3ee49d86244db97bdc7d21d369ce) Importer(2089858483,192608db42251d675da83286b1cce702) (ScriptedImporter) -> (artifact id: '43e42fc79e02b22a70e3d103b77a9633') in 0.002946625 seconds
Number of updated asset objects reloaded before import = 0Number of asset objects unloaded after import = 2

========================================================================
Received Import Request.
  Time since last request: 0.000033 seconds.
  path: Assets/Sprites/Village/Tileset/MainLevBuild_219.asset
  artifactKey: Guid(43bb6f34e291240759aab9999c9b8244) Importer(2089858483,192608db42251d675da83286b1cce702)
Start importing Assets/Sprites/Village/Tileset/MainLevBuild_219.asset using Guid(43bb6f34e291240759aab9999c9b8244) Importer(2089858483,192608db42251d675da83286b1cce702) (ScriptedImporter) -> (artifact id: 'e0b230422b12f5caab1de1811628c0d7') in 0.002848875 seconds
Number of updated asset objects reloaded before import = 0Number of asset objects unloaded after import = 2

========================================================================
Received Import Request.
  Time since last request: 0.000031 seconds.
  path: Assets/Sprites/Village/Tileset/MainLevBuild_537.asset
  artifactKey: Guid(709d679b53caa4a78ab66efd045d041d) Importer(2089858483,192608db42251d675da83286b1cce702)
Start importing Assets/Sprites/Village/Tileset/MainLevBuild_537.asset using Guid(709d679b53caa4a78ab66efd045d041d) Importer(2089858483,192608db42251d675da83286b1cce702) (ScriptedImporter) -> (artifact id: '8262747d83dace207a83ab64894b333b') in 0.002827209 seconds
Number of updated asset objects reloaded before import = 0Number of asset objects unloaded after import = 2

========================================================================
Received Import Request.
  Time since last request: 0.000101 seconds.
  path: Assets/Sprites/Village/Tileset/MainLevBuild_999.asset
  artifactKey: Guid(dc68d0a50c5e445539cc305d0bd4f22d) Importer(2089858483,192608db42251d675da83286b1cce702)
Start importing Assets/Sprites/Village/Tileset/MainLevBuild_999.asset using Guid(dc68d0a50c5e445539cc305d0bd4f22d) Importer(2089858483,192608db42251d675da83286b1cce702) (ScriptedImporter) -> (artifact id: '278729ee675ee233e4236d596c938f91') in 0.002848958 seconds
Number of updated asset objects reloaded before import = 0Number of asset objects unloaded after import = 2

========================================================================
Received Import Request.
  Time since last request: 0.000031 seconds.
  path: Assets/Sprites/Village/Tileset/MainLevBuild_561.asset
  artifactKey: Guid(5e3b1b5d7db23434299adccf143bb618) Importer(2089858483,192608db42251d675da83286b1cce702)
Start importing Assets/Sprites/Village/Tileset/MainLevBuild_561.asset using Guid(5e3b1b5d7db23434299adccf143bb618) Importer(2089858483,192608db42251d675da83286b1cce702) (ScriptedImporter) -> (artifact id: '87084f0bcd33d82b9e32f528412d606b') in 0.002792208 seconds
Number of updated asset objects reloaded before import = 0Number of asset objects unloaded after import = 2

========================================================================
Received Import Request.
  Time since last request: 0.000027 seconds.
  path: Assets/Sprites/Village/Tileset/MainLevBuild_319.asset
  artifactKey: Guid(280b8d4c7357a40d8b7298a3d47311e1) Importer(2089858483,192608db42251d675da83286b1cce702)
Start importing Assets/Sprites/Village/Tileset/MainLevBuild_319.asset using Guid(280b8d4c7357a40d8b7298a3d47311e1) Importer(2089858483,192608db42251d675da83286b1cce702) (ScriptedImporter) -> (artifact id: '3aae07a67e0d8c82329fa36bcf5db93a') in 0.002689958 seconds
Number of updated asset objects reloaded before import = 0Number of asset objects unloaded after import = 2

========================================================================
Received Import Request.
  Time since last request: 0.000028 seconds.
  path: Assets/Sprites/Village/Tileset/MainLevBuild_793.asset
  artifactKey: Guid(bc9c265ace5924b5ba67f51d042456a1) Importer(2089858483,192608db42251d675da83286b1cce702)
Start importing Assets/Sprites/Village/Tileset/MainLevBuild_793.asset using Guid(bc9c265ace5924b5ba67f51d042456a1) Importer(2089858483,192608db42251d675da83286b1cce702) (ScriptedImporter) -> (artifact id: '8bb623523f5247751dabaceb04f20456') in 0.002723625 seconds
Number of updated asset objects reloaded before import = 0Number of asset objects unloaded after import = 2

========================================================================
Received Import Request.
  Time since last request: 0.000032 seconds.
  path: Assets/Sprites/Village/Tileset/MainLevBuild_886.asset
  artifactKey: Guid(98288dc5f8ea24444a03f585d967f314) Importer(2089858483,192608db42251d675da83286b1cce702)
Start importing Assets/Sprites/Village/Tileset/MainLevBuild_886.asset using Guid(98288dc5f8ea24444a03f585d967f314) Importer(2089858483,192608db42251d675da83286b1cce702) (ScriptedImporter) -> (artifact id: '92a2345404c18df3724f0853c9a0ef25') in 0.002885917 seconds
Number of updated asset objects reloaded before import = 0Number of asset objects unloaded after import = 2

========================================================================
Received Import Request.
  Time since last request: 0.000029 seconds.
  path: Assets/Sprites/Village/Tileset/MainLevBuild_264.asset
  artifactKey: Guid(aff41843c5eb24ba090bbc8fe081845a) Importer(2089858483,192608db42251d675da83286b1cce702)
Start importing Assets/Sprites/Village/Tileset/MainLevBuild_264.asset using Guid(aff41843c5eb24ba090bbc8fe081845a) Importer(2089858483,192608db42251d675da83286b1cce702) (ScriptedImporter) -> (artifact id: 'a0037f277d1d6be828261f5c81310c0d') in 0.002787 seconds
Number of updated asset objects reloaded before import = 0Number of asset objects unloaded after import = 2

========================================================================
Received Import Request.
  Time since last request: 0.000029 seconds.
  path: Assets/Sprites/Village/Tileset/MainLevBuild_1006.asset
  artifactKey: Guid(2cf938ff5931c41b091dcbae69a0c7d7) Importer(2089858483,192608db42251d675da83286b1cce702)
Start importing Assets/Sprites/Village/Tileset/MainLevBuild_1006.asset using Guid(2cf938ff5931c41b091dcbae69a0c7d7) Importer(2089858483,192608db42251d675da83286b1cce702) (ScriptedImporter) -> (artifact id: '1776710640e17b79bdfa5cf1561851b3') in 0.003179625 seconds
Number of updated asset objects reloaded before import = 0Number of asset objects unloaded after import = 2

========================================================================
Received Import Request.
  Time since last request: 0.000029 seconds.
  path: Assets/Sprites/Village/Tileset/MainLevBuild_481.asset
  artifactKey: Guid(3ab13e27d6501441baf910ddcd4264d4) Importer(2089858483,192608db42251d675da83286b1cce702)
Start importing Assets/Sprites/Village/Tileset/MainLevBuild_481.asset using Guid(3ab13e27d6501441baf910ddcd4264d4) Importer(2089858483,192608db42251d675da83286b1cce702) (ScriptedImporter) -> (artifact id: '5c32d8a150d709066c9abc8dcbf5c6f3') in 0.00441225 seconds
Number of updated asset objects reloaded before import = 0Number of asset objects unloaded after import = 2

========================================================================
Received Import Request.
  Time since last request: 0.000029 seconds.
  path: Assets/Sprites/Village/Tileset/MainLevBuild_265.asset
  artifactKey: Guid(f2f1d843ba06e4b8caaeee78f6f994c2) Importer(2089858483,192608db42251d675da83286b1cce702)
Start importing Assets/Sprites/Village/Tileset/MainLevBuild_265.asset using Guid(f2f1d843ba06e4b8caaeee78f6f994c2) Importer(2089858483,192608db42251d675da83286b1cce702) (ScriptedImporter) -> (artifact id: '0f7107a63074fb0dd7763ac0fcac2d28') in 0.002672458 seconds
Number of updated asset objects reloaded before import = 0Number of asset objects unloaded after import = 2

========================================================================
Received Import Request.
  Time since last request: 0.000035 seconds.
  path: Assets/Sprites/Village/Tileset/MainLevBuild_455.asset
  artifactKey: Guid(a4a8d71862e9c45f09c1a1ae21baefe5) Importer(2089858483,192608db42251d675da83286b1cce702)
Start importing Assets/Sprites/Village/Tileset/MainLevBuild_455.asset using Guid(a4a8d71862e9c45f09c1a1ae21baefe5) Importer(2089858483,192608db42251d675da83286b1cce702) (ScriptedImporter) -> (artifact id: 'b78b47b0d1396e4b0e2ae03c59b74333') in 0.00257925 seconds
Number of updated asset objects reloaded before import = 0Number of asset objects unloaded after import = 2

========================================================================
Received Import Request.
  Time since last request: 0.000036 seconds.
  path: Assets/Sprites/Village/Tileset/MainLevBuild_187.asset
  artifactKey: Guid(fb6d0087d4fbc40bc878cdbca785b109) Importer(2089858483,192608db42251d675da83286b1cce702)
Start importing Assets/Sprites/Village/Tileset/MainLevBuild_187.asset using Guid(fb6d0087d4fbc40bc878cdbca785b109) Importer(2089858483,192608db42251d675da83286b1cce702) (ScriptedImporter) -> (artifact id: '451bb8a4061876bd52e23a419a75be66') in 0.00269525 seconds
Number of updated asset objects reloaded before import = 0Number of asset objects unloaded after import = 2

========================================================================
Received Import Request.
  Time since last request: 0.000034 seconds.
  path: Assets/Sprites/Village/Tileset/MainLevBuild_987.asset
  artifactKey: Guid(150804c3fefbf4ad3abf5c7b3200c868) Importer(2089858483,192608db42251d675da83286b1cce702)
Start importing Assets/Sprites/Village/Tileset/MainLevBuild_987.asset using Guid(150804c3fefbf4ad3abf5c7b3200c868) Importer(2089858483,192608db42251d675da83286b1cce702) (ScriptedImporter) -> (artifact id: 'b851d4a2912830d91a9c761d634db784') in 0.002679417 seconds
Number of updated asset objects reloaded before import = 0Number of asset objects unloaded after import = 2

========================================================================
Received Import Request.
  Time since last request: 0.000028 seconds.
  path: Assets/Sprites/Village/Tileset/MainLevBuild_543.asset
  artifactKey: Guid(59acf7ceb37b848e4a08f415a45f1edb) Importer(2089858483,192608db42251d675da83286b1cce702)
Start importing Assets/Sprites/Village/Tileset/MainLevBuild_543.asset using Guid(59acf7ceb37b848e4a08f415a45f1edb) Importer(2089858483,192608db42251d675da83286b1cce702) (ScriptedImporter) -> (artifact id: 'b7ca8de95dd3b1e98515fd437021a27d') in 0.002592333 seconds
Number of updated asset objects reloaded before import = 0Number of asset objects unloaded after import = 2

========================================================================
Received Import Request.
  Time since last request: 0.000064 seconds.
  path: Assets/Sprites/Village/Tileset/MainLevBuild_735.asset
  artifactKey: Guid(84f28079568c64d07ab524064437dcda) Importer(2089858483,192608db42251d675da83286b1cce702)
Start importing Assets/Sprites/Village/Tileset/MainLevBuild_735.asset using Guid(84f28079568c64d07ab524064437dcda) Importer(2089858483,192608db42251d675da83286b1cce702) (ScriptedImporter) -> (artifact id: '26db978d263117602c2279f905d683c3') in 0.002664583 seconds
Number of updated asset objects reloaded before import = 0Number of asset objects unloaded after import = 2

========================================================================
Received Import Request.
  Time since last request: 0.000029 seconds.
  path: Assets/Sprites/Village/Tileset/MainLevBuild_290.asset
  artifactKey: Guid(e9cdee66cd5024f83b78c7e949affb69) Importer(2089858483,192608db42251d675da83286b1cce702)
Start importing Assets/Sprites/Village/Tileset/MainLevBuild_290.asset using Guid(e9cdee66cd5024f83b78c7e949affb69) Importer(2089858483,192608db42251d675da83286b1cce702) (ScriptedImporter) -> (artifact id: '2b548dded6aa055f43f95980df4444a3') in 0.002736791 seconds
Number of updated asset objects reloaded before import = 0Number of asset objects unloaded after import = 2

========================================================================
Received Import Request.
  Time since last request: 0.000055 seconds.
  path: Assets/Sprites/Village/Tileset/MainLevBuild_435.asset
  artifactKey: Guid(c700f79bf174e4f9cab66c1ce39dd87d) Importer(2089858483,192608db42251d675da83286b1cce702)
Start importing Assets/Sprites/Village/Tileset/MainLevBuild_435.asset using Guid(c700f79bf174e4f9cab66c1ce39dd87d) Importer(2089858483,192608db42251d675da83286b1cce702) (ScriptedImporter) -> (artifact id: '40814ddb1388501965a6c5c8fc3e16f3') in 0.0027605 seconds
Number of updated asset objects reloaded before import = 0Number of asset objects unloaded after import = 2

========================================================================
Received Import Request.
  Time since last request: 0.000036 seconds.
  path: Assets/Sprites/Village/Tileset/MainLevBuild_383.asset
  artifactKey: Guid(32f36b49ec9054648b91dfc73b1528c9) Importer(2089858483,192608db42251d675da83286b1cce702)
Start importing Assets/Sprites/Village/Tileset/MainLevBuild_383.asset using Guid(32f36b49ec9054648b91dfc73b1528c9) Importer(2089858483,192608db42251d675da83286b1cce702) (ScriptedImporter) -> (artifact id: '022d7a024cf258aad89aff20974a00c9') in 0.0026095 seconds
Number of updated asset objects reloaded before import = 0Number of asset objects unloaded after import = 2

========================================================================
Received Import Request.
  Time since last request: 0.000038 seconds.
  path: Assets/Sprites/Village/Tileset/MainLevBuild_434.asset
  artifactKey: Guid(2dee88874edd64510a6e1b17f4e59d90) Importer(2089858483,192608db42251d675da83286b1cce702)
Start importing Assets/Sprites/Village/Tileset/MainLevBuild_434.asset using Guid(2dee88874edd64510a6e1b17f4e59d90) Importer(2089858483,192608db42251d675da83286b1cce702) (ScriptedImporter) -> (artifact id: '39cc705cab94fb4b72067636141e9f48') in 0.002613916 seconds
Number of updated asset objects reloaded before import = 0Number of asset objects unloaded after import = 2

========================================================================
Received Import Request.
  Time since last request: 0.000034 seconds.
  path: Assets/Sprites/Village/Tileset/MainLevBuild_659.asset
  artifactKey: Guid(0fb687583de2441a59160158a8f0146b) Importer(2089858483,192608db42251d675da83286b1cce702)
Start importing Assets/Sprites/Village/Tileset/MainLevBuild_659.asset using Guid(0fb687583de2441a59160158a8f0146b) Importer(2089858483,192608db42251d675da83286b1cce702) (ScriptedImporter) -> (artifact id: 'a9921040f86e0b29289e5c3ec0ff07d7') in 0.002710291 seconds
Number of updated asset objects reloaded before import = 0Number of asset objects unloaded after import = 2

========================================================================
Received Import Request.
  Time since last request: 0.000035 seconds.
  path: Assets/Sprites/Village/Tileset/MainLevBuild_740.asset
  artifactKey: Guid(9205c957b663c40b999be0031f6395c6) Importer(2089858483,192608db42251d675da83286b1cce702)
Start importing Assets/Sprites/Village/Tileset/MainLevBuild_740.asset using Guid(9205c957b663c40b999be0031f6395c6) Importer(2089858483,192608db42251d675da83286b1cce702) (ScriptedImporter) -> (artifact id: '68cca02da9b0e9e965943c57514e92be') in 0.004394791 seconds
Number of updated asset objects reloaded before import = 0Number of asset objects unloaded after import = 2

========================================================================
Received Import Request.
  Time since last request: 0.000035 seconds.
  path: Assets/Sprites/Village/Tileset/MainLevBuild_741.asset
  artifactKey: Guid(aef3d68efbb0543c9b032eb2a051c168) Importer(2089858483,192608db42251d675da83286b1cce702)
Start importing Assets/Sprites/Village/Tileset/MainLevBuild_741.asset using Guid(aef3d68efbb0543c9b032eb2a051c168) Importer(2089858483,192608db42251d675da83286b1cce702) (ScriptedImporter) -> (artifact id: '087fcb3d01621badc1871d0bab574e5d') in 0.002586375 seconds
Number of updated asset objects reloaded before import = 0Number of asset objects unloaded after import = 2

========================================================================
Received Import Request.
  Time since last request: 0.000035 seconds.
  path: Assets/Sprites/Village/Tileset/MainLevBuild_377.asset
  artifactKey: Guid(774fc3871755c4845a64c337f5aabf67) Importer(2089858483,192608db42251d675da83286b1cce702)
Start importing Assets/Sprites/Village/Tileset/MainLevBuild_377.asset using Guid(774fc3871755c4845a64c337f5aabf67) Importer(2089858483,192608db42251d675da83286b1cce702) (ScriptedImporter) -> (artifact id: '6c64599c3de45a88117691e45f51dec9') in 0.002698125 seconds
Number of updated asset objects reloaded before import = 0Number of asset objects unloaded after import = 2

========================================================================
Received Import Request.
  Time since last request: 0.000033 seconds.
  path: Assets/Sprites/Village/Tileset/MainLevBuild_547.asset
  artifactKey: Guid(2019483fd1ba74afa9d534b30dc79b8e) Importer(2089858483,192608db42251d675da83286b1cce702)
Start importing Assets/Sprites/Village/Tileset/MainLevBuild_547.asset using Guid(2019483fd1ba74afa9d534b30dc79b8e) Importer(2089858483,192608db42251d675da83286b1cce702) (ScriptedImporter) -> (artifact id: 'af07db937ae5a9b88882412cf4d214fa') in 0.002790666 seconds
Number of updated asset objects reloaded before import = 0Number of asset objects unloaded after import = 2

========================================================================
Received Import Request.
  Time since last request: 0.000033 seconds.
  path: Assets/Sprites/Village/Tileset/MainLevBuild_609.asset
  artifactKey: Guid(438bbb738a3f04c52845d5715b046060) Importer(2089858483,192608db42251d675da83286b1cce702)
Start importing Assets/Sprites/Village/Tileset/MainLevBuild_609.asset using Guid(438bbb738a3f04c52845d5715b046060) Importer(2089858483,192608db42251d675da83286b1cce702) (ScriptedImporter) -> (artifact id: '9aecb563ad9d8514f16043d2d795b7cb') in 0.00306325 seconds
Number of updated asset objects reloaded before import = 0Number of asset objects unloaded after import = 2

========================================================================
Received Import Request.
  Time since last request: 0.000046 seconds.
  path: Assets/Sprites/Village/Tileset/MainLevBuild_459.asset
  artifactKey: Guid(47bbc63935988452da0ebf2b0ddf6efb) Importer(2089858483,192608db42251d675da83286b1cce702)
Start importing Assets/Sprites/Village/Tileset/MainLevBuild_459.asset using Guid(47bbc63935988452da0ebf2b0ddf6efb) Importer(2089858483,192608db42251d675da83286b1cce702) (ScriptedImporter) -> (artifact id: '564591dc070b3a68b5bfc3f61164695b') in 0.002722666 seconds
Number of updated asset objects reloaded before import = 0Number of asset objects unloaded after import = 2

========================================================================
Received Import Request.
  Time since last request: 0.000031 seconds.
  path: Assets/Sprites/Village/Tileset/MainLevBuild_127.asset
  artifactKey: Guid(f9a6de65d853b499d82309dc192cc0cd) Importer(2089858483,192608db42251d675da83286b1cce702)
Start importing Assets/Sprites/Village/Tileset/MainLevBuild_127.asset using Guid(f9a6de65d853b499d82309dc192cc0cd) Importer(2089858483,192608db42251d675da83286b1cce702) (ScriptedImporter) -> (artifact id: '4ff3ddbdb86e172d2540e7df3a897e93') in 0.002739 seconds
Number of updated asset objects reloaded before import = 0Number of asset objects unloaded after import = 2

========================================================================
Received Import Request.
  Time since last request: 0.000059 seconds.
  path: Assets/Sprites/Village/Tileset/MainLevBuild_447.asset
  artifactKey: Guid(d8e8c42b2f11c4bad8a1aeee608c2254) Importer(2089858483,192608db42251d675da83286b1cce702)
Start importing Assets/Sprites/Village/Tileset/MainLevBuild_447.asset using Guid(d8e8c42b2f11c4bad8a1aeee608c2254) Importer(2089858483,192608db42251d675da83286b1cce702) (ScriptedImporter) -> (artifact id: '399e971f20e43b898b7cba81e90389be') in 0.002835625 seconds
Number of updated asset objects reloaded before import = 0Number of asset objects unloaded after import = 2

========================================================================
Received Import Request.
  Time since last request: 0.000036 seconds.
  path: Assets/Sprites/Village/Tileset/MainLevBuild_142.asset
  artifactKey: Guid(f3df80aa6cd4a40b1b04650de7c349d5) Importer(2089858483,192608db42251d675da83286b1cce702)
Start importing Assets/Sprites/Village/Tileset/MainLevBuild_142.asset using Guid(f3df80aa6cd4a40b1b04650de7c349d5) Importer(2089858483,192608db42251d675da83286b1cce702) (ScriptedImporter) -> (artifact id: 'b697521687b35d5072ace6177b1ac830') in 0.002871125 seconds
Number of updated asset objects reloaded before import = 0Number of asset objects unloaded after import = 2

========================================================================
Received Import Request.
  Time since last request: 0.000035 seconds.
  path: Assets/Sprites/Village/Tileset/MainLevBuild_652.asset
  artifactKey: Guid(3676039237a4448e4af8d00b7bef011a) Importer(2089858483,192608db42251d675da83286b1cce702)
Start importing Assets/Sprites/Village/Tileset/MainLevBuild_652.asset using Guid(3676039237a4448e4af8d00b7bef011a) Importer(2089858483,192608db42251d675da83286b1cce702) (ScriptedImporter) -> (artifact id: 'd7681cce68563ee0c5309ac39048d9b1') in 0.002754208 seconds
Number of updated asset objects reloaded before import = 0Number of asset objects unloaded after import = 2

========================================================================
Received Import Request.
  Time since last request: 0.000039 seconds.
  path: Assets/Sprites/Village/Tileset/MainLevBuild_414.asset
  artifactKey: Guid(16fc51a97274d4fe2a4e5aff5b8bb0c8) Importer(2089858483,192608db42251d675da83286b1cce702)
Start importing Assets/Sprites/Village/Tileset/MainLevBuild_414.asset using Guid(16fc51a97274d4fe2a4e5aff5b8bb0c8) Importer(2089858483,192608db42251d675da83286b1cce702) (ScriptedImporter) -> (artifact id: 'bb35afbf53bfde8d6e7f1b0e0523e09f') in 0.002810417 seconds
Number of updated asset objects reloaded before import = 0Number of asset objects unloaded after import = 2

========================================================================
Received Import Request.
  Time since last request: 0.000039 seconds.
  path: Assets/Sprites/Village/Tileset/MainLevBuild_92.asset
  artifactKey: Guid(09763884e93bd40188ce96596e22f405) Importer(2089858483,192608db42251d675da83286b1cce702)
Start importing Assets/Sprites/Village/Tileset/MainLevBuild_92.asset using Guid(09763884e93bd40188ce96596e22f405) Importer(2089858483,192608db42251d675da83286b1cce702) (ScriptedImporter) -> (artifact id: '64ae3df3c45dc5f1e6b69e0180c6e3c8') in 0.0025695 seconds
Number of updated asset objects reloaded before import = 0Number of asset objects unloaded after import = 2

========================================================================
Received Import Request.
  Time since last request: 0.000053 seconds.
  path: Assets/Sprites/Village/Tileset/MainLevBuild_468.asset
  artifactKey: Guid(680aea82b42094029a596885650650eb) Importer(2089858483,192608db42251d675da83286b1cce702)
Start importing Assets/Sprites/Village/Tileset/MainLevBuild_468.asset using Guid(680aea82b42094029a596885650650eb) Importer(2089858483,192608db42251d675da83286b1cce702) (ScriptedImporter) -> (artifact id: '58b7066688b6c5754facc4da0f275aa8') in 0.002815917 seconds
Number of updated asset objects reloaded before import = 0Number of asset objects unloaded after import = 2

========================================================================
Received Import Request.
  Time since last request: 0.000032 seconds.
  path: Assets/Sprites/Village/Tileset/MainLevBuild_232.asset
  artifactKey: Guid(26954604546ab44c09ffba46225692c7) Importer(2089858483,192608db42251d675da83286b1cce702)
Start importing Assets/Sprites/Village/Tileset/MainLevBuild_232.asset using Guid(26954604546ab44c09ffba46225692c7) Importer(2089858483,192608db42251d675da83286b1cce702) (ScriptedImporter) -> (artifact id: '7e554dc3903ff9bab73e49d0457c4c19') in 0.002818125 seconds
Number of updated asset objects reloaded before import = 0Number of asset objects unloaded after import = 2

========================================================================
Received Import Request.
  Time since last request: 0.000031 seconds.
  path: Assets/Sprites/Village/Tileset/MainLevBuild_687.asset
  artifactKey: Guid(798a1438ac7484e42bd9de1ae57099a3) Importer(2089858483,192608db42251d675da83286b1cce702)
Start importing Assets/Sprites/Village/Tileset/MainLevBuild_687.asset using Guid(798a1438ac7484e42bd9de1ae57099a3) Importer(2089858483,192608db42251d675da83286b1cce702) (ScriptedImporter) -> (artifact id: '547c451fb32f3af46cf0cece87511d48') in 0.00440825 seconds
Number of updated asset objects reloaded before import = 0Number of asset objects unloaded after import = 2

========================================================================
Received Import Request.
  Time since last request: 0.000028 seconds.
  path: Assets/Sprites/Village/Tileset/MainLevBuild_556.asset
  artifactKey: Guid(b68a99e0bae6d4d5592f1e1dedabac3a) Importer(2089858483,192608db42251d675da83286b1cce702)
Start importing Assets/Sprites/Village/Tileset/MainLevBuild_556.asset using Guid(b68a99e0bae6d4d5592f1e1dedabac3a) Importer(2089858483,192608db42251d675da83286b1cce702) (ScriptedImporter) -> (artifact id: '0500590e2b8bfd4b4d4e0e5784a1f47b') in 0.002813584 seconds
Number of updated asset objects reloaded before import = 0Number of asset objects unloaded after import = 2

========================================================================
Received Import Request.
  Time since last request: 0.000041 seconds.
  path: Assets/Sprites/Village/Tileset/MainLevBuild_429.asset
  artifactKey: Guid(71399c2fd2b174380b0ad45c2b307efe) Importer(2089858483,192608db42251d675da83286b1cce702)
Start importing Assets/Sprites/Village/Tileset/MainLevBuild_429.asset using Guid(71399c2fd2b174380b0ad45c2b307efe) Importer(2089858483,192608db42251d675da83286b1cce702) (ScriptedImporter) -> (artifact id: '6b86cd8341dbd01ff45cd4b989000ce0') in 0.002671208 seconds
Number of updated asset objects reloaded before import = 0Number of asset objects unloaded after import = 2

========================================================================
Received Import Request.
  Time since last request: 0.000037 seconds.
  path: Assets/Sprites/Village/Tileset/MainLevBuild_843.asset
  artifactKey: Guid(060b4914893c34ac29a778c3ad962841) Importer(2089858483,192608db42251d675da83286b1cce702)
Start importing Assets/Sprites/Village/Tileset/MainLevBuild_843.asset using Guid(060b4914893c34ac29a778c3ad962841) Importer(2089858483,192608db42251d675da83286b1cce702) (ScriptedImporter) -> (artifact id: '3eac898dc7be5bc8a9ca5c50f2fade18') in 0.002655416 seconds
Number of updated asset objects reloaded before import = 0Number of asset objects unloaded after import = 2

========================================================================
Received Import Request.
  Time since last request: 0.000038 seconds.
  path: Assets/Sprites/Village/Tileset/MainLevBuild_406.asset
  artifactKey: Guid(c97f063aed2c14c4bbcca6c89ca5e424) Importer(2089858483,192608db42251d675da83286b1cce702)
Start importing Assets/Sprites/Village/Tileset/MainLevBuild_406.asset using Guid(c97f063aed2c14c4bbcca6c89ca5e424) Importer(2089858483,192608db42251d675da83286b1cce702) (ScriptedImporter) -> (artifact id: '1a1863898f675c2b65df7f97e1bb476d') in 0.00255125 seconds
Number of updated asset objects reloaded before import = 0Number of asset objects unloaded after import = 2

========================================================================
Received Import Request.
  Time since last request: 0.000037 seconds.
  path: Assets/Sprites/Village/Tileset/MainLevBuild_353.asset
  artifactKey: Guid(84722a8d8f4a4470984a565a674b896e) Importer(2089858483,192608db42251d675da83286b1cce702)
Start importing Assets/Sprites/Village/Tileset/MainLevBuild_353.asset using Guid(84722a8d8f4a4470984a565a674b896e) Importer(2089858483,192608db42251d675da83286b1cce702) (ScriptedImporter) -> (artifact id: '47db86080c6f20b998c46d5b179fee13') in 0.002582292 seconds
Number of updated asset objects reloaded before import = 0Number of asset objects unloaded after import = 2

========================================================================
Received Import Request.
  Time since last request: 0.000033 seconds.
  path: Assets/Sprites/Village/Tileset/MainLevBuild_682.asset
  artifactKey: Guid(dc84cdadb017249c98c1d0e30ab5532e) Importer(2089858483,192608db42251d675da83286b1cce702)
Start importing Assets/Sprites/Village/Tileset/MainLevBuild_682.asset using Guid(dc84cdadb017249c98c1d0e30ab5532e) Importer(2089858483,192608db42251d675da83286b1cce702) (ScriptedImporter) -> (artifact id: '02c8e411af02b99debc17e2675333a55') in 0.002466333 seconds
Number of updated asset objects reloaded before import = 0Number of asset objects unloaded after import = 2

========================================================================
Received Import Request.
  Time since last request: 0.000033 seconds.
  path: Assets/Sprites/Village/Tileset/MainLevBuild_472.asset
  artifactKey: Guid(35e05138904954b0fa1de88c7585db10) Importer(2089858483,192608db42251d675da83286b1cce702)
Start importing Assets/Sprites/Village/Tileset/MainLevBuild_472.asset using Guid(35e05138904954b0fa1de88c7585db10) Importer(2089858483,192608db42251d675da83286b1cce702) (ScriptedImporter) -> (artifact id: 'cc7da2e315995dcbffbc2ab15634d889') in 0.0026675 seconds
Number of updated asset objects reloaded before import = 0Number of asset objects unloaded after import = 2

========================================================================
Received Import Request.
  Time since last request: 0.000027 seconds.
  path: Assets/Sprites/Village/Tileset/MainLevBuild_818.asset
  artifactKey: Guid(6a328b118fec1465f9f6b712af6e474a) Importer(2089858483,192608db42251d675da83286b1cce702)
Start importing Assets/Sprites/Village/Tileset/MainLevBuild_818.asset using Guid(6a328b118fec1465f9f6b712af6e474a) Importer(2089858483,192608db42251d675da83286b1cce702) (ScriptedImporter) -> (artifact id: '566b7c5db9155e156bbe9fa90fc3d177') in 0.0025255 seconds
Number of updated asset objects reloaded before import = 0Number of asset objects unloaded after import = 2

========================================================================
Received Import Request.
  Time since last request: 0.000040 seconds.
  path: Assets/Sprites/Village/Tileset/MainLevBuild_199.asset
  artifactKey: Guid(9827d64f69f744052be2d89784a894e8) Importer(2089858483,192608db42251d675da83286b1cce702)
Start importing Assets/Sprites/Village/Tileset/MainLevBuild_199.asset using Guid(9827d64f69f744052be2d89784a894e8) Importer(2089858483,192608db42251d675da83286b1cce702) (ScriptedImporter) -> (artifact id: 'c133e2c4e82ea4bd716a9ef636775a5a') in 0.002762917 seconds
Number of updated asset objects reloaded before import = 0Number of asset objects unloaded after import = 2

========================================================================
Received Import Request.
  Time since last request: 0.000044 seconds.
  path: Assets/Sprites/Village/Tileset/MainLevBuild_1054.asset
  artifactKey: Guid(c95939e629f8e4853ab5e12b5425ea10) Importer(2089858483,192608db42251d675da83286b1cce702)
Start importing Assets/Sprites/Village/Tileset/MainLevBuild_1054.asset using Guid(c95939e629f8e4853ab5e12b5425ea10) Importer(2089858483,192608db42251d675da83286b1cce702) (ScriptedImporter) -> (artifact id: '794f5abfdac0140614258ba66a0772f8') in 0.002983084 seconds
Number of updated asset objects reloaded before import = 0Number of asset objects unloaded after import = 2

========================================================================
Received Import Request.
  Time since last request: 0.000036 seconds.
  path: Assets/Sprites/Village/Tileset/MainLevBuild_289.asset
  artifactKey: Guid(6fe7b17b8f22843d3b72c237b563c095) Importer(2089858483,192608db42251d675da83286b1cce702)
Start importing Assets/Sprites/Village/Tileset/MainLevBuild_289.asset using Guid(6fe7b17b8f22843d3b72c237b563c095) Importer(2089858483,192608db42251d675da83286b1cce702) (ScriptedImporter) -> (artifact id: 'c27dce8ce4f87dd0378ce8dd2e234e6a') in 0.0028595 seconds
Number of updated asset objects reloaded before import = 0Number of asset objects unloaded after import = 2

========================================================================
Received Import Request.
  Time since last request: 0.000059 seconds.
  path: Assets/Sprites/Village/Tileset/MainLevBuild_611.asset
  artifactKey: Guid(a2df7d62bab3a4cfd84b9ea9d1ed60e2) Importer(2089858483,192608db42251d675da83286b1cce702)
Start importing Assets/Sprites/Village/Tileset/MainLevBuild_611.asset using Guid(a2df7d62bab3a4cfd84b9ea9d1ed60e2) Importer(2089858483,192608db42251d675da83286b1cce702) (ScriptedImporter) -> (artifact id: 'ca1e9715711d10a98b373f1ae1222afa') in 0.002843375 seconds
Number of updated asset objects reloaded before import = 0Number of asset objects unloaded after import = 2

========================================================================
Received Import Request.
  Time since last request: 0.000049 seconds.
  path: Assets/Sprites/Village/Tileset/MainLevBuild_571.asset
  artifactKey: Guid(9eb292d5162874870a534f178e77ecdf) Importer(2089858483,192608db42251d675da83286b1cce702)
Start importing Assets/Sprites/Village/Tileset/MainLevBuild_571.asset using Guid(9eb292d5162874870a534f178e77ecdf) Importer(2089858483,192608db42251d675da83286b1cce702) (ScriptedImporter) -> (artifact id: '0c16daa23a7031230e40416969aa2ce3') in 0.004556167 seconds
Number of updated asset objects reloaded before import = 0Number of asset objects unloaded after import = 2

========================================================================
Received Import Request.
  Time since last request: 0.000029 seconds.
  path: Assets/Sprites/Village/Tileset/MainLevBuild_528.asset
  artifactKey: Guid(8ec5503e343f446f6ba89f85a78429c8) Importer(2089858483,192608db42251d675da83286b1cce702)
Start importing Assets/Sprites/Village/Tileset/MainLevBuild_528.asset using Guid(8ec5503e343f446f6ba89f85a78429c8) Importer(2089858483,192608db42251d675da83286b1cce702) (ScriptedImporter) -> (artifact id: 'd1d4dd682574057cd6ea99e215767fcc') in 0.00250175 seconds
Number of updated asset objects reloaded before import = 0Number of asset objects unloaded after import = 2

========================================================================
Received Import Request.
  Time since last request: 0.000038 seconds.
  path: Assets/Sprites/Village/Tileset/MainLevBuild_906.asset
  artifactKey: Guid(c2b542452d20b4fbc9388ad7906ea64e) Importer(2089858483,192608db42251d675da83286b1cce702)
Start importing Assets/Sprites/Village/Tileset/MainLevBuild_906.asset using Guid(c2b542452d20b4fbc9388ad7906ea64e) Importer(2089858483,192608db42251d675da83286b1cce702) (ScriptedImporter) -> (artifact id: '315b0927d60c4e164b974b676f8baa09') in 0.002837833 seconds
Number of updated asset objects reloaded before import = 0Number of asset objects unloaded after import = 2

========================================================================
Received Import Request.
  Time since last request: 0.000037 seconds.
  path: Assets/Sprites/Village/Tileset/MainLevBuild_558.asset
  artifactKey: Guid(a36523a9cad63414cb6c0c7f3da28fd0) Importer(2089858483,192608db42251d675da83286b1cce702)
Start importing Assets/Sprites/Village/Tileset/MainLevBuild_558.asset using Guid(a36523a9cad63414cb6c0c7f3da28fd0) Importer(2089858483,192608db42251d675da83286b1cce702) (ScriptedImporter) -> (artifact id: 'ef6aa099ff6e51dbf8141997b8206346') in 0.002640458 seconds
Number of updated asset objects reloaded before import = 0Number of asset objects unloaded after import = 2

========================================================================
Received Import Request.
  Time since last request: 0.000029 seconds.
  path: Assets/Sprites/Village/Tileset/MainLevBuild_1019.asset
  artifactKey: Guid(bc9bf75b9a06c4e75950ba5dbb45ff21) Importer(2089858483,192608db42251d675da83286b1cce702)
Start importing Assets/Sprites/Village/Tileset/MainLevBuild_1019.asset using Guid(bc9bf75b9a06c4e75950ba5dbb45ff21) Importer(2089858483,192608db42251d675da83286b1cce702) (ScriptedImporter) -> (artifact id: 'a261fc7843574761ddbf75df4e63de63') in 0.00280125 seconds
Number of updated asset objects reloaded before import = 0Number of asset objects unloaded after import = 2

========================================================================
Received Import Request.
  Time since last request: 0.000043 seconds.
  path: Assets/Sprites/Village/Tileset/MainLevBuild_82.asset
  artifactKey: Guid(a2815e6094df04e4d8046f1208585c8e) Importer(2089858483,192608db42251d675da83286b1cce702)
Start importing Assets/Sprites/Village/Tileset/MainLevBuild_82.asset using Guid(a2815e6094df04e4d8046f1208585c8e) Importer(2089858483,192608db42251d675da83286b1cce702) (ScriptedImporter) -> (artifact id: 'f76a023428f8c347cd64c210a1ffe806') in 0.002774792 seconds
Number of updated asset objects reloaded before import = 0Number of asset objects unloaded after import = 2

========================================================================
Received Import Request.
  Time since last request: 0.000041 seconds.
  path: Assets/Sprites/Village/Tileset/MainLevBuild_412.asset
  artifactKey: Guid(0b04a184e2eed4667b6552703c99ff34) Importer(2089858483,192608db42251d675da83286b1cce702)
Start importing Assets/Sprites/Village/Tileset/MainLevBuild_412.asset using Guid(0b04a184e2eed4667b6552703c99ff34) Importer(2089858483,192608db42251d675da83286b1cce702) (ScriptedImporter) -> (artifact id: '0604ef394135789dbeb747d2b47f50aa') in 0.002754917 seconds
Number of updated asset objects reloaded before import = 0Number of asset objects unloaded after import = 2

========================================================================
Received Import Request.
  Time since last request: 0.000032 seconds.
  path: Assets/Sprites/Village/Tileset/MainLevBuild_905.asset
  artifactKey: Guid(700cfd14dcc8c4daba24b670d6dc79c1) Importer(2089858483,192608db42251d675da83286b1cce702)
Start importing Assets/Sprites/Village/Tileset/MainLevBuild_905.asset using Guid(700cfd14dcc8c4daba24b670d6dc79c1) Importer(2089858483,192608db42251d675da83286b1cce702) (ScriptedImporter) -> (artifact id: 'e39128d4ff4ec6c1624fecc4a12c8d65') in 0.0027705 seconds
Number of updated asset objects reloaded before import = 0Number of asset objects unloaded after import = 2

========================================================================
Received Import Request.
  Time since last request: 0.000031 seconds.
  path: Assets/Sprites/Village/Tileset/MainLevBuild_74.asset
  artifactKey: Guid(ba870cc612dd34b5fbfe5375a8cd8bb1) Importer(2089858483,192608db42251d675da83286b1cce702)
Start importing Assets/Sprites/Village/Tileset/MainLevBuild_74.asset using Guid(ba870cc612dd34b5fbfe5375a8cd8bb1) Importer(2089858483,192608db42251d675da83286b1cce702) (ScriptedImporter) -> (artifact id: '68083132a44ad6ec225fca3b3f5f14e5') in 0.002552042 seconds
Number of updated asset objects reloaded before import = 0Number of asset objects unloaded after import = 2

========================================================================
Received Import Request.
  Time since last request: 0.000031 seconds.
  path: Assets/Sprites/Village/Tileset/MainLevBuild_617.asset
  artifactKey: Guid(917fcd65b6bcc47a782cd1e7545d2e24) Importer(2089858483,192608db42251d675da83286b1cce702)
Start importing Assets/Sprites/Village/Tileset/MainLevBuild_617.asset using Guid(917fcd65b6bcc47a782cd1e7545d2e24) Importer(2089858483,192608db42251d675da83286b1cce702) (ScriptedImporter) -> (artifact id: '1255f2400ff94ce4739d28b7e792c51e') in 0.002656417 seconds
Number of updated asset objects reloaded before import = 0Number of asset objects unloaded after import = 2

========================================================================
Received Import Request.
  Time since last request: 0.000029 seconds.
  path: Assets/Sprites/Village/Tileset/MainLevBuild_228.asset
  artifactKey: Guid(1ff676c1ee5fd45dda1e734bcd3c7198) Importer(2089858483,192608db42251d675da83286b1cce702)
Start importing Assets/Sprites/Village/Tileset/MainLevBuild_228.asset using Guid(1ff676c1ee5fd45dda1e734bcd3c7198) Importer(2089858483,192608db42251d675da83286b1cce702) (ScriptedImporter) -> (artifact id: '5af64400cf89f006c571c59077a4a494') in 0.002556 seconds
Number of updated asset objects reloaded before import = 0Number of asset objects unloaded after import = 2

========================================================================
Received Import Request.
  Time since last request: 0.000034 seconds.
  path: Assets/Sprites/Village/Tileset/MainLevBuild_688.asset
  artifactKey: Guid(c176c1681e3e94e159ce8b5dca58ade8) Importer(2089858483,192608db42251d675da83286b1cce702)
Start importing Assets/Sprites/Village/Tileset/MainLevBuild_688.asset using Guid(c176c1681e3e94e159ce8b5dca58ade8) Importer(2089858483,192608db42251d675da83286b1cce702) (ScriptedImporter) -> (artifact id: '5cb848c83edb1e7aa8f7aea3632ca9b1') in 0.002665584 seconds
Number of updated asset objects reloaded before import = 0Number of asset objects unloaded after import = 2

========================================================================
Received Import Request.
  Time since last request: 0.000030 seconds.
  path: Assets/Sprites/Village/Tileset/MainLevBuild_833.asset
  artifactKey: Guid(075bfbeced68342ec87092284dfbd133) Importer(2089858483,192608db42251d675da83286b1cce702)
Start importing Assets/Sprites/Village/Tileset/MainLevBuild_833.asset using Guid(075bfbeced68342ec87092284dfbd133) Importer(2089858483,192608db42251d675da83286b1cce702) (ScriptedImporter) -> (artifact id: 'b20ab1a869f053fbcd206cb10a6dfec3') in 0.00283725 seconds
Number of updated asset objects reloaded before import = 0Number of asset objects unloaded after import = 2

========================================================================
Received Import Request.
  Time since last request: 0.000038 seconds.
  path: Assets/Sprites/Village/Tileset/MainLevBuild_827.asset
  artifactKey: Guid(91c3f025edafb47e9b0b605368aa5af0) Importer(2089858483,192608db42251d675da83286b1cce702)
Start importing Assets/Sprites/Village/Tileset/MainLevBuild_827.asset using Guid(91c3f025edafb47e9b0b605368aa5af0) Importer(2089858483,192608db42251d675da83286b1cce702) (ScriptedImporter) -> (artifact id: 'a0b87c065e7fd0190b9fd216d9cb878b') in 0.002807375 seconds
Number of updated asset objects reloaded before import = 0Number of asset objects unloaded after import = 2

========================================================================
Received Import Request.
  Time since last request: 0.000024 seconds.
  path: Assets/Sprites/Village/Tileset/MainLevBuild_489.asset
  artifactKey: Guid(224c513a5d03b4b47a8781de1858b32b) Importer(2089858483,192608db42251d675da83286b1cce702)
Start importing Assets/Sprites/Village/Tileset/MainLevBuild_489.asset using Guid(224c513a5d03b4b47a8781de1858b32b) Importer(2089858483,192608db42251d675da83286b1cce702) (ScriptedImporter) -> (artifact id: '9648a112099c23872291003917163e09') in 0.004614625 seconds
Number of updated asset objects reloaded before import = 0Number of asset objects unloaded after import = 2

========================================================================
Received Import Request.
  Time since last request: 0.000029 seconds.
  path: Assets/Sprites/Village/Tileset/MainLevBuild_501.asset
  artifactKey: Guid(f0cb9e3f29d3643f79988cbc19cb0100) Importer(2089858483,192608db42251d675da83286b1cce702)
Start importing Assets/Sprites/Village/Tileset/MainLevBuild_501.asset using Guid(f0cb9e3f29d3643f79988cbc19cb0100) Importer(2089858483,192608db42251d675da83286b1cce702) (ScriptedImporter) -> (artifact id: '6202357ee6d4e5b0be59ee3f0d64b9d7') in 0.002789 seconds
Number of updated asset objects reloaded before import = 0Number of asset objects unloaded after import = 2

========================================================================
Received Import Request.
  Time since last request: 0.000029 seconds.
  path: Assets/Sprites/Village/Tileset/MainLevBuild_339.asset
  artifactKey: Guid(56af34dbc52f24079b848479e14b72c6) Importer(2089858483,192608db42251d675da83286b1cce702)
Start importing Assets/Sprites/Village/Tileset/MainLevBuild_339.asset using Guid(56af34dbc52f24079b848479e14b72c6) Importer(2089858483,192608db42251d675da83286b1cce702) (ScriptedImporter) -> (artifact id: 'a405da77b6c6e9db55b6a0a740727371') in 0.002531125 seconds
Number of updated asset objects reloaded before import = 0Number of asset objects unloaded after import = 2

========================================================================
Received Import Request.
  Time since last request: 0.000036 seconds.
  path: Assets/Sprites/Village/Tileset/MainLevBuild_1007.asset
  artifactKey: Guid(a1cc0de39296d4a12a70e53fd07c810a) Importer(2089858483,192608db42251d675da83286b1cce702)
Start importing Assets/Sprites/Village/Tileset/MainLevBuild_1007.asset using Guid(a1cc0de39296d4a12a70e53fd07c810a) Importer(2089858483,192608db42251d675da83286b1cce702) (ScriptedImporter) -> (artifact id: '355a0c3a19cc04b0157edd8557ff8c86') in 0.002913666 seconds
Number of updated asset objects reloaded before import = 0Number of asset objects unloaded after import = 2

========================================================================
Received Import Request.
  Time since last request: 0.000030 seconds.
  path: Assets/Sprites/Village/Tileset/MainLevBuild_311.asset
  artifactKey: Guid(28f12543c63174800a57ce2f9e60a435) Importer(2089858483,192608db42251d675da83286b1cce702)
Start importing Assets/Sprites/Village/Tileset/MainLevBuild_311.asset using Guid(28f12543c63174800a57ce2f9e60a435) Importer(2089858483,192608db42251d675da83286b1cce702) (ScriptedImporter) -> (artifact id: '3f44f237898ec34dc517c15b1f27f864') in 0.002698584 seconds
Number of updated asset objects reloaded before import = 0Number of asset objects unloaded after import = 2

========================================================================
Received Import Request.
  Time since last request: 0.000032 seconds.
  path: Assets/Sprites/Village/Tileset/MainLevBuild_390.asset
  artifactKey: Guid(e68958d8d5f414acd97d5b7a0b4af688) Importer(2089858483,192608db42251d675da83286b1cce702)
Start importing Assets/Sprites/Village/Tileset/MainLevBuild_390.asset using Guid(e68958d8d5f414acd97d5b7a0b4af688) Importer(2089858483,192608db42251d675da83286b1cce702) (ScriptedImporter) -> (artifact id: 'c1d77b4e3f15e6a3e2ddbfb37412aa05') in 0.00268975 seconds
Number of updated asset objects reloaded before import = 0Number of asset objects unloaded after import = 2

========================================================================
Received Import Request.
  Time since last request: 0.000049 seconds.
  path: Assets/Sprites/Village/Tileset/MainLevBuild_1053.asset
  artifactKey: Guid(75d68683c776c463a931701ff6450e4c) Importer(2089858483,192608db42251d675da83286b1cce702)
Start importing Assets/Sprites/Village/Tileset/MainLevBuild_1053.asset using Guid(75d68683c776c463a931701ff6450e4c) Importer(2089858483,192608db42251d675da83286b1cce702) (ScriptedImporter) -> (artifact id: '14fac970f90cd68231dd21fb4bed2aae') in 0.002883958 seconds
Number of updated asset objects reloaded before import = 0Number of asset objects unloaded after import = 2

========================================================================
Received Import Request.
  Time since last request: 0.000059 seconds.
  path: Assets/Sprites/Village/Tileset/MainLevBuild_935.asset
  artifactKey: Guid(2ebc7d28ae43d4217bf6abf922cc5ade) Importer(2089858483,192608db42251d675da83286b1cce702)
Start importing Assets/Sprites/Village/Tileset/MainLevBuild_935.asset using Guid(2ebc7d28ae43d4217bf6abf922cc5ade) Importer(2089858483,192608db42251d675da83286b1cce702) (ScriptedImporter) -> (artifact id: '548ffdf9748c36b6542fb15c8daf6ab8') in 0.002649166 seconds
Number of updated asset objects reloaded before import = 0Number of asset objects unloaded after import = 2

========================================================================
Received Import Request.
  Time since last request: 0.000032 seconds.
  path: Assets/Sprites/Village/Tileset/MainLevBuild_951.asset
  artifactKey: Guid(482754482f21f4395a36314b3f7b4437) Importer(2089858483,192608db42251d675da83286b1cce702)
Start importing Assets/Sprites/Village/Tileset/MainLevBuild_951.asset using Guid(482754482f21f4395a36314b3f7b4437) Importer(2089858483,192608db42251d675da83286b1cce702) (ScriptedImporter) -> (artifact id: '08464d5f1c5c7bebc3c2911116d9cf74') in 0.002488375 seconds
Number of updated asset objects reloaded before import = 0Number of asset objects unloaded after import = 2

========================================================================
Received Import Request.
  Time since last request: 0.000035 seconds.
  path: Assets/Sprites/Village/Tileset/MainLevBuild_282.asset
  artifactKey: Guid(9ba01fe7cf43f4e019de98e3a328dbda) Importer(2089858483,192608db42251d675da83286b1cce702)
Start importing Assets/Sprites/Village/Tileset/MainLevBuild_282.asset using Guid(9ba01fe7cf43f4e019de98e3a328dbda) Importer(2089858483,192608db42251d675da83286b1cce702) (ScriptedImporter) -> (artifact id: '38fe5656a50dbfb05c3ed43eac540551') in 0.002489334 seconds
Number of updated asset objects reloaded before import = 0Number of asset objects unloaded after import = 2

========================================================================
Received Import Request.
  Time since last request: 0.000030 seconds.
  path: Assets/Sprites/Village/Tileset/MainLevBuild_1031.asset
  artifactKey: Guid(03b35710764ca4e33a719e4f4142609c) Importer(2089858483,192608db42251d675da83286b1cce702)
Start importing Assets/Sprites/Village/Tileset/MainLevBuild_1031.asset using Guid(03b35710764ca4e33a719e4f4142609c) Importer(2089858483,192608db42251d675da83286b1cce702) (ScriptedImporter) -> (artifact id: '5b2670425aa03e9d612f220be012374a') in 0.002936 seconds
Number of updated asset objects reloaded before import = 0Number of asset objects unloaded after import = 2

========================================================================
Received Import Request.
  Time since last request: 0.000051 seconds.
  path: Assets/Sprites/Village/Tileset/MainLevBuild_610.asset
  artifactKey: Guid(c2e3de183f32640a2b29a625b9b9f3c4) Importer(2089858483,192608db42251d675da83286b1cce702)
Start importing Assets/Sprites/Village/Tileset/MainLevBuild_610.asset using Guid(c2e3de183f32640a2b29a625b9b9f3c4) Importer(2089858483,192608db42251d675da83286b1cce702) (ScriptedImporter) -> (artifact id: '403478ef04efb2d50c50d0bd533dcba3') in 0.0026965 seconds
Number of updated asset objects reloaded before import = 0Number of asset objects unloaded after import = 2

========================================================================
Received Import Request.
  Time since last request: 0.000033 seconds.
  path: Assets/Sprites/Village/Tileset/MainLevBuild_529.asset
  artifactKey: Guid(6d2a00b1c31d944f5bf5faf31073a676) Importer(2089858483,192608db42251d675da83286b1cce702)
Start importing Assets/Sprites/Village/Tileset/MainLevBuild_529.asset using Guid(6d2a00b1c31d944f5bf5faf31073a676) Importer(2089858483,192608db42251d675da83286b1cce702) (ScriptedImporter) -> (artifact id: 'd1778525979e971608f296f7607be2d5') in 0.00264425 seconds
Number of updated asset objects reloaded before import = 0Number of asset objects unloaded after import = 2

========================================================================
Received Import Request.
  Time since last request: 0.000037 seconds.
  path: Assets/Sprites/Village/Tileset/MainLevBuild_439.asset
  artifactKey: Guid(8d64ad0ca5a6d4584b30e95c80134cec) Importer(2089858483,192608db42251d675da83286b1cce702)
Start importing Assets/Sprites/Village/Tileset/MainLevBuild_439.asset using Guid(8d64ad0ca5a6d4584b30e95c80134cec) Importer(2089858483,192608db42251d675da83286b1cce702) (ScriptedImporter) -> (artifact id: '752de917f0d779ab3a349165188b2455') in 0.004627625 seconds
Number of updated asset objects reloaded before import = 0Number of asset objects unloaded after import = 2

========================================================================
Received Import Request.
  Time since last request: 0.000028 seconds.
  path: Assets/Sprites/Village/Tileset/MainLevBuild_533.asset
  artifactKey: Guid(eccd71315f1e147f080f53fdbeaafe31) Importer(2089858483,192608db42251d675da83286b1cce702)
Start importing Assets/Sprites/Village/Tileset/MainLevBuild_533.asset using Guid(eccd71315f1e147f080f53fdbeaafe31) Importer(2089858483,192608db42251d675da83286b1cce702) (ScriptedImporter) -> (artifact id: '996d50407e5c23a1c47af2d8cc5bfbbc') in 0.002755541 seconds
Number of updated asset objects reloaded before import = 0Number of asset objects unloaded after import = 2

========================================================================
Received Import Request.
  Time since last request: 0.000032 seconds.
  path: Assets/Sprites/Village/Tileset/MainLevBuild_517.asset
  artifactKey: Guid(434f15bd30b7a4c038e6ab8f9a74ccf8) Importer(2089858483,192608db42251d675da83286b1cce702)
Start importing Assets/Sprites/Village/Tileset/MainLevBuild_517.asset using Guid(434f15bd30b7a4c038e6ab8f9a74ccf8) Importer(2089858483,192608db42251d675da83286b1cce702) (ScriptedImporter) -> (artifact id: '8cdf48eec6fcb4d3a7f8a1ed3d8654e6') in 0.002511375 seconds
Number of updated asset objects reloaded before import = 0Number of asset objects unloaded after import = 2

========================================================================
Received Import Request.
  Time since last request: 0.000031 seconds.
  path: Assets/Sprites/Village/Tileset/MainLevBuild_686.asset
  artifactKey: Guid(1334c271eeb4f4118ba289e0c33f3625) Importer(2089858483,192608db42251d675da83286b1cce702)
Start importing Assets/Sprites/Village/Tileset/MainLevBuild_686.asset using Guid(1334c271eeb4f4118ba289e0c33f3625) Importer(2089858483,192608db42251d675da83286b1cce702) (ScriptedImporter) -> (artifact id: 'dc4d5a0712b5b7a3ac32c63ff45c2410') in 0.002497875 seconds
Number of updated asset objects reloaded before import = 0Number of asset objects unloaded after import = 2

========================================================================
Received Import Request.
  Time since last request: 0.000034 seconds.
  path: Assets/Sprites/Village/Tileset/MainLevBuild_595.asset
  artifactKey: Guid(e46fa6b8fb1754cc9b1fc96e94afc9d4) Importer(2089858483,192608db42251d675da83286b1cce702)
Start importing Assets/Sprites/Village/Tileset/MainLevBuild_595.asset using Guid(e46fa6b8fb1754cc9b1fc96e94afc9d4) Importer(2089858483,192608db42251d675da83286b1cce702) (ScriptedImporter) -> (artifact id: '34d51cea76e8c740e7b6702c8d5a62c4') in 0.002657416 seconds
Number of updated asset objects reloaded before import = 0Number of asset objects unloaded after import = 2

========================================================================
Received Import Request.
  Time since last request: 0.000033 seconds.
  path: Assets/Sprites/Village/Tileset/MainLevBuild_870.asset
  artifactKey: Guid(6a9959ba4c6df40f99209177ae79f5cc) Importer(2089858483,192608db42251d675da83286b1cce702)
Start importing Assets/Sprites/Village/Tileset/MainLevBuild_870.asset using Guid(6a9959ba4c6df40f99209177ae79f5cc) Importer(2089858483,192608db42251d675da83286b1cce702) (ScriptedImporter) -> (artifact id: 'a7fbaa23fe15ebf33c6d2b05254c08cb') in 0.002589125 seconds
Number of updated asset objects reloaded before import = 0Number of asset objects unloaded after import = 2

========================================================================
Received Import Request.
  Time since last request: 0.000033 seconds.
  path: Assets/Sprites/Village/Tileset/MainLevBuild_924.asset
  artifactKey: Guid(e99fe8f1fdb854b61b182e4e7e1966eb) Importer(2089858483,192608db42251d675da83286b1cce702)
Start importing Assets/Sprites/Village/Tileset/MainLevBuild_924.asset using Guid(e99fe8f1fdb854b61b182e4e7e1966eb) Importer(2089858483,192608db42251d675da83286b1cce702) (ScriptedImporter) -> (artifact id: '3d7c18a947683d89e325ab1a4197be14') in 0.002763833 seconds
Number of updated asset objects reloaded before import = 0Number of asset objects unloaded after import = 2

========================================================================
Received Import Request.
  Time since last request: 0.000032 seconds.
  path: Assets/Sprites/Village/Tileset/MainLevBuild_934.asset
  artifactKey: Guid(5b7f26f65894a449aa23e9eeca7f7a62) Importer(2089858483,192608db42251d675da83286b1cce702)
Start importing Assets/Sprites/Village/Tileset/MainLevBuild_934.asset using Guid(5b7f26f65894a449aa23e9eeca7f7a62) Importer(2089858483,192608db42251d675da83286b1cce702) (ScriptedImporter) -> (artifact id: '8e27c4666cb5e0bce43395acc0b53951') in 0.002616667 seconds
Number of updated asset objects reloaded before import = 0Number of asset objects unloaded after import = 2

========================================================================
Received Import Request.
  Time since last request: 0.000043 seconds.
  path: Assets/Sprites/Village/Tileset/MainLevBuild_666.asset
  artifactKey: Guid(eed4d2dfd01c14405919d0513e446f9a) Importer(2089858483,192608db42251d675da83286b1cce702)
Start importing Assets/Sprites/Village/Tileset/MainLevBuild_666.asset using Guid(eed4d2dfd01c14405919d0513e446f9a) Importer(2089858483,192608db42251d675da83286b1cce702) (ScriptedImporter) -> (artifact id: 'a3fd25c82de1f81c335d349e2f9d15d6') in 0.002640708 seconds
Number of updated asset objects reloaded before import = 0Number of asset objects unloaded after import = 2

========================================================================
Received Import Request.
  Time since last request: 0.000042 seconds.
  path: Assets/Sprites/Village/Tileset/MainLevBuild_302.asset
  artifactKey: Guid(cb1179eaaea24495b80125be86470472) Importer(2089858483,192608db42251d675da83286b1cce702)
Start importing Assets/Sprites/Village/Tileset/MainLevBuild_302.asset using Guid(cb1179eaaea24495b80125be86470472) Importer(2089858483,192608db42251d675da83286b1cce702) (ScriptedImporter) -> (artifact id: 'ed5d66478f9cdef3ade586075f73937a') in 0.002973417 seconds
Number of updated asset objects reloaded before import = 0Number of asset objects unloaded after import = 2

========================================================================
Received Import Request.
  Time since last request: 0.000037 seconds.
  path: Assets/Sprites/Village/Tileset/MainLevBuild_732.asset
  artifactKey: Guid(5e0ff3b47e0694b0e9d92c29aa5685e3) Importer(2089858483,192608db42251d675da83286b1cce702)
Start importing Assets/Sprites/Village/Tileset/MainLevBuild_732.asset using Guid(5e0ff3b47e0694b0e9d92c29aa5685e3) Importer(2089858483,192608db42251d675da83286b1cce702) (ScriptedImporter) -> (artifact id: '2146eaccb0805d67e2f21f648d2ab5d5') in 0.002798125 seconds
Number of updated asset objects reloaded before import = 0Number of asset objects unloaded after import = 2

========================================================================
Received Import Request.
  Time since last request: 0.000033 seconds.
  path: Assets/Sprites/Village/Tileset/MainLevBuild_323.asset
  artifactKey: Guid(d2c189eda60274e5ea9f1f12677bc16f) Importer(2089858483,192608db42251d675da83286b1cce702)
Start importing Assets/Sprites/Village/Tileset/MainLevBuild_323.asset using Guid(d2c189eda60274e5ea9f1f12677bc16f) Importer(2089858483,192608db42251d675da83286b1cce702) (ScriptedImporter) -> (artifact id: '740713a205a3902c3c035fd0d1a807c3') in 0.002762958 seconds
Number of updated asset objects reloaded before import = 0Number of asset objects unloaded after import = 2

========================================================================
Received Import Request.
  Time since last request: 0.000031 seconds.
  path: Assets/Sprites/Village/Tileset/MainLevBuild_662.asset
  artifactKey: Guid(b4fb22187921e440aa64d35f7f27804d) Importer(2089858483,192608db42251d675da83286b1cce702)
Start importing Assets/Sprites/Village/Tileset/MainLevBuild_662.asset using Guid(b4fb22187921e440aa64d35f7f27804d) Importer(2089858483,192608db42251d675da83286b1cce702) (ScriptedImporter) -> (artifact id: 'b02db97f7e65acd4a7f63dea4ee99c91') in 0.002702167 seconds
Number of updated asset objects reloaded before import = 0Number of asset objects unloaded after import = 2

========================================================================
Received Import Request.
  Time since last request: 0.000027 seconds.
  path: Assets/Sprites/Village/Tileset/MainLevBuild_592.asset
  artifactKey: Guid(4562e1ba08cb14f8e8822c09ef498074) Importer(2089858483,192608db42251d675da83286b1cce702)
Start importing Assets/Sprites/Village/Tileset/MainLevBuild_592.asset using Guid(4562e1ba08cb14f8e8822c09ef498074) Importer(2089858483,192608db42251d675da83286b1cce702) (ScriptedImporter) -> (artifact id: 'e37124a234230a7fdd41c8bc368b427e') in 0.002707667 seconds
Number of updated asset objects reloaded before import = 0Number of asset objects unloaded after import = 2

========================================================================
Received Import Request.
  Time since last request: 0.000032 seconds.
  path: Assets/Sprites/Village/Tileset/MainLevBuild_684.asset
  artifactKey: Guid(5171a4f0b0d5c4920aadd46c79081ff0) Importer(2089858483,192608db42251d675da83286b1cce702)
Start importing Assets/Sprites/Village/Tileset/MainLevBuild_684.asset using Guid(5171a4f0b0d5c4920aadd46c79081ff0) Importer(2089858483,192608db42251d675da83286b1cce702) (ScriptedImporter) -> (artifact id: '151fae475630a0f0fba4e3c96c190595') in 0.006037708 seconds
Number of updated asset objects reloaded before import = 0Number of asset objects unloaded after import = 2

========================================================================
Received Import Request.
  Time since last request: 0.000034 seconds.
  path: Assets/Sprites/Village/Tileset/MainLevBuild_777.asset
  artifactKey: Guid(4625827a48e75476a85e2ecc9f267f4e) Importer(2089858483,192608db42251d675da83286b1cce702)
Start importing Assets/Sprites/Village/Tileset/MainLevBuild_777.asset using Guid(4625827a48e75476a85e2ecc9f267f4e) Importer(2089858483,192608db42251d675da83286b1cce702) (ScriptedImporter) -> (artifact id: '8ec4a5e14375b5869e80a36fa79127c2') in 0.003438166 seconds
Number of updated asset objects reloaded before import = 0Number of asset objects unloaded after import = 2

========================================================================
Received Import Request.
  Time since last request: 0.000026 seconds.
  path: Assets/Sprites/Village/Tileset/MainLevBuild_893.asset
  artifactKey: Guid(9850ef34913494efe91d974663049191) Importer(2089858483,192608db42251d675da83286b1cce702)
Start importing Assets/Sprites/Village/Tileset/MainLevBuild_893.asset using Guid(9850ef34913494efe91d974663049191) Importer(2089858483,192608db42251d675da83286b1cce702) (ScriptedImporter) -> (artifact id: '7717442aed4fe1e0af11ab7848bf48f7') in 0.004466334 seconds
Number of updated asset objects reloaded before import = 0Number of asset objects unloaded after import = 2

========================================================================
Received Import Request.
  Time since last request: 0.000096 seconds.
  path: Assets/Sprites/Village/Tileset/MainLevBuild_947.asset
  artifactKey: Guid(b4ee68756d43d47198c9cc5f34b76ba9) Importer(2089858483,192608db42251d675da83286b1cce702)
Start importing Assets/Sprites/Village/Tileset/MainLevBuild_947.asset using Guid(b4ee68756d43d47198c9cc5f34b76ba9) Importer(2089858483,192608db42251d675da83286b1cce702) (ScriptedImporter) -> (artifact id: '334463fe5afa8a0d4830618e889aa3d6') in 0.005275542 seconds
Number of updated asset objects reloaded before import = 0Number of asset objects unloaded after import = 2

========================================================================
Received Import Request.
  Time since last request: 0.000033 seconds.
  path: Assets/Sprites/Village/Tileset/MainLevBuild_579.asset
  artifactKey: Guid(8458d5f446b5b495baf2791ffc569d50) Importer(2089858483,192608db42251d675da83286b1cce702)
Start importing Assets/Sprites/Village/Tileset/MainLevBuild_579.asset using Guid(8458d5f446b5b495baf2791ffc569d50) Importer(2089858483,192608db42251d675da83286b1cce702) (ScriptedImporter) -> (artifact id: '74634ace94e9648c37ccdee38207b51c') in 0.002705292 seconds
Number of updated asset objects reloaded before import = 0Number of asset objects unloaded after import = 2

========================================================================
Received Import Request.
  Time since last request: 0.000039 seconds.
  path: Assets/Sprites/Village/Tileset/MainLevBuild_294.asset
  artifactKey: Guid(48d2a936a045b4057b1fe6cdf2b6b044) Importer(2089858483,192608db42251d675da83286b1cce702)
Start importing Assets/Sprites/Village/Tileset/MainLevBuild_294.asset using Guid(48d2a936a045b4057b1fe6cdf2b6b044) Importer(2089858483,192608db42251d675da83286b1cce702) (ScriptedImporter) -> (artifact id: '7cab78c25aebdf5d28cd49d3a712de26') in 0.002539833 seconds
Number of updated asset objects reloaded before import = 0Number of asset objects unloaded after import = 2

========================================================================
Received Import Request.
  Time since last request: 0.000032 seconds.
  path: Assets/Sprites/Village/Tileset/MainLevBuild_151.asset
  artifactKey: Guid(4bb22e8f1611845429dc1c8a8ad87936) Importer(2089858483,192608db42251d675da83286b1cce702)
Start importing Assets/Sprites/Village/Tileset/MainLevBuild_151.asset using Guid(4bb22e8f1611845429dc1c8a8ad87936) Importer(2089858483,192608db42251d675da83286b1cce702) (ScriptedImporter) -> (artifact id: '384188536764396ffcd97605d625bb51') in 0.002575041 seconds
Number of updated asset objects reloaded before import = 0Number of asset objects unloaded after import = 2

========================================================================
Received Import Request.
  Time since last request: 0.000032 seconds.
  path: Assets/Sprites/Village/Tileset/MainLevBuild_227.asset
  artifactKey: Guid(168fc368749e84201b86abe36c254f1c) Importer(2089858483,192608db42251d675da83286b1cce702)
Start importing Assets/Sprites/Village/Tileset/MainLevBuild_227.asset using Guid(168fc368749e84201b86abe36c254f1c) Importer(2089858483,192608db42251d675da83286b1cce702) (ScriptedImporter) -> (artifact id: '4d7a2b9dd34426246f984a141537b4b2') in 0.002623042 seconds
Number of updated asset objects reloaded before import = 0Number of asset objects unloaded after import = 2

========================================================================
Received Import Request.
  Time since last request: 0.000029 seconds.
  path: Assets/Sprites/Village/Tileset/MainLevBuild_992.asset
  artifactKey: Guid(e1f5e8a05c2584eb7aafd4fdc3f07127) Importer(2089858483,192608db42251d675da83286b1cce702)
Start importing Assets/Sprites/Village/Tileset/MainLevBuild_992.asset using Guid(e1f5e8a05c2584eb7aafd4fdc3f07127) Importer(2089858483,192608db42251d675da83286b1cce702) (ScriptedImporter) -> (artifact id: '180aeeee52c2787abf7e187242fc2422') in 0.002749292 seconds
Number of updated asset objects reloaded before import = 0Number of asset objects unloaded after import = 2

========================================================================
Received Import Request.
  Time since last request: 0.000037 seconds.
  path: Assets/Sprites/Village/Tileset/MainLevBuild_990.asset
  artifactKey: Guid(a0ad0b749d18640b295db9e7ecbebaa8) Importer(2089858483,192608db42251d675da83286b1cce702)
Start importing Assets/Sprites/Village/Tileset/MainLevBuild_990.asset using Guid(a0ad0b749d18640b295db9e7ecbebaa8) Importer(2089858483,192608db42251d675da83286b1cce702) (ScriptedImporter) -> (artifact id: 'aa54c96b039166183685c4909c1e5606') in 0.002963792 seconds
Number of updated asset objects reloaded before import = 0Number of asset objects unloaded after import = 2

========================================================================
Received Import Request.
  Time since last request: 0.000044 seconds.
  path: Assets/Sprites/Village/Tileset/MainLevBuild_681.asset
  artifactKey: Guid(c3ac1eca09c71468fb673751fda3a499) Importer(2089858483,192608db42251d675da83286b1cce702)
Start importing Assets/Sprites/Village/Tileset/MainLevBuild_681.asset using Guid(c3ac1eca09c71468fb673751fda3a499) Importer(2089858483,192608db42251d675da83286b1cce702) (ScriptedImporter) -> (artifact id: 'ab96512e161b92e1e5e3f5c82e58523f') in 0.002494834 seconds
Number of updated asset objects reloaded before import = 0Number of asset objects unloaded after import = 2

========================================================================
Received Import Request.
  Time since last request: 0.000029 seconds.
  path: Assets/Sprites/Village/Tileset/MainLevBuild_115.asset
  artifactKey: Guid(0dc39d57f9c6347bbbe50540fde2c289) Importer(2089858483,192608db42251d675da83286b1cce702)
Start importing Assets/Sprites/Village/Tileset/MainLevBuild_115.asset using Guid(0dc39d57f9c6347bbbe50540fde2c289) Importer(2089858483,192608db42251d675da83286b1cce702) (ScriptedImporter) -> (artifact id: '2c286fad40a4ffbbd38ad62e6d8603f0') in 0.002560083 seconds
Number of updated asset objects reloaded before import = 0Number of asset objects unloaded after import = 2

========================================================================
Received Import Request.
  Time since last request: 0.000036 seconds.
  path: Assets/Sprites/Village/Tileset/MainLevBuild_767.asset
  artifactKey: Guid(2a0045d5419684ed19040e593e2952fe) Importer(2089858483,192608db42251d675da83286b1cce702)
Start importing Assets/Sprites/Village/Tileset/MainLevBuild_767.asset using Guid(2a0045d5419684ed19040e593e2952fe) Importer(2089858483,192608db42251d675da83286b1cce702) (ScriptedImporter) -> (artifact id: '21ade2c6d558330e59d26c8d1fd1ee4a') in 0.002815167 seconds
Number of updated asset objects reloaded before import = 0Number of asset objects unloaded after import = 2

========================================================================
Received Import Request.
  Time since last request: 0.000046 seconds.
  path: Assets/Sprites/Village/Tileset/MainLevBuild_408.asset
  artifactKey: Guid(595e6afc32291423985c7be67a8fb903) Importer(2089858483,192608db42251d675da83286b1cce702)
Start importing Assets/Sprites/Village/Tileset/MainLevBuild_408.asset using Guid(595e6afc32291423985c7be67a8fb903) Importer(2089858483,192608db42251d675da83286b1cce702) (ScriptedImporter) -> (artifact id: 'ab5f7fb0910583c568704e8c405a7113') in 0.002724709 seconds
Number of updated asset objects reloaded before import = 0Number of asset objects unloaded after import = 2

========================================================================
Received Import Request.
  Time since last request: 0.000054 seconds.
  path: Assets/Sprites/Village/Tileset/MainLevBuild_766.asset
  artifactKey: Guid(39a9c0d44470b4c07a4e5e035e1abc8d) Importer(2089858483,192608db42251d675da83286b1cce702)
Start importing Assets/Sprites/Village/Tileset/MainLevBuild_766.asset using Guid(39a9c0d44470b4c07a4e5e035e1abc8d) Importer(2089858483,192608db42251d675da83286b1cce702) (ScriptedImporter) -> (artifact id: '7932584478ce679300011b48133544c1') in 0.002855958 seconds
Number of updated asset objects reloaded before import = 0Number of asset objects unloaded after import = 2

========================================================================
Received Import Request.
  Time since last request: 0.000051 seconds.
  path: Assets/Sprites/Village/Tileset/MainLevBuild_385.asset
  artifactKey: Guid(4030a5de38b4543338ec75b4a90cf0cf) Importer(2089858483,192608db42251d675da83286b1cce702)
Start importing Assets/Sprites/Village/Tileset/MainLevBuild_385.asset using Guid(4030a5de38b4543338ec75b4a90cf0cf) Importer(2089858483,192608db42251d675da83286b1cce702) (ScriptedImporter) -> (artifact id: 'e074b7c3a481e425765e93b3a923f23b') in 0.002675667 seconds
Number of updated asset objects reloaded before import = 0Number of asset objects unloaded after import = 2

========================================================================
Received Import Request.
  Time since last request: 0.000049 seconds.
  path: Assets/Sprites/Village/Tileset/MainLevBuild_164.asset
  artifactKey: Guid(7b5d62c50bb344bd0b217e6a0ad96aff) Importer(2089858483,192608db42251d675da83286b1cce702)
Start importing Assets/Sprites/Village/Tileset/MainLevBuild_164.asset using Guid(7b5d62c50bb344bd0b217e6a0ad96aff) Importer(2089858483,192608db42251d675da83286b1cce702) (ScriptedImporter) -> (artifact id: '17252af604086a84d829db1368bf2336') in 0.004102834 seconds
Number of updated asset objects reloaded before import = 0Number of asset objects unloaded after import = 2

========================================================================
Received Import Request.
  Time since last request: 0.000030 seconds.
  path: Assets/Sprites/Village/Tileset/MainLevBuild_691.asset
  artifactKey: Guid(c657d5be762dc4890a260493e518f5dd) Importer(2089858483,192608db42251d675da83286b1cce702)
Start importing Assets/Sprites/Village/Tileset/MainLevBuild_691.asset using Guid(c657d5be762dc4890a260493e518f5dd) Importer(2089858483,192608db42251d675da83286b1cce702) (ScriptedImporter) -> (artifact id: 'cff917aea1e7d439635d20a32cb249d8') in 0.002765417 seconds
Number of updated asset objects reloaded before import = 0Number of asset objects unloaded after import = 2

========================================================================
Received Import Request.
  Time since last request: 0.000040 seconds.
  path: Assets/Sprites/Village/Tileset/MainLevBuild_182.asset
  artifactKey: Guid(3de2257b33fb94ee5b4162898048c4f2) Importer(2089858483,192608db42251d675da83286b1cce702)
Start importing Assets/Sprites/Village/Tileset/MainLevBuild_182.asset using Guid(3de2257b33fb94ee5b4162898048c4f2) Importer(2089858483,192608db42251d675da83286b1cce702) (ScriptedImporter) -> (artifact id: '36ef683b739dd069e9745cb3913ab8f3') in 0.002714208 seconds
Number of updated asset objects reloaded before import = 0Number of asset objects unloaded after import = 2

========================================================================
Received Import Request.
  Time since last request: 0.000035 seconds.
  path: Assets/Sprites/Village/Tileset/MainLevBuild_106.asset
  artifactKey: Guid(70ff8d3272a7f432d924dd4d7e7d6d5c) Importer(2089858483,192608db42251d675da83286b1cce702)
Start importing Assets/Sprites/Village/Tileset/MainLevBuild_106.asset using Guid(70ff8d3272a7f432d924dd4d7e7d6d5c) Importer(2089858483,192608db42251d675da83286b1cce702) (ScriptedImporter) -> (artifact id: '7a37938f6cabc4fc55b41eef575dbd75') in 0.002718708 seconds
Number of updated asset objects reloaded before import = 0Number of asset objects unloaded after import = 2

========================================================================
Received Import Request.
  Time since last request: 0.000033 seconds.
  path: Assets/Sprites/Village/Tileset/MainLevBuild_180.asset
  artifactKey: Guid(8b705c1e41ecc478ba99c89c64770230) Importer(2089858483,192608db42251d675da83286b1cce702)
Start importing Assets/Sprites/Village/Tileset/MainLevBuild_180.asset using Guid(8b705c1e41ecc478ba99c89c64770230) Importer(2089858483,192608db42251d675da83286b1cce702) (ScriptedImporter) -> (artifact id: '50f3bdcf7ba14132fdf550b588040ed4') in 0.002633 seconds
Number of updated asset objects reloaded before import = 0Number of asset objects unloaded after import = 2

========================================================================
Received Import Request.
  Time since last request: 0.000033 seconds.
  path: Assets/Sprites/Village/Tileset/MainLevBuild_437.asset
  artifactKey: Guid(212cbe32ff9794b888455d4b12e4eb7c) Importer(2089858483,192608db42251d675da83286b1cce702)
Start importing Assets/Sprites/Village/Tileset/MainLevBuild_437.asset using Guid(212cbe32ff9794b888455d4b12e4eb7c) Importer(2089858483,192608db42251d675da83286b1cce702) (ScriptedImporter) -> (artifact id: '66f0da4884bab4bf75f2d11a09fb4248') in 0.002670458 seconds
Number of updated asset objects reloaded before import = 0Number of asset objects unloaded after import = 2

========================================================================
Received Import Request.
  Time since last request: 0.000039 seconds.
  path: Assets/Sprites/Village/Tileset/MainLevBuild_1024.asset
  artifactKey: Guid(d9b4c4ec245064fe5ad0c9eca466542a) Importer(2089858483,192608db42251d675da83286b1cce702)
Start importing Assets/Sprites/Village/Tileset/MainLevBuild_1024.asset using Guid(d9b4c4ec245064fe5ad0c9eca466542a) Importer(2089858483,192608db42251d675da83286b1cce702) (ScriptedImporter) -> (artifact id: '484b9e9e930894b2854751bbcd44c255') in 0.003003125 seconds
Number of updated asset objects reloaded before import = 0Number of asset objects unloaded after import = 2

========================================================================
Received Import Request.
  Time since last request: 0.000035 seconds.
  path: Assets/Sprites/Village/Tileset/MainLevBuild_343.asset
  artifactKey: Guid(3b09fd47537cb43a994fe6a047c1afe3) Importer(2089858483,192608db42251d675da83286b1cce702)
Start importing Assets/Sprites/Village/Tileset/MainLevBuild_343.asset using Guid(3b09fd47537cb43a994fe6a047c1afe3) Importer(2089858483,192608db42251d675da83286b1cce702) (ScriptedImporter) -> (artifact id: '495af0ec191b1ad8c86fcf77cb806a2b') in 0.0027945 seconds
Number of updated asset objects reloaded before import = 0Number of asset objects unloaded after import = 2

========================================================================
Received Import Request.
  Time since last request: 0.000033 seconds.
  path: Assets/Sprites/Village/Tileset/MainLevBuild_861.asset
  artifactKey: Guid(cb7b9ce59051e493da63a82dd35f75a5) Importer(2089858483,192608db42251d675da83286b1cce702)
Start importing Assets/Sprites/Village/Tileset/MainLevBuild_861.asset using Guid(cb7b9ce59051e493da63a82dd35f75a5) Importer(2089858483,192608db42251d675da83286b1cce702) (ScriptedImporter) -> (artifact id: 'f71cbab90e3821a11f7c53f8a250374e') in 0.002844834 seconds
Number of updated asset objects reloaded before import = 0Number of asset objects unloaded after import = 2

========================================================================
Received Import Request.
  Time since last request: 0.000032 seconds.
  path: Assets/Sprites/Village/Tileset/MainLevBuild_444.asset
  artifactKey: Guid(7aa9dc6f393e74e63a4a3ae36d339edc) Importer(2089858483,192608db42251d675da83286b1cce702)
Start importing Assets/Sprites/Village/Tileset/MainLevBuild_444.asset using Guid(7aa9dc6f393e74e63a4a3ae36d339edc) Importer(2089858483,192608db42251d675da83286b1cce702) (ScriptedImporter) -> (artifact id: 'cdc6411ddb66f17952a8aff91eb588e4') in 0.002886667 seconds
Number of updated asset objects reloaded before import = 0Number of asset objects unloaded after import = 2

========================================================================
Received Import Request.
  Time since last request: 0.000042 seconds.
  path: Assets/Sprites/Village/Tileset/MainLevBuild_1002.asset
  artifactKey: Guid(18d52161ec32a41dd9bf2134461880a6) Importer(2089858483,192608db42251d675da83286b1cce702)
Start importing Assets/Sprites/Village/Tileset/MainLevBuild_1002.asset using Guid(18d52161ec32a41dd9bf2134461880a6) Importer(2089858483,192608db42251d675da83286b1cce702) (ScriptedImporter) -> (artifact id: '8d463b375b1fc4e000cbab66a166cd11') in 0.002780292 seconds
Number of updated asset objects reloaded before import = 0Number of asset objects unloaded after import = 2

========================================================================
Received Import Request.
  Time since last request: 0.000033 seconds.
  path: Assets/Sprites/Village/Tileset/MainLevBuild_914.asset
  artifactKey: Guid(c0383111c2a9e4156bc3aea9b4bb2139) Importer(2089858483,192608db42251d675da83286b1cce702)
Start importing Assets/Sprites/Village/Tileset/MainLevBuild_914.asset using Guid(c0383111c2a9e4156bc3aea9b4bb2139) Importer(2089858483,192608db42251d675da83286b1cce702) (ScriptedImporter) -> (artifact id: '81accb7d6046f8cff793b7603afdefca') in 0.002685959 seconds
Number of updated asset objects reloaded before import = 0Number of asset objects unloaded after import = 2

========================================================================
Received Import Request.
  Time since last request: 0.000031 seconds.
  path: Assets/Sprites/Village/Tileset/MainLevBuild_358.asset
  artifactKey: Guid(9f6af352b50d846c48013ca39205b095) Importer(2089858483,192608db42251d675da83286b1cce702)
Start importing Assets/Sprites/Village/Tileset/MainLevBuild_358.asset using Guid(9f6af352b50d846c48013ca39205b095) Importer(2089858483,192608db42251d675da83286b1cce702) (ScriptedImporter) -> (artifact id: '436ea5d81db41c3b56a17c340f483695') in 0.002947541 seconds
Number of updated asset objects reloaded before import = 0Number of asset objects unloaded after import = 2

========================================================================
Received Import Request.
  Time since last request: 0.000038 seconds.
  path: Assets/Sprites/Village/Tileset/MainLevBuild_274.asset
  artifactKey: Guid(8acbd0ec2cfc74a1c82298d3729be735) Importer(2089858483,192608db42251d675da83286b1cce702)
Start importing Assets/Sprites/Village/Tileset/MainLevBuild_274.asset using Guid(8acbd0ec2cfc74a1c82298d3729be735) Importer(2089858483,192608db42251d675da83286b1cce702) (ScriptedImporter) -> (artifact id: '30cc711bdcea77c0ec363fafd1fbf528') in 0.00429325 seconds
Number of updated asset objects reloaded before import = 0Number of asset objects unloaded after import = 2

========================================================================
Received Import Request.
  Time since last request: 0.000040 seconds.
  path: Assets/Sprites/Village/Tileset/MainLevBuild_876.asset
  artifactKey: Guid(3e4e65487e3fc4a9aa6015953a75b781) Importer(2089858483,192608db42251d675da83286b1cce702)
Start importing Assets/Sprites/Village/Tileset/MainLevBuild_876.asset using Guid(3e4e65487e3fc4a9aa6015953a75b781) Importer(2089858483,192608db42251d675da83286b1cce702) (ScriptedImporter) -> (artifact id: '208d16c7cd87fbce1ad4b1a11702c34f') in 0.002745459 seconds
Number of updated asset objects reloaded before import = 0Number of asset objects unloaded after import = 2

========================================================================
Received Import Request.
  Time since last request: 0.000028 seconds.
  path: Assets/Sprites/Village/Tileset/MainLevBuild_332.asset
  artifactKey: Guid(a37b13bc8c4f746278830411ecbbf483) Importer(2089858483,192608db42251d675da83286b1cce702)
Start importing Assets/Sprites/Village/Tileset/MainLevBuild_332.asset using Guid(a37b13bc8c4f746278830411ecbbf483) Importer(2089858483,192608db42251d675da83286b1cce702) (ScriptedImporter) -> (artifact id: 'c7f6143ea34e23f737b37b2918165bbf') in 0.002925 seconds
Number of updated asset objects reloaded before import = 0Number of asset objects unloaded after import = 2

========================================================================
Received Import Request.
  Time since last request: 0.000042 seconds.
  path: Assets/Sprites/Village/Tileset/MainLevBuild_507.asset
  artifactKey: Guid(2429c9660c037432fad6292dd2c26dcf) Importer(2089858483,192608db42251d675da83286b1cce702)
Start importing Assets/Sprites/Village/Tileset/MainLevBuild_507.asset using Guid(2429c9660c037432fad6292dd2c26dcf) Importer(2089858483,192608db42251d675da83286b1cce702) (ScriptedImporter) -> (artifact id: 'f9da8573c22149c47d6fdacf72197274') in 0.002682167 seconds
Number of updated asset objects reloaded before import = 0Number of asset objects unloaded after import = 2

========================================================================
Received Import Request.
  Time since last request: 0.000040 seconds.
  path: Assets/Sprites/Village/Tileset/MainLevBuild_70.asset
  artifactKey: Guid(7eda70be8abe040c193ea324967fff02) Importer(2089858483,192608db42251d675da83286b1cce702)
Start importing Assets/Sprites/Village/Tileset/MainLevBuild_70.asset using Guid(7eda70be8abe040c193ea324967fff02) Importer(2089858483,192608db42251d675da83286b1cce702) (ScriptedImporter) -> (artifact id: 'c927a1aeae1ea7e34afc27a8d8424f0b') in 0.002622417 seconds
Number of updated asset objects reloaded before import = 0Number of asset objects unloaded after import = 2

========================================================================
Received Import Request.
  Time since last request: 0.000033 seconds.
  path: Assets/Sprites/Village/Tileset/MainLevBuild_486.asset
  artifactKey: Guid(3b558523c5b32456c858a5d7345a85a7) Importer(2089858483,192608db42251d675da83286b1cce702)
Start importing Assets/Sprites/Village/Tileset/MainLevBuild_486.asset using Guid(3b558523c5b32456c858a5d7345a85a7) Importer(2089858483,192608db42251d675da83286b1cce702) (ScriptedImporter) -> (artifact id: '40d0e298ed0992c6c73e84987b8b95bc') in 0.002911584 seconds
Number of updated asset objects reloaded before import = 0Number of asset objects unloaded after import = 2

========================================================================
Received Import Request.
  Time since last request: 0.000030 seconds.
  path: Assets/Sprites/Village/Tileset/MainLevBuild_890.asset
  artifactKey: Guid(f9abd0daac98a4efbb9b2362e761bace) Importer(2089858483,192608db42251d675da83286b1cce702)
Start importing Assets/Sprites/Village/Tileset/MainLevBuild_890.asset using Guid(f9abd0daac98a4efbb9b2362e761bace) Importer(2089858483,192608db42251d675da83286b1cce702) (ScriptedImporter) -> (artifact id: '5f47837850e2cf1b82292e34316290b9') in 0.002577791 seconds
Number of updated asset objects reloaded before import = 0Number of asset objects unloaded after import = 2

========================================================================
Received Import Request.
  Time since last request: 0.000028 seconds.
  path: Assets/Sprites/Village/Tileset/MainLevBuild_452.asset
  artifactKey: Guid(d09c91ebfe254410c82ec181d9711b52) Importer(2089858483,192608db42251d675da83286b1cce702)
Start importing Assets/Sprites/Village/Tileset/MainLevBuild_452.asset using Guid(d09c91ebfe254410c82ec181d9711b52) Importer(2089858483,192608db42251d675da83286b1cce702) (ScriptedImporter) -> (artifact id: '91d4c661cda3746421b9cbf9d5190fe2') in 0.002570292 seconds
Number of updated asset objects reloaded before import = 0Number of asset objects unloaded after import = 2

========================================================================
Received Import Request.
  Time since last request: 0.000038 seconds.
  path: Assets/Sprites/Village/Tileset/MainLevBuild_132.asset
  artifactKey: Guid(75beef1c85a9645cd91e7418aaab57f7) Importer(2089858483,192608db42251d675da83286b1cce702)
Start importing Assets/Sprites/Village/Tileset/MainLevBuild_132.asset using Guid(75beef1c85a9645cd91e7418aaab57f7) Importer(2089858483,192608db42251d675da83286b1cce702) (ScriptedImporter) -> (artifact id: '767448ec8e62250e9d73cdd95d7227db') in 0.002647083 seconds
Number of updated asset objects reloaded before import = 0Number of asset objects unloaded after import = 2

========================================================================
Received Import Request.
  Time since last request: 0.000068 seconds.
  path: Assets/Sprites/Village/Tileset/MainLevBuild_663.asset
  artifactKey: Guid(4a0c1635d4f8b48b8bd85ceae5f81c04) Importer(2089858483,192608db42251d675da83286b1cce702)
Start importing Assets/Sprites/Village/Tileset/MainLevBuild_663.asset using Guid(4a0c1635d4f8b48b8bd85ceae5f81c04) Importer(2089858483,192608db42251d675da83286b1cce702) (ScriptedImporter) -> (artifact id: 'a2802277b1c3bfde6bf20ec97c0af4b3') in 0.002800917 seconds
Number of updated asset objects reloaded before import = 0Number of asset objects unloaded after import = 2

========================================================================
Received Import Request.
  Time since last request: 0.000031 seconds.
  path: Assets/Sprites/Village/Tileset/MainLevBuild_260.asset
  artifactKey: Guid(5463d6b66886745389edf7d2a1a772fc) Importer(2089858483,192608db42251d675da83286b1cce702)
Start importing Assets/Sprites/Village/Tileset/MainLevBuild_260.asset using Guid(5463d6b66886745389edf7d2a1a772fc) Importer(2089858483,192608db42251d675da83286b1cce702) (ScriptedImporter) -> (artifact id: 'b4262d8f2f167b32715f41b66ff296bb') in 0.002656542 seconds
Number of updated asset objects reloaded before import = 0Number of asset objects unloaded after import = 2

========================================================================
Received Import Request.
  Time since last request: 0.000031 seconds.
  path: Assets/Sprites/Village/Tileset/MainLevBuild_877.asset
  artifactKey: Guid(be3316f538ea14d7b827a0d71abd818a) Importer(2089858483,192608db42251d675da83286b1cce702)
Start importing Assets/Sprites/Village/Tileset/MainLevBuild_877.asset using Guid(be3316f538ea14d7b827a0d71abd818a) Importer(2089858483,192608db42251d675da83286b1cce702) (ScriptedImporter) -> (artifact id: '8f630e720ee7bd0af42f8ad218b14251') in 0.002617625 seconds
Number of updated asset objects reloaded before import = 0Number of asset objects unloaded after import = 2

========================================================================
Received Import Request.
  Time since last request: 0.000044 seconds.
  path: Assets/Sprites/Village/Tileset/MainLevBuild_580.asset
  artifactKey: Guid(982464db55d984888bce69856f7c3201) Importer(2089858483,192608db42251d675da83286b1cce702)
Start importing Assets/Sprites/Village/Tileset/MainLevBuild_580.asset using Guid(982464db55d984888bce69856f7c3201) Importer(2089858483,192608db42251d675da83286b1cce702) (ScriptedImporter) -> (artifact id: 'da935740c3b4064c09be637077743a6f') in 0.002623333 seconds
Number of updated asset objects reloaded before import = 0Number of asset objects unloaded after import = 2

========================================================================
Received Import Request.
  Time since last request: 0.000046 seconds.
  path: Assets/Sprites/Village/Tileset/MainLevBuild_137.asset
  artifactKey: Guid(4a5ec33e0f3b94a6798233de070ed96f) Importer(2089858483,192608db42251d675da83286b1cce702)
Start importing Assets/Sprites/Village/Tileset/MainLevBuild_137.asset using Guid(4a5ec33e0f3b94a6798233de070ed96f) Importer(2089858483,192608db42251d675da83286b1cce702) (ScriptedImporter) -> (artifact id: '2ada7e1c4f6da7058918b685523427a6') in 0.004113625 seconds
Number of updated asset objects reloaded before import = 0Number of asset objects unloaded after import = 2

========================================================================
Received Import Request.
  Time since last request: 0.000035 seconds.
  path: Assets/Sprites/Village/Tileset/MainLevBuild_267.asset
  artifactKey: Guid(47abd250fdeb34a9c871abfdbf2c0471) Importer(2089858483,192608db42251d675da83286b1cce702)
Start importing Assets/Sprites/Village/Tileset/MainLevBuild_267.asset using Guid(47abd250fdeb34a9c871abfdbf2c0471) Importer(2089858483,192608db42251d675da83286b1cce702) (ScriptedImporter) -> (artifact id: '9a2ea9cd21ce01c6a897c7199d4f8a0e') in 0.002467792 seconds
Number of updated asset objects reloaded before import = 0Number of asset objects unloaded after import = 2

========================================================================
Received Import Request.
  Time since last request: 0.000038 seconds.
  path: Assets/Sprites/Village/Tileset/MainLevBuild_197.asset
  artifactKey: Guid(61cfeb45e4b4a4f4ab1fb5c2e27a5b02) Importer(2089858483,192608db42251d675da83286b1cce702)
Start importing Assets/Sprites/Village/Tileset/MainLevBuild_197.asset using Guid(61cfeb45e4b4a4f4ab1fb5c2e27a5b02) Importer(2089858483,192608db42251d675da83286b1cce702) (ScriptedImporter) -> (artifact id: '4ddeb7f8eb51b11db52bc65d1478a1a1') in 0.00256375 seconds
Number of updated asset objects reloaded before import = 0Number of asset objects unloaded after import = 2

========================================================================
Received Import Request.
  Time since last request: 0.000078 seconds.
  path: Assets/Sprites/Village/Tileset/MainLevBuild_973.asset
  artifactKey: Guid(a813f09b49250448ca798afd6b528ed7) Importer(2089858483,192608db42251d675da83286b1cce702)
Start importing Assets/Sprites/Village/Tileset/MainLevBuild_973.asset using Guid(a813f09b49250448ca798afd6b528ed7) Importer(2089858483,192608db42251d675da83286b1cce702) (ScriptedImporter) -> (artifact id: 'aad38a1190feb3605dd69aceec767055') in 0.002840292 seconds
Number of updated asset objects reloaded before import = 0Number of asset objects unloaded after import = 2

========================================================================
Received Import Request.
  Time since last request: 0.000044 seconds.
  path: Assets/Sprites/Village/Tileset/MainLevBuild_107.asset
  artifactKey: Guid(53b3c9a08f8bf4112a8dd25cf6ff66ae) Importer(2089858483,192608db42251d675da83286b1cce702)
Start importing Assets/Sprites/Village/Tileset/MainLevBuild_107.asset using Guid(53b3c9a08f8bf4112a8dd25cf6ff66ae) Importer(2089858483,192608db42251d675da83286b1cce702) (ScriptedImporter) -> (artifact id: '5daccd165fbb63e8077615f69156e94d') in 0.002775334 seconds
Number of updated asset objects reloaded before import = 0Number of asset objects unloaded after import = 2

========================================================================
Received Import Request.
  Time since last request: 0.000038 seconds.
  path: Assets/Sprites/Village/Tileset/MainLevBuild_734.asset
  artifactKey: Guid(9b034dbfb47564862b376c76101c0802) Importer(2089858483,192608db42251d675da83286b1cce702)
Start importing Assets/Sprites/Village/Tileset/MainLevBuild_734.asset using Guid(9b034dbfb47564862b376c76101c0802) Importer(2089858483,192608db42251d675da83286b1cce702) (ScriptedImporter) -> (artifact id: '4d2b2e6b5d657866b66519dde6830e54') in 0.002648625 seconds
Number of updated asset objects reloaded before import = 0Number of asset objects unloaded after import = 2

========================================================================
Received Import Request.
  Time since last request: 0.000029 seconds.
  path: Assets/Sprites/Village/Tileset/MainLevBuild_549.asset
  artifactKey: Guid(8866589f2350245f6835eed5daa99a54) Importer(2089858483,192608db42251d675da83286b1cce702)
Start importing Assets/Sprites/Village/Tileset/MainLevBuild_549.asset using Guid(8866589f2350245f6835eed5daa99a54) Importer(2089858483,192608db42251d675da83286b1cce702) (ScriptedImporter) -> (artifact id: '749762148bc9e2d828d1df7bdee3031f') in 0.002628583 seconds
Number of updated asset objects reloaded before import = 0Number of asset objects unloaded after import = 2

========================================================================
Received Import Request.
  Time since last request: 0.000055 seconds.
  path: Assets/Sprites/Village/Tileset/MainLevBuild_723.asset
  artifactKey: Guid(d866548fec8e24d1eb8718a1880f0583) Importer(2089858483,192608db42251d675da83286b1cce702)
Start importing Assets/Sprites/Village/Tileset/MainLevBuild_723.asset using Guid(d866548fec8e24d1eb8718a1880f0583) Importer(2089858483,192608db42251d675da83286b1cce702) (ScriptedImporter) -> (artifact id: '980accdb81d68928ae359da91085b95c') in 0.00288925 seconds
Number of updated asset objects reloaded before import = 0Number of asset objects unloaded after import = 2

========================================================================
Received Import Request.
  Time since last request: 0.000032 seconds.
  path: Assets/Sprites/Village/Tileset/MainLevBuild_658.asset
  artifactKey: Guid(69836c74a9b6e4ba284ecb8add371a23) Importer(2089858483,192608db42251d675da83286b1cce702)
Start importing Assets/Sprites/Village/Tileset/MainLevBuild_658.asset using Guid(69836c74a9b6e4ba284ecb8add371a23) Importer(2089858483,192608db42251d675da83286b1cce702) (ScriptedImporter) -> (artifact id: 'ce39d35cfaa150f01efd85718d850471') in 0.002560375 seconds
Number of updated asset objects reloaded before import = 0Number of asset objects unloaded after import = 2

========================================================================
Received Import Request.
  Time since last request: 0.000036 seconds.
  path: Assets/Sprites/Village/Tileset/MainLevBuild_555.asset
  artifactKey: Guid(4b265ccdcfb724844a6889ef4c6a959b) Importer(2089858483,192608db42251d675da83286b1cce702)
Start importing Assets/Sprites/Village/Tileset/MainLevBuild_555.asset using Guid(4b265ccdcfb724844a6889ef4c6a959b) Importer(2089858483,192608db42251d675da83286b1cce702) (ScriptedImporter) -> (artifact id: '0bc51d9dc37c900684d5922e0bb505b7') in 0.002615334 seconds
Number of updated asset objects reloaded before import = 0Number of asset objects unloaded after import = 2

========================================================================
Received Import Request.
  Time since last request: 0.000031 seconds.
  path: Assets/Sprites/Village/Tileset/MainLevBuild_313.asset
  artifactKey: Guid(acf78a3921e294174a20251ede9720f3) Importer(2089858483,192608db42251d675da83286b1cce702)
Start importing Assets/Sprites/Village/Tileset/MainLevBuild_313.asset using Guid(acf78a3921e294174a20251ede9720f3) Importer(2089858483,192608db42251d675da83286b1cce702) (ScriptedImporter) -> (artifact id: '795df5d284ff140a69696aeb65f5f787') in 0.002726333 seconds
Number of updated asset objects reloaded before import = 0Number of asset objects unloaded after import = 2

========================================================================
Received Import Request.
  Time since last request: 0.000039 seconds.
  path: Assets/Sprites/Village/Tileset/MainLevBuild_245.asset
  artifactKey: Guid(0cc791d97637c490c849b34b05b59902) Importer(2089858483,192608db42251d675da83286b1cce702)
Start importing Assets/Sprites/Village/Tileset/MainLevBuild_245.asset using Guid(0cc791d97637c490c849b34b05b59902) Importer(2089858483,192608db42251d675da83286b1cce702) (ScriptedImporter) -> (artifact id: 'db1bf9ea01ef6f92f98ffa95b4a04601') in 0.002677875 seconds
Number of updated asset objects reloaded before import = 0Number of asset objects unloaded after import = 2

========================================================================
Received Import Request.
  Time since last request: 0.000027 seconds.
  path: Assets/Sprites/Village/Tileset/MainLevBuild_103.asset
  artifactKey: Guid(3ee9c3e06b3ee41a5a96c9aa036c5b02) Importer(2089858483,192608db42251d675da83286b1cce702)
Start importing Assets/Sprites/Village/Tileset/MainLevBuild_103.asset using Guid(3ee9c3e06b3ee41a5a96c9aa036c5b02) Importer(2089858483,192608db42251d675da83286b1cce702) (ScriptedImporter) -> (artifact id: '0db3ea37bcbde772dffd2782f760f578') in 0.002786041 seconds
Number of updated asset objects reloaded before import = 0Number of asset objects unloaded after import = 2

========================================================================
Received Import Request.
  Time since last request: 0.000032 seconds.
  path: Assets/Sprites/Village/Tileset/MainLevBuild_60.asset
  artifactKey: Guid(4ee5e1cf2aba94823a7ace3d9573fe27) Importer(2089858483,192608db42251d675da83286b1cce702)
Start importing Assets/Sprites/Village/Tileset/MainLevBuild_60.asset using Guid(4ee5e1cf2aba94823a7ace3d9573fe27) Importer(2089858483,192608db42251d675da83286b1cce702) (ScriptedImporter) -> (artifact id: '738381fd0cedeef4b4343eba5868ac26') in 0.004094625 seconds
Number of updated asset objects reloaded before import = 0Number of asset objects unloaded after import = 2

========================================================================
Received Import Request.
  Time since last request: 0.000032 seconds.
  path: Assets/Sprites/Village/Tileset/MainLevBuild_672.asset
  artifactKey: Guid(3cb3df5a29fe04a658911190e2955245) Importer(2089858483,192608db42251d675da83286b1cce702)
Start importing Assets/Sprites/Village/Tileset/MainLevBuild_672.asset using Guid(3cb3df5a29fe04a658911190e2955245) Importer(2089858483,192608db42251d675da83286b1cce702) (ScriptedImporter) -> (artifact id: '46a090ecbc1ac0b6b7754cd1f0f59494') in 0.002820167 seconds
Number of updated asset objects reloaded before import = 0Number of asset objects unloaded after import = 2

========================================================================
Received Import Request.
  Time since last request: 0.000055 seconds.
  path: Assets/Sprites/Village/Tileset/MainLevBuild_536.asset
  artifactKey: Guid(a4a2992938f3c4b0ca73a96e57d233ac) Importer(2089858483,192608db42251d675da83286b1cce702)
Start importing Assets/Sprites/Village/Tileset/MainLevBuild_536.asset using Guid(a4a2992938f3c4b0ca73a96e57d233ac) Importer(2089858483,192608db42251d675da83286b1cce702) (ScriptedImporter) -> (artifact id: '936a7ddf1a3c700a9dd941885f8178c5') in 0.002714916 seconds
Number of updated asset objects reloaded before import = 0Number of asset objects unloaded after import = 2

========================================================================
Received Import Request.
  Time since last request: 0.000034 seconds.
  path: Assets/Sprites/Village/Tileset/MainLevBuild_166.asset
  artifactKey: Guid(915aa3409004f446da1061be66ec2c61) Importer(2089858483,192608db42251d675da83286b1cce702)
Start importing Assets/Sprites/Village/Tileset/MainLevBuild_166.asset using Guid(915aa3409004f446da1061be66ec2c61) Importer(2089858483,192608db42251d675da83286b1cce702) (ScriptedImporter) -> (artifact id: 'b4776a6501d93d83d44e8a211a039fb1') in 0.002538792 seconds
Number of updated asset objects reloaded before import = 0Number of asset objects unloaded after import = 2

========================================================================
Received Import Request.
  Time since last request: 0.000031 seconds.
  path: Assets/Sprites/Village/Tileset/MainLevBuild_632.asset
  artifactKey: Guid(e578848846c30410abb6e1aafe7720b2) Importer(2089858483,192608db42251d675da83286b1cce702)
Start importing Assets/Sprites/Village/Tileset/MainLevBuild_632.asset using Guid(e578848846c30410abb6e1aafe7720b2) Importer(2089858483,192608db42251d675da83286b1cce702) (ScriptedImporter) -> (artifact id: 'cbd1764e5b55b99cf2e7a02d60a8b9cc') in 0.00228025 seconds
Number of updated asset objects reloaded before import = 0Number of asset objects unloaded after import = 2

========================================================================
Received Import Request.
  Time since last request: 0.000033 seconds.
  path: Assets/Sprites/Village/Tileset/MainLevBuild_423.asset
  artifactKey: Guid(eb5246289d86d4484a9adb5bf80bcc3a) Importer(2089858483,192608db42251d675da83286b1cce702)
Start importing Assets/Sprites/Village/Tileset/MainLevBuild_423.asset using Guid(eb5246289d86d4484a9adb5bf80bcc3a) Importer(2089858483,192608db42251d675da83286b1cce702) (ScriptedImporter) -> (artifact id: '83ef3caf9b6c38457214e75174b3ab10') in 0.002280875 seconds
Number of updated asset objects reloaded before import = 0Number of asset objects unloaded after import = 2

========================================================================
Received Import Request.
  Time since last request: 0.000034 seconds.
  path: Assets/Sprites/Village/Tileset/MainLevBuild_756.asset
  artifactKey: Guid(2e4307716b907451cb537f1882437c24) Importer(2089858483,192608db42251d675da83286b1cce702)
Start importing Assets/Sprites/Village/Tileset/MainLevBuild_756.asset using Guid(2e4307716b907451cb537f1882437c24) Importer(2089858483,192608db42251d675da83286b1cce702) (ScriptedImporter) -> (artifact id: '554a78179d47d99f1b1dcc9cb41ddc05') in 0.002378375 seconds
Number of updated asset objects reloaded before import = 0Number of asset objects unloaded after import = 2

========================================================================
Received Import Request.
  Time since last request: 0.000048 seconds.
  path: Assets/Sprites/Village/Tileset/MainLevBuild_466.asset
  artifactKey: Guid(e6f7f3cc19de4428f9c20b9d1321a7ee) Importer(2089858483,192608db42251d675da83286b1cce702)
Start importing Assets/Sprites/Village/Tileset/MainLevBuild_466.asset using Guid(e6f7f3cc19de4428f9c20b9d1321a7ee) Importer(2089858483,192608db42251d675da83286b1cce702) (ScriptedImporter) -> (artifact id: 'e73f7301572aa0fee79937a03c9050b9') in 0.002304917 seconds
Number of updated asset objects reloaded before import = 0Number of asset objects unloaded after import = 2

========================================================================
Received Import Request.
  Time since last request: 0.000035 seconds.
  path: Assets/Sprites/Village/Tileset/MainLevBuild_421.asset
  artifactKey: Guid(b54ae8e1f8cad46fb97e6409e3ab28da) Importer(2089858483,192608db42251d675da83286b1cce702)
Start importing Assets/Sprites/Village/Tileset/MainLevBuild_421.asset using Guid(b54ae8e1f8cad46fb97e6409e3ab28da) Importer(2089858483,192608db42251d675da83286b1cce702) (ScriptedImporter) -> (artifact id: '433959f20c0b4aa1f3838fb04c8ddefb') in 0.002368542 seconds
Number of updated asset objects reloaded before import = 0Number of asset objects unloaded after import = 2

========================================================================
Received Import Request.
  Time since last request: 0.000037 seconds.
  path: Assets/Sprites/Village/Tileset/MainLevBuild_499.asset
  artifactKey: Guid(7804f4f7e1ae544c7b02844eb64a5d51) Importer(2089858483,192608db42251d675da83286b1cce702)
Start importing Assets/Sprites/Village/Tileset/MainLevBuild_499.asset using Guid(7804f4f7e1ae544c7b02844eb64a5d51) Importer(2089858483,192608db42251d675da83286b1cce702) (ScriptedImporter) -> (artifact id: '1987d00448f16cde5a6cfc6297275a19') in 0.002195083 seconds
Number of updated asset objects reloaded before import = 0Number of asset objects unloaded after import = 2

========================================================================
Received Import Request.
  Time since last request: 0.000029 seconds.
  path: Assets/Sprites/Village/Tileset/MainLevBuild_387.asset
  artifactKey: Guid(24309935e5c9b4894b7890c87afd3285) Importer(2089858483,192608db42251d675da83286b1cce702)
Start importing Assets/Sprites/Village/Tileset/MainLevBuild_387.asset using Guid(24309935e5c9b4894b7890c87afd3285) Importer(2089858483,192608db42251d675da83286b1cce702) (ScriptedImporter) -> (artifact id: 'ad9b142a1753cdf2e6b7fc8c5eab4028') in 0.002145583 seconds
Number of updated asset objects reloaded before import = 0Number of asset objects unloaded after import = 2

========================================================================
Received Import Request.
  Time since last request: 0.000032 seconds.
  path: Assets/Sprites/Village/Tileset/MainLevBuild_73.asset
  artifactKey: Guid(2260a3f56e07f430aa3cd6e1359422b0) Importer(2089858483,192608db42251d675da83286b1cce702)
Start importing Assets/Sprites/Village/Tileset/MainLevBuild_73.asset using Guid(2260a3f56e07f430aa3cd6e1359422b0) Importer(2089858483,192608db42251d675da83286b1cce702) (ScriptedImporter) -> (artifact id: 'be5dbe3a26c68be020f397d774563162') in 0.002548333 seconds
Number of updated asset objects reloaded before import = 0Number of asset objects unloaded after import = 2

========================================================================
Received Import Request.
  Time since last request: 0.000038 seconds.
  path: Assets/Sprites/Village/Tileset/MainLevBuild_347.asset
  artifactKey: Guid(cee040b3617524c8bacaf5be8daeb607) Importer(2089858483,192608db42251d675da83286b1cce702)
Start importing Assets/Sprites/Village/Tileset/MainLevBuild_347.asset using Guid(cee040b3617524c8bacaf5be8daeb607) Importer(2089858483,192608db42251d675da83286b1cce702) (ScriptedImporter) -> (artifact id: '587068ca4b76334d25ab0b9cb1328bd2') in 0.002646 seconds
Number of updated asset objects reloaded before import = 0Number of asset objects unloaded after import = 2

========================================================================
Received Import Request.
  Time since last request: 0.000056 seconds.
  path: Assets/Sprites/Village/Tileset/MainLevBuild_630.asset
  artifactKey: Guid(5340b73ed828d489aba12566cdcdb77d) Importer(2089858483,192608db42251d675da83286b1cce702)
Start importing Assets/Sprites/Village/Tileset/MainLevBuild_630.asset using Guid(5340b73ed828d489aba12566cdcdb77d) Importer(2089858483,192608db42251d675da83286b1cce702) (ScriptedImporter) -> (artifact id: '60eaf74778524309dbd20570b9e7a787') in 0.00399275 seconds
Number of updated asset objects reloaded before import = 0Number of asset objects unloaded after import = 2

========================================================================
Received Import Request.
  Time since last request: 0.000043 seconds.
  path: Assets/Sprites/Village/Tileset/MainLevBuild_789.asset
  artifactKey: Guid(dd6aa7070a4074335afbd2704b2817c3) Importer(2089858483,192608db42251d675da83286b1cce702)
Start importing Assets/Sprites/Village/Tileset/MainLevBuild_789.asset using Guid(dd6aa7070a4074335afbd2704b2817c3) Importer(2089858483,192608db42251d675da83286b1cce702) (ScriptedImporter) -> (artifact id: 'a0694e3879ff7a43318368ef84bd0497') in 0.002489 seconds
Number of updated asset objects reloaded before import = 0Number of asset objects unloaded after import = 2

========================================================================
Received Import Request.
  Time since last request: 0.000114 seconds.
  path: Assets/Sprites/Village/Tileset/MainLevBuild_295.asset
  artifactKey: Guid(90003a4af3dd945dc8d5bc50ce8eabd0) Importer(2089858483,192608db42251d675da83286b1cce702)
Start importing Assets/Sprites/Village/Tileset/MainLevBuild_295.asset using Guid(90003a4af3dd945dc8d5bc50ce8eabd0) Importer(2089858483,192608db42251d675da83286b1cce702) (ScriptedImporter) -> (artifact id: 'c4fc8789f66178e645ad0dcbcc84591c') in 0.002512625 seconds
Number of updated asset objects reloaded before import = 0Number of asset objects unloaded after import = 2

========================================================================
Received Import Request.
  Time since last request: 0.000028 seconds.
  path: Assets/Sprites/Village/Tileset/MainLevBuild_671.asset
  artifactKey: Guid(e4da16d614f3d4ee7b4404cf6758e919) Importer(2089858483,192608db42251d675da83286b1cce702)
Start importing Assets/Sprites/Village/Tileset/MainLevBuild_671.asset using Guid(e4da16d614f3d4ee7b4404cf6758e919) Importer(2089858483,192608db42251d675da83286b1cce702) (ScriptedImporter) -> (artifact id: '7369d7de8cfce03ccc26993427a50304') in 0.00240375 seconds
Number of updated asset objects reloaded before import = 0Number of asset objects unloaded after import = 2

========================================================================
Received Import Request.
  Time since last request: 0.000025 seconds.
  path: Assets/Sprites/Village/Tileset/MainLevBuild_802.asset
  artifactKey: Guid(7657410c1eabf42ef9a424e41b8a3870) Importer(2089858483,192608db42251d675da83286b1cce702)
Start importing Assets/Sprites/Village/Tileset/MainLevBuild_802.asset using Guid(7657410c1eabf42ef9a424e41b8a3870) Importer(2089858483,192608db42251d675da83286b1cce702) (ScriptedImporter) -> (artifact id: '11d585ad239606c8c524091da280aaba') in 0.002582542 seconds
Number of updated asset objects reloaded before import = 0Number of asset objects unloaded after import = 2

========================================================================
Received Import Request.
  Time since last request: 0.000036 seconds.
  path: Assets/Sprites/Village/Tileset/MainLevBuild_971.asset
  artifactKey: Guid(8445361a9ecac4fbaa8fb53db69c0c5e) Importer(2089858483,192608db42251d675da83286b1cce702)
Start importing Assets/Sprites/Village/Tileset/MainLevBuild_971.asset using Guid(8445361a9ecac4fbaa8fb53db69c0c5e) Importer(2089858483,192608db42251d675da83286b1cce702) (ScriptedImporter) -> (artifact id: '3c1f0f27020378ef2f7b3a9f1e894546') in 0.002585666 seconds
Number of updated asset objects reloaded before import = 0Number of asset objects unloaded after import = 2

========================================================================
Received Import Request.
  Time since last request: 0.000033 seconds.
  path: Assets/Sprites/Village/Tileset/MainLevBuild_653.asset
  artifactKey: Guid(cbe6f30dbf1e64c8280dd04ed28134d6) Importer(2089858483,192608db42251d675da83286b1cce702)
Start importing Assets/Sprites/Village/Tileset/MainLevBuild_653.asset using Guid(cbe6f30dbf1e64c8280dd04ed28134d6) Importer(2089858483,192608db42251d675da83286b1cce702) (ScriptedImporter) -> (artifact id: '3dc4a344b2c95524214f4644d81895a2') in 0.00233975 seconds
Number of updated asset objects reloaded before import = 0Number of asset objects unloaded after import = 2

========================================================================
Received Import Request.
  Time since last request: 0.000030 seconds.
  path: Assets/Sprites/Village/Tileset/MainLevBuild_730.asset
  artifactKey: Guid(031aa37b7b55d434292721150b4bc679) Importer(2089858483,192608db42251d675da83286b1cce702)
Start importing Assets/Sprites/Village/Tileset/MainLevBuild_730.asset using Guid(031aa37b7b55d434292721150b4bc679) Importer(2089858483,192608db42251d675da83286b1cce702) (ScriptedImporter) -> (artifact id: 'ff5b08b779388e80fcaedc9af3d47048') in 0.002427209 seconds
Number of updated asset objects reloaded before import = 0Number of asset objects unloaded after import = 2

========================================================================
Received Import Request.
  Time since last request: 0.000029 seconds.
  path: Assets/Sprites/Village/Tileset/MainLevBuild_1056.asset
  artifactKey: Guid(5d831c27599bd4a56a9425a27d91a354) Importer(2089858483,192608db42251d675da83286b1cce702)
Start importing Assets/Sprites/Village/Tileset/MainLevBuild_1056.asset using Guid(5d831c27599bd4a56a9425a27d91a354) Importer(2089858483,192608db42251d675da83286b1cce702) (ScriptedImporter) -> (artifact id: '732dba830241cb6a89b9c57e915da772') in 0.002816041 seconds
Number of updated asset objects reloaded before import = 0Number of asset objects unloaded after import = 2

========================================================================
Received Import Request.
  Time since last request: 0.000074 seconds.
  path: Assets/Sprites/Village/Tileset/MainLevBuild_942.asset
  artifactKey: Guid(a773e5bff7b7845d49060f04372c2f4f) Importer(2089858483,192608db42251d675da83286b1cce702)
Start importing Assets/Sprites/Village/Tileset/MainLevBuild_942.asset using Guid(a773e5bff7b7845d49060f04372c2f4f) Importer(2089858483,192608db42251d675da83286b1cce702) (ScriptedImporter) -> (artifact id: 'ec986ce330990b89e775549eeaeb8e05') in 0.002725875 seconds
Number of updated asset objects reloaded before import = 0Number of asset objects unloaded after import = 2

========================================================================
Received Import Request.
  Time since last request: 0.000032 seconds.
  path: Assets/Sprites/Village/Tileset/MainLevBuild_711.asset
  artifactKey: Guid(f191eaf2ece6d462e8d5f70ee3c76133) Importer(2089858483,192608db42251d675da83286b1cce702)
Start importing Assets/Sprites/Village/Tileset/MainLevBuild_711.asset using Guid(f191eaf2ece6d462e8d5f70ee3c76133) Importer(2089858483,192608db42251d675da83286b1cce702) (ScriptedImporter) -> (artifact id: 'c63fa3add4106eaa3dc892a3fd299277') in 0.00266375 seconds
Number of updated asset objects reloaded before import = 0Number of asset objects unloaded after import = 2

========================================================================
Received Import Request.
  Time since last request: 0.000033 seconds.
  path: Assets/Sprites/Village/Tileset/MainLevBuild_554.asset
  artifactKey: Guid(f3988940b8c4241058631fa1a3b68f52) Importer(2089858483,192608db42251d675da83286b1cce702)
Start importing Assets/Sprites/Village/Tileset/MainLevBuild_554.asset using Guid(f3988940b8c4241058631fa1a3b68f52) Importer(2089858483,192608db42251d675da83286b1cce702) (ScriptedImporter) -> (artifact id: '6feb9089c4b4b37dac0810d83f1b7979') in 0.0025255 seconds
Number of updated asset objects reloaded before import = 0Number of asset objects unloaded after import = 2

========================================================================
Received Import Request.
  Time since last request: 0.000032 seconds.
  path: Assets/Sprites/Village/Tileset/MainLevBuild_176.asset
  artifactKey: Guid(353ee80de41f641aaa30eeed46457cea) Importer(2089858483,192608db42251d675da83286b1cce702)
Start importing Assets/Sprites/Village/Tileset/MainLevBuild_176.asset using Guid(353ee80de41f641aaa30eeed46457cea) Importer(2089858483,192608db42251d675da83286b1cce702) (ScriptedImporter) -> (artifact id: '52ff77a2bd7c3e01678c2345bc2e96da') in 0.002681042 seconds
Number of updated asset objects reloaded before import = 0Number of asset objects unloaded after import = 2

========================================================================
Received Import Request.
  Time since last request: 0.000033 seconds.
  path: Assets/Sprites/Village/Tileset/MainLevBuild_90.asset
  artifactKey: Guid(c02011c1c2ee54be4be69607a1bc13c3) Importer(2089858483,192608db42251d675da83286b1cce702)
Start importing Assets/Sprites/Village/Tileset/MainLevBuild_90.asset using Guid(c02011c1c2ee54be4be69607a1bc13c3) Importer(2089858483,192608db42251d675da83286b1cce702) (ScriptedImporter) -> (artifact id: 'f5a2ef79a8f2ec0ec83c0d2ea290e9a2') in 0.004050541 seconds
Number of updated asset objects reloaded before import = 0Number of asset objects unloaded after import = 2

========================================================================
Received Import Request.
  Time since last request: 0.000029 seconds.
  path: Assets/Sprites/Village/Tileset/MainLevBuild_872.asset
  artifactKey: Guid(66c3ae8a52e01438f8e4870912b17ed0) Importer(2089858483,192608db42251d675da83286b1cce702)
Start importing Assets/Sprites/Village/Tileset/MainLevBuild_872.asset using Guid(66c3ae8a52e01438f8e4870912b17ed0) Importer(2089858483,192608db42251d675da83286b1cce702) (ScriptedImporter) -> (artifact id: '041fabc2d66a236f1b0c9d2a4c5d0d2e') in 0.002445917 seconds
Number of updated asset objects reloaded before import = 0Number of asset objects unloaded after import = 2

========================================================================
Received Import Request.
  Time since last request: 0.000035 seconds.
  path: Assets/Sprites/Village/Tileset/MainLevBuild_1037.asset
  artifactKey: Guid(5b12afe9819a74624978b55675a2da29) Importer(2089858483,192608db42251d675da83286b1cce702)
Start importing Assets/Sprites/Village/Tileset/MainLevBuild_1037.asset using Guid(5b12afe9819a74624978b55675a2da29) Importer(2089858483,192608db42251d675da83286b1cce702) (ScriptedImporter) -> (artifact id: 'ed9de428b7adbb6328500926d3f9a17f') in 0.002638041 seconds
Number of updated asset objects reloaded before import = 0Number of asset objects unloaded after import = 2

========================================================================
Received Import Request.
  Time since last request: 0.000035 seconds.
  path: Assets/Sprites/Village/Tileset/MainLevBuild_968.asset
  artifactKey: Guid(f4f5f53bdb81f47bb9efbec83c3f58d0) Importer(2089858483,192608db42251d675da83286b1cce702)
Start importing Assets/Sprites/Village/Tileset/MainLevBuild_968.asset using Guid(f4f5f53bdb81f47bb9efbec83c3f58d0) Importer(2089858483,192608db42251d675da83286b1cce702) (ScriptedImporter) -> (artifact id: '8ce1ede3cc37ac8eecb2614a102e98cf') in 0.002503875 seconds
Number of updated asset objects reloaded before import = 0Number of asset objects unloaded after import = 2

========================================================================
Received Import Request.
  Time since last request: 0.000034 seconds.
  path: Assets/Sprites/Village/Tileset/MainLevBuild_649.asset
  artifactKey: Guid(10aab686d23fd4588b4f5268114a3259) Importer(2089858483,192608db42251d675da83286b1cce702)
Start importing Assets/Sprites/Village/Tileset/MainLevBuild_649.asset using Guid(10aab686d23fd4588b4f5268114a3259) Importer(2089858483,192608db42251d675da83286b1cce702) (ScriptedImporter) -> (artifact id: 'e6f7ef5d4ce15d37d592bf80c5fc3700') in 0.002872875 seconds
Number of updated asset objects reloaded before import = 0Number of asset objects unloaded after import = 2

========================================================================
Received Import Request.
  Time since last request: 0.000039 seconds.
  path: Assets/Sprites/Village/Tileset/MainLevBuild_1057.asset
  artifactKey: Guid(5cad0c3e3f25d439888ad786f8d42fa3) Importer(2089858483,192608db42251d675da83286b1cce702)
Start importing Assets/Sprites/Village/Tileset/MainLevBuild_1057.asset using Guid(5cad0c3e3f25d439888ad786f8d42fa3) Importer(2089858483,192608db42251d675da83286b1cce702) (ScriptedImporter) -> (artifact id: '4279d5d87b2602ca4e44f6ff0d593854') in 0.002720042 seconds
Number of updated asset objects reloaded before import = 0Number of asset objects unloaded after import = 2

========================================================================
Received Import Request.
  Time since last request: 0.000034 seconds.
  path: Assets/Sprites/Village/Tileset/MainLevBuild_933.asset
  artifactKey: Guid(30ec04eb48f4444e3934be7a0859d4b6) Importer(2089858483,192608db42251d675da83286b1cce702)
Start importing Assets/Sprites/Village/Tileset/MainLevBuild_933.asset using Guid(30ec04eb48f4444e3934be7a0859d4b6) Importer(2089858483,192608db42251d675da83286b1cce702) (ScriptedImporter) -> (artifact id: '862d4c34b9e729beb56a6a348516f2e9') in 0.00272825 seconds
Number of updated asset objects reloaded before import = 0Number of asset objects unloaded after import = 2

========================================================================
Received Import Request.
  Time since last request: 0.000037 seconds.
  path: Assets/Sprites/Village/Tileset/MainLevBuild_810.asset
  artifactKey: Guid(4170a4536074f44a293e193476752efc) Importer(2089858483,192608db42251d675da83286b1cce702)
Start importing Assets/Sprites/Village/Tileset/MainLevBuild_810.asset using Guid(4170a4536074f44a293e193476752efc) Importer(2089858483,192608db42251d675da83286b1cce702) (ScriptedImporter) -> (artifact id: '78dfe7715c3a9b2a83869a9b22decebd') in 0.002718041 seconds
Number of updated asset objects reloaded before import = 0Number of asset objects unloaded after import = 2

========================================================================
Received Import Request.
  Time since last request: 0.000047 seconds.
  path: Assets/Sprites/Village/Tileset/MainLevBuild_206.asset
  artifactKey: Guid(7df256e2ab0434cca8d8f4a7a90d8187) Importer(2089858483,192608db42251d675da83286b1cce702)
Start importing Assets/Sprites/Village/Tileset/MainLevBuild_206.asset using Guid(7df256e2ab0434cca8d8f4a7a90d8187) Importer(2089858483,192608db42251d675da83286b1cce702) (ScriptedImporter) -> (artifact id: '997bec7c16ee82edafad3def59301d61') in 0.002624958 seconds
Number of updated asset objects reloaded before import = 0Number of asset objects unloaded after import = 2

========================================================================
Received Import Request.
  Time since last request: 0.000034 seconds.
  path: Assets/Sprites/Village/Tileset/MainLevBuild_184.asset
  artifactKey: Guid(37aa4ede845aa49fea366250a60f8cac) Importer(2089858483,192608db42251d675da83286b1cce702)
Start importing Assets/Sprites/Village/Tileset/MainLevBuild_184.asset using Guid(37aa4ede845aa49fea366250a60f8cac) Importer(2089858483,192608db42251d675da83286b1cce702) (ScriptedImporter) -> (artifact id: 'c8c9eb3b8c5c4766cc178822d7939176') in 0.0026155 seconds
Number of updated asset objects reloaded before import = 0Number of asset objects unloaded after import = 2

========================================================================
Received Import Request.
  Time since last request: 0.000035 seconds.
  path: Assets/Sprites/Village/Tileset/MainLevBuild_99.asset
  artifactKey: Guid(bd1319ac68be84e99bf0a04d75e08786) Importer(2089858483,192608db42251d675da83286b1cce702)
Start importing Assets/Sprites/Village/Tileset/MainLevBuild_99.asset using Guid(bd1319ac68be84e99bf0a04d75e08786) Importer(2089858483,192608db42251d675da83286b1cce702) (ScriptedImporter) -> (artifact id: 'ca4d9442b00d3c71b027da5f068a97e3') in 0.002674 seconds
Number of updated asset objects reloaded before import = 0Number of asset objects unloaded after import = 2

========================================================================
Received Import Request.
  Time since last request: 0.000035 seconds.
  path: Assets/Sprites/Village/Tileset/MainLevBuild_853.asset
  artifactKey: Guid(8405d86e0bba74f4d9e9433d2aef9e40) Importer(2089858483,192608db42251d675da83286b1cce702)
Start importing Assets/Sprites/Village/Tileset/MainLevBuild_853.asset using Guid(8405d86e0bba74f4d9e9433d2aef9e40) Importer(2089858483,192608db42251d675da83286b1cce702) (ScriptedImporter) -> (artifact id: '6eb081eba6f2fd2f58ddfaad91dbfaf0') in 0.002481208 seconds
Number of updated asset objects reloaded before import = 0Number of asset objects unloaded after import = 2

========================================================================
Received Import Request.
  Time since last request: 0.000034 seconds.
  path: Assets/Sprites/Village/Tileset/MainLevBuild_588.asset
  artifactKey: Guid(91f66458bf4504ccda19cb195c99c8f5) Importer(2089858483,192608db42251d675da83286b1cce702)
Start importing Assets/Sprites/Village/Tileset/MainLevBuild_588.asset using Guid(91f66458bf4504ccda19cb195c99c8f5) Importer(2089858483,192608db42251d675da83286b1cce702) (ScriptedImporter) -> (artifact id: 'c1a6b351a68e53de9ff40f15b97f1c36') in 0.002749167 seconds
Number of updated asset objects reloaded before import = 0Number of asset objects unloaded after import = 2

========================================================================
Received Import Request.
  Time since last request: 0.000038 seconds.
  path: Assets/Sprites/Village/Tileset/MainLevBuild_650.asset
  artifactKey: Guid(bbcacc47af5614722bbed36aac1f3045) Importer(2089858483,192608db42251d675da83286b1cce702)
Start importing Assets/Sprites/Village/Tileset/MainLevBuild_650.asset using Guid(bbcacc47af5614722bbed36aac1f3045) Importer(2089858483,192608db42251d675da83286b1cce702) (ScriptedImporter) -> (artifact id: 'd242f0df272182ed6585c686dbf7f903') in 0.003994916 seconds
Number of updated asset objects reloaded before import = 0Number of asset objects unloaded after import = 2

========================================================================
Received Import Request.
  Time since last request: 0.000061 seconds.
  path: Assets/Sprites/Village/Tileset/MainLevBuild_316.asset
  artifactKey: Guid(b8f4e7bf6e3074bd2b05bc2692e3bab8) Importer(2089858483,192608db42251d675da83286b1cce702)
Start importing Assets/Sprites/Village/Tileset/MainLevBuild_316.asset using Guid(b8f4e7bf6e3074bd2b05bc2692e3bab8) Importer(2089858483,192608db42251d675da83286b1cce702) (ScriptedImporter) -> (artifact id: '0a1030c7784a562c1ce089d45fb53c20') in 0.002707917 seconds
Number of updated asset objects reloaded before import = 0Number of asset objects unloaded after import = 2

========================================================================
Received Import Request.
  Time since last request: 0.000029 seconds.
  path: Assets/Sprites/Village/Tileset/MainLevBuild_389.asset
  artifactKey: Guid(38504b598c36a44c29d6941b2e78495c) Importer(2089858483,192608db42251d675da83286b1cce702)
Start importing Assets/Sprites/Village/Tileset/MainLevBuild_389.asset using Guid(38504b598c36a44c29d6941b2e78495c) Importer(2089858483,192608db42251d675da83286b1cce702) (ScriptedImporter) -> (artifact id: 'fe714ef2b639104855e5fe8b356d7dad') in 0.002595916 seconds
Number of updated asset objects reloaded before import = 0Number of asset objects unloaded after import = 2

========================================================================
Received Import Request.
  Time since last request: 0.000035 seconds.
  path: Assets/Sprites/Village/Tileset/MainLevBuild_816.asset
  artifactKey: Guid(8ebb1348c5f15469582ebdcd223a3c59) Importer(2089858483,192608db42251d675da83286b1cce702)
Start importing Assets/Sprites/Village/Tileset/MainLevBuild_816.asset using Guid(8ebb1348c5f15469582ebdcd223a3c59) Importer(2089858483,192608db42251d675da83286b1cce702) (ScriptedImporter) -> (artifact id: 'ee1d0d92a102c011c5359819ea069522') in 0.002588792 seconds
Number of updated asset objects reloaded before import = 0Number of asset objects unloaded after import = 2

========================================================================
Received Import Request.
  Time since last request: 0.000041 seconds.
  path: Assets/Sprites/Village/Tileset/MainLevBuild_349.asset
  artifactKey: Guid(3a3b70d1644674ae885d5ff32754623e) Importer(2089858483,192608db42251d675da83286b1cce702)
Start importing Assets/Sprites/Village/Tileset/MainLevBuild_349.asset using Guid(3a3b70d1644674ae885d5ff32754623e) Importer(2089858483,192608db42251d675da83286b1cce702) (ScriptedImporter) -> (artifact id: 'f78bd38497a2397cf65722380b5bf322') in 0.002631291 seconds
Number of updated asset objects reloaded before import = 0Number of asset objects unloaded after import = 2

========================================================================
Received Import Request.
  Time since last request: 0.000060 seconds.
  path: Assets/Sprites/Village/Tileset/MainLevBuild_806.asset
  artifactKey: Guid(caaf30fc900f04707860d9de51051c1c) Importer(2089858483,192608db42251d675da83286b1cce702)
Start importing Assets/Sprites/Village/Tileset/MainLevBuild_806.asset using Guid(caaf30fc900f04707860d9de51051c1c) Importer(2089858483,192608db42251d675da83286b1cce702) (ScriptedImporter) -> (artifact id: '5470b73aa0e01430473b29236e4057f1') in 0.00254975 seconds
Number of updated asset objects reloaded before import = 0Number of asset objects unloaded after import = 2

========================================================================
Received Import Request.
  Time since last request: 0.000031 seconds.
  path: Assets/Sprites/Village/Tileset/MainLevBuild_368.asset
  artifactKey: Guid(52fa0a1901110402799b4a7397845e3e) Importer(2089858483,192608db42251d675da83286b1cce702)
Start importing Assets/Sprites/Village/Tileset/MainLevBuild_368.asset using Guid(52fa0a1901110402799b4a7397845e3e) Importer(2089858483,192608db42251d675da83286b1cce702) (ScriptedImporter) -> (artifact id: '0ceab23ffc7d89b887d81d45a5cb7909') in 0.002569458 seconds
Number of updated asset objects reloaded before import = 0Number of asset objects unloaded after import = 2

========================================================================
Received Import Request.
  Time since last request: 0.000029 seconds.
  path: Assets/Sprites/Village/Tileset/MainLevBuild_286.asset
  artifactKey: Guid(4b042ce65ff55422f87c20b812eba6f4) Importer(2089858483,192608db42251d675da83286b1cce702)
Start importing Assets/Sprites/Village/Tileset/MainLevBuild_286.asset using Guid(4b042ce65ff55422f87c20b812eba6f4) Importer(2089858483,192608db42251d675da83286b1cce702) (ScriptedImporter) -> (artifact id: 'f75211be685c5ce034f90ce2fb50adc4') in 0.002615375 seconds
Number of updated asset objects reloaded before import = 0Number of asset objects unloaded after import = 2

========================================================================
Received Import Request.
  Time since last request: 0.000039 seconds.
  path: Assets/Sprites/Village/Tileset/MainLevBuild_919.asset
  artifactKey: Guid(ca4283ccab841448d9732dc0b2934779) Importer(2089858483,192608db42251d675da83286b1cce702)
Start importing Assets/Sprites/Village/Tileset/MainLevBuild_919.asset using Guid(ca4283ccab841448d9732dc0b2934779) Importer(2089858483,192608db42251d675da83286b1cce702) (ScriptedImporter) -> (artifact id: 'baed7f803e2d2e1b708ddd01c111bc4e') in 0.002533667 seconds
Number of updated asset objects reloaded before import = 0Number of asset objects unloaded after import = 2

========================================================================
Received Import Request.
  Time since last request: 0.000034 seconds.
  path: Assets/Sprites/Village/Tileset/MainLevBuild_654.asset
  artifactKey: Guid(2a362e65ab5774fd3ad64852e4f30d0a) Importer(2089858483,192608db42251d675da83286b1cce702)
Start importing Assets/Sprites/Village/Tileset/MainLevBuild_654.asset using Guid(2a362e65ab5774fd3ad64852e4f30d0a) Importer(2089858483,192608db42251d675da83286b1cce702) (ScriptedImporter) -> (artifact id: 'ec382b16ae0aaeadcf7a04c360743de6') in 0.002628791 seconds
Number of updated asset objects reloaded before import = 0Number of asset objects unloaded after import = 2

========================================================================
Received Import Request.
  Time since last request: 0.000032 seconds.
  path: Assets/Sprites/Village/Tileset/MainLevBuild_188.asset
  artifactKey: Guid(a42d91823aa5b468cadccea0affed7f4) Importer(2089858483,192608db42251d675da83286b1cce702)
Start importing Assets/Sprites/Village/Tileset/MainLevBuild_188.asset using Guid(a42d91823aa5b468cadccea0affed7f4) Importer(2089858483,192608db42251d675da83286b1cce702) (ScriptedImporter) -> (artifact id: 'e1da8836bfa762b7faa1f82f95587c9c') in 0.002635084 seconds
Number of updated asset objects reloaded before import = 0Number of asset objects unloaded after import = 2

========================================================================
Received Import Request.
  Time since last request: 0.000048 seconds.
  path: Assets/Sprites/Village/Tileset/MainLevBuild_770.asset
  artifactKey: Guid(a3808954bc80f403a91aa9df69dce6ef) Importer(2089858483,192608db42251d675da83286b1cce702)
Start importing Assets/Sprites/Village/Tileset/MainLevBuild_770.asset using Guid(a3808954bc80f403a91aa9df69dce6ef) Importer(2089858483,192608db42251d675da83286b1cce702) (ScriptedImporter) -> (artifact id: 'fba8bcaa379438b313b69ff36efa8bf1') in 0.002740125 seconds
Number of updated asset objects reloaded before import = 0Number of asset objects unloaded after import = 2

========================================================================
Received Import Request.
  Time since last request: 0.000048 seconds.
  path: Assets/Sprites/Village/Tileset/MainLevBuild_606.asset
  artifactKey: Guid(929f3830a92874cd7a4af55e159b2b1a) Importer(2089858483,192608db42251d675da83286b1cce702)
Start importing Assets/Sprites/Village/Tileset/MainLevBuild_606.asset using Guid(929f3830a92874cd7a4af55e159b2b1a) Importer(2089858483,192608db42251d675da83286b1cce702) (ScriptedImporter) -> (artifact id: 'f637ceee702bb21d04b917aad99ce695') in 0.002577125 seconds
Number of updated asset objects reloaded before import = 0Number of asset objects unloaded after import = 2

========================================================================
Received Import Request.
  Time since last request: 0.000033 seconds.
  path: Assets/Sprites/Village/Tileset/MainLevBuild_231.asset
  artifactKey: Guid(de4c07bcc2c2f474fa107429cec314e5) Importer(2089858483,192608db42251d675da83286b1cce702)
Start importing Assets/Sprites/Village/Tileset/MainLevBuild_231.asset using Guid(de4c07bcc2c2f474fa107429cec314e5) Importer(2089858483,192608db42251d675da83286b1cce702) (ScriptedImporter) -> (artifact id: '3b4517545ec10e26775335848803c607') in 0.004191375 seconds
Number of updated asset objects reloaded before import = 0Number of asset objects unloaded after import = 2

========================================================================
Received Import Request.
  Time since last request: 0.000027 seconds.
  path: Assets/Sprites/Village/Tileset/MainLevBuild_862.asset
  artifactKey: Guid(e5a5df72ebf4f490faf4e2a107d8fd25) Importer(2089858483,192608db42251d675da83286b1cce702)
Start importing Assets/Sprites/Village/Tileset/MainLevBuild_862.asset using Guid(e5a5df72ebf4f490faf4e2a107d8fd25) Importer(2089858483,192608db42251d675da83286b1cce702) (ScriptedImporter) -> (artifact id: '9c46db60cb6d9a9e8af59c76b7846a16') in 0.00251675 seconds
Number of updated asset objects reloaded before import = 0Number of asset objects unloaded after import = 2

========================================================================
Received Import Request.
  Time since last request: 0.000036 seconds.
  path: Assets/Sprites/Village/Tileset/MainLevBuild_594.asset
  artifactKey: Guid(baa9d7e789a67428b85f97814d150e64) Importer(2089858483,192608db42251d675da83286b1cce702)
Start importing Assets/Sprites/Village/Tileset/MainLevBuild_594.asset using Guid(baa9d7e789a67428b85f97814d150e64) Importer(2089858483,192608db42251d675da83286b1cce702) (ScriptedImporter) -> (artifact id: 'd0c250c07efae87b287b2b4d26392d7d') in 0.00287975 seconds
Number of updated asset objects reloaded before import = 0Number of asset objects unloaded after import = 2

========================================================================
Received Import Request.
  Time since last request: 0.000037 seconds.
  path: Assets/Sprites/Village/Tileset/MainLevBuild_792.asset
  artifactKey: Guid(ad1b4fa89f6c340ed94c1057ab9eac2b) Importer(2089858483,192608db42251d675da83286b1cce702)
Start importing Assets/Sprites/Village/Tileset/MainLevBuild_792.asset using Guid(ad1b4fa89f6c340ed94c1057ab9eac2b) Importer(2089858483,192608db42251d675da83286b1cce702) (ScriptedImporter) -> (artifact id: '8f4f20d2dac99faabb020ac105f311c3') in 0.002684459 seconds
Number of updated asset objects reloaded before import = 0Number of asset objects unloaded after import = 2

========================================================================
Received Import Request.
  Time since last request: 0.000044 seconds.
  path: Assets/Sprites/Village/Tileset/MainLevBuild_65.asset
  artifactKey: Guid(33d842e98a71e40f78e284991bfa6abf) Importer(2089858483,192608db42251d675da83286b1cce702)
Start importing Assets/Sprites/Village/Tileset/MainLevBuild_65.asset using Guid(33d842e98a71e40f78e284991bfa6abf) Importer(2089858483,192608db42251d675da83286b1cce702) (ScriptedImporter) -> (artifact id: 'a0e885e0f0e77c380bb73d3f72d79a9c') in 0.00263575 seconds
Number of updated asset objects reloaded before import = 0Number of asset objects unloaded after import = 2

========================================================================
Received Import Request.
  Time since last request: 0.000075 seconds.
  path: Assets/Sprites/Village/Tileset/MainLevBuild_718.asset
  artifactKey: Guid(ae705a65c002e41889abadea653963f4) Importer(2089858483,192608db42251d675da83286b1cce702)
Start importing Assets/Sprites/Village/Tileset/MainLevBuild_718.asset using Guid(ae705a65c002e41889abadea653963f4) Importer(2089858483,192608db42251d675da83286b1cce702) (ScriptedImporter) -> (artifact id: '55cf6f96b1eb3ec822c7ece6bc369a98') in 0.00268925 seconds
Number of updated asset objects reloaded before import = 0Number of asset objects unloaded after import = 2

========================================================================
Received Import Request.
  Time since last request: 0.000035 seconds.
  path: Assets/Sprites/Village/Tileset/MainLevBuild_838.asset
  artifactKey: Guid(3422fff3fd97a4481bccf51215ccb4c5) Importer(2089858483,192608db42251d675da83286b1cce702)
Start importing Assets/Sprites/Village/Tileset/MainLevBuild_838.asset using Guid(3422fff3fd97a4481bccf51215ccb4c5) Importer(2089858483,192608db42251d675da83286b1cce702) (ScriptedImporter) -> (artifact id: 'b0a92ab148070aaf7c892e28f4f22785') in 0.002486541 seconds
Number of updated asset objects reloaded before import = 0Number of asset objects unloaded after import = 2

========================================================================
Received Import Request.
  Time since last request: 0.000033 seconds.
  path: Assets/Sprites/Village/Tileset/MainLevBuild_873.asset
  artifactKey: Guid(6904392f7806c46f4a2e8914dce1c63c) Importer(2089858483,192608db42251d675da83286b1cce702)
Start importing Assets/Sprites/Village/Tileset/MainLevBuild_873.asset using Guid(6904392f7806c46f4a2e8914dce1c63c) Importer(2089858483,192608db42251d675da83286b1cce702) (ScriptedImporter) -> (artifact id: 'dda5ae38717d6cc558c018dbc5e13b4e') in 0.002700833 seconds
Number of updated asset objects reloaded before import = 0Number of asset objects unloaded after import = 2

========================================================================
Received Import Request.
  Time since last request: 0.000033 seconds.
  path: Assets/Sprites/Village/Tileset/MainLevBuild_192.asset
  artifactKey: Guid(70c2ea4848c7841a9bf8300f79a31f2f) Importer(2089858483,192608db42251d675da83286b1cce702)
Start importing Assets/Sprites/Village/Tileset/MainLevBuild_192.asset using Guid(70c2ea4848c7841a9bf8300f79a31f2f) Importer(2089858483,192608db42251d675da83286b1cce702) (ScriptedImporter) -> (artifact id: '1cb0ad377a14ec46b1b2b01e68642988') in 0.003347875 seconds
Number of updated asset objects reloaded before import = 0Number of asset objects unloaded after import = 2

========================================================================
Received Import Request.
  Time since last request: 0.000032 seconds.
  path: Assets/Sprites/Village/Tileset/MainLevBuild_153.asset
  artifactKey: Guid(246b5f45f8f424a74b7613916016f3d3) Importer(2089858483,192608db42251d675da83286b1cce702)
Start importing Assets/Sprites/Village/Tileset/MainLevBuild_153.asset using Guid(246b5f45f8f424a74b7613916016f3d3) Importer(2089858483,192608db42251d675da83286b1cce702) (ScriptedImporter) -> (artifact id: '6ad38c41b543762c34dcc360a84d79ac') in 0.002455959 seconds
Number of updated asset objects reloaded before import = 0Number of asset objects unloaded after import = 2

========================================================================
Received Import Request.
  Time since last request: 0.000033 seconds.
  path: Assets/Sprites/Village/Tileset/MainLevBuild_218.asset
  artifactKey: Guid(54cf11bfdfba646ef94d180c1b41b144) Importer(2089858483,192608db42251d675da83286b1cce702)
Start importing Assets/Sprites/Village/Tileset/MainLevBuild_218.asset using Guid(54cf11bfdfba646ef94d180c1b41b144) Importer(2089858483,192608db42251d675da83286b1cce702) (ScriptedImporter) -> (artifact id: 'ec849156d79e4179437e8511e6aad109') in 0.002627292 seconds
Number of updated asset objects reloaded before import = 0Number of asset objects unloaded after import = 2

========================================================================
Received Import Request.
  Time since last request: 0.000046 seconds.
  path: Assets/Sprites/Village/Tileset/MainLevBuild_646.asset
  artifactKey: Guid(34377592adb234d54a4c065ad873c7c2) Importer(2089858483,192608db42251d675da83286b1cce702)
Start importing Assets/Sprites/Village/Tileset/MainLevBuild_646.asset using Guid(34377592adb234d54a4c065ad873c7c2) Importer(2089858483,192608db42251d675da83286b1cce702) (ScriptedImporter) -> (artifact id: 'e54f09402e3c8229685150073c86ff57') in 0.002470291 seconds
Number of updated asset objects reloaded before import = 0Number of asset objects unloaded after import = 2

Editor requested this worker to shutdown with reason: Scaling down because of idle timeout
AssetImportWorker is now disconnected from the server
Process exiting
